id_pelanggan,umur,jenis_kelamin,kota,paket,kecepatan_mbps,kontrak,lama_langganan_bulan,biaya_bulanan_ribu,total_tagihan_ribu,metode_bayar,autodebet,pakai_tv_kabel,gangguan_per_bulan,jumlah_keluhan_3bln,skor_kepuasan,tanggal_daftar,negara,churn
PLG-10001,44.0,Perempuan,Bandung,Standar,30,Bulanan,11,416,4632.0,Minimarket,Tidak,Ya,1.4,1,5.0,2025-07-03,Indonesia,1
PLG-10002,61.0,Laki-laki,Yogyakarta,Standar,30,2 Tahun,15,325,4644.0,Minimarket,Tidak,Tidak,0.5,0,10.0,2025-03-05,Indonesia,0
PLG-10003,49.0,Perempuan,Semarang,Basic,10,Tahunan,19,169,3295.0,E-Wallet,Tidak,Tidak,2.4,2,7.0,2024-11-11,Indonesia,0
PLG-10005,33.0,Laki-laki,Jakarta,Standar,30,Tahunan,46,315,13799.0,Transfer Bank,Ya,Tidak,0.9,0,6.0,2022-08-06,Indonesia,0
PLG-10006,35.0,Laki-laki,Semarang,Standar,30,Tahunan,15,344,5352.0,E-Wallet,Ya,Tidak,1.2,0,10.0,2025-03-12,Indonesia,0
PLG-10007,40.0,Perempuan,Surabaya,Premium,100,Bulanan,7,619,4371.0,Transfer Bank,Ya,Ya,0.8,3,,2025-11-13,Indonesia,1
PLG-10008,51.0,Laki-laki,Jakarta,Standar,30,Bulanan,21,336,7106.0,Kartu Kredit,Tidak,Tidak,1.9,3,5.0,2024-09-23,Indonesia,1
PLG-10009,37.0,Laki-laki,Semarang,Premium,100,Bulanan,31,560,16703.0,E-Wallet,Tidak,Tidak,0.4,0,8.0,2023-11-05,Indonesia,0
PLG-10010,,Laki-laki,Medan,Premium,100,2 Tahun,28,545,15041.0,Kartu Kredit,Ya,Tidak,2.6,2,5.0,2024-02-29,Indonesia,0
PLG-10011,32.0,Laki-laki,Medan,Premium,100,Bulanan,11,564,6416.0,E-Wallet,Tidak,Tidak,3.6,3,4.0,2025-07-19,Indonesia,1
PLG-10012,50.0,Perempuan,Yogyakarta,Standar,30,Bulanan,3,359,1070.0,E-Wallet,Tidak,Tidak,1.5,0,8.0,2026-03-11,Indonesia,1
PLG-10013,27.0,Perempuan,Jakarta,Basic,10,Tahunan,23,162,3892.0,Minimarket,Tidak,Tidak,3.2,2,9.0,2024-07-26,Indonesia,0
PLG-10014,36.0,Laki-laki,Jakarta,Basic,10,Tahunan,15,217,3252.0,Kartu Kredit,Ya,Tidak,0.6,1,8.0,2025-03-06,Indonesia,0
PLG-10015,31.0,Laki-laki,Makassar,Standar,30,2 Tahun,15,322,4935.0,E-Wallet,Tidak,Tidak,1.7,0,7.0,2025-03-04,Indonesia,0
PLG-10016,40.0,Perempuan,Jakarta,Premium,100,2 Tahun,24,633,15255.0,Minimarket,Tidak,Ya,2.9,1,,2024-06-03,Indonesia,0
PLG-10017,27.0,Perempuan,Surabaya,Basic,10,Bulanan,11,286,3272.0,E-Wallet,Tidak,Ya,0.7,1,8.0,2025-07-09,Indonesia,0
PLG-10019,34.0,Perempuan,Bandung,Standar,30,Tahunan,7,425,2843.0,Minimarket,Tidak,Ya,0.9,1,8.0,2025-11-12,Indonesia,0
PLG-10020,29.0,Perempuan,Yogyakarta,Premium,100,Tahunan,6,638,3696.0,Kartu Kredit,Ya,Ya,1.5,4,6.0,2025-12-07,Indonesia,1
PLG-10022,49.0,Perempuan,Denpasar,Standar,30,2 Tahun,29,424,12407.0,Transfer Bank,Ya,Ya,2.8,1,,2024-01-28,Indonesia,0
PLG-10023,63.0,Laki-laki,Denpasar,Standar,30,Tahunan,7,313,2224.0,E-Wallet,Tidak,Tidak,0.7,1,7.0,2025-11-03,Indonesia,0
PLG-10025,35.0,Perempuan,Yogyakarta,Basic,10,Bulanan,16,208,3310.0,Minimarket,Tidak,Tidak,1.4,0,8.0,2025-02-07,Indonesia,0
PLG-10028,19.0,Perempuan,Surabaya,Basic,10,2 Tahun,62,175,10318.0,Minimarket,Tidak,Tidak,0.3,1,6.0,2021-04-22,Indonesia,0
PLG-10029,44.0,Perempuan,Surabaya,Basic,10,2 Tahun,7,178,1306.0,E-Wallet,Tidak,Tidak,1.2,0,8.0,2025-11-22,Indonesia,0
PLG-10030,46.0,Perempuan,Jakarta,Premium,100,Bulanan,12,560,6579.0,Transfer Bank,Tidak,Tidak,3.1,2,7.0,2025-06-08,Indonesia,1
PLG-10031,,Laki-laki,Jakarta,Standar,30,Tahunan,7,340,2425.0,Minimarket,Tidak,Tidak,0.8,0,9.0,2025-11-04,Indonesia,0
PLG-10032,,Perempuan,denpasar,Standar,30,Bulanan,5,314,1559.0,E-Wallet,Ya,Tidak,2.4,1,4.0,2026-01-21,Indonesia,1
PLG-10033,35.0,Laki-laki,semarang,Standar,30,Bulanan,12,323,3865.0,Minimarket,Tidak,Tidak,0.9,2,5.0,2025-06-10,Indonesia,1
PLG-10034,33.0,Laki-laki,Medan,Standar,30,Bulanan,3,401,1163.0,Kartu Kredit,Ya,Ya,1.8,2,7.0,2026-03-16,Indonesia,1
PLG-10035,50.0,Laki-laki,Jakarta,Standar,30,Tahunan,6,345,1981.0,E-Wallet,Tidak,Tidak,0.9,0,7.0,2025-12-22,Indonesia,0
PLG-10036,36.0,Perempuan,Yogyakarta,Standar,30,Bulanan,9,408,3733.0,E-Wallet,Ya,Ya,1.5,0,8.0,2025-09-03,Indonesia,0
PLG-10037,,Laki-laki,Bandung,Basic,10,2 Tahun,61,184,11577.0,Minimarket,Tidak,Tidak,0.2,0,7.0,2021-05-17,Indonesia,0
PLG-10038,46.0,Perempuan,Yogyakarta,Standar,30,Tahunan,30,324,9737.0,Kartu Kredit,Ya,Tidak,2.9,0,5.0,2023-12-21,Indonesia,0
PLG-10039,37.0,Perempuan,Surabaya,Standar,30,Tahunan,15,343,5303.0,E-Wallet,Ya,Tidak,2.6,1,6.0,2025-03-24,Indonesia,0
PLG-10041,66.0,Perempuan,Bandung,Premium,100,Bulanan,12,560,6529.0,E-Wallet,Tidak,Tidak,2.4,0,,2025-06-18,Indonesia,1
PLG-10042,32.0,Perempuan,Medan,Standar,30,Tahunan,42,412,16875.0,Transfer Bank,Tidak,Ya,2.8,0,7.0,2022-12-13,Indonesia,0
PLG-10044,28.0,Perempuan,Bandung,Premium,100,Tahunan,1,546,572.0,E-Wallet,Tidak,Tidak,2.3,1,4.0,2026-05-27,Indonesia,1
PLG-10047,43.0,Perempuan,Jakarta,Basic,10,Tahunan,8,190,1569.0,E-Wallet,Tidak,Tidak,1.2,1,6.0,2025-10-09,Indonesia,0
PLG-10049,43.0,Laki-laki,Semarang,Premium,100,Tahunan,22,623,13158.0,,Tidak,Ya,2.9,2,5.0,2024-08-19,Indonesia,0
PLG-10051,28.0,Laki-laki,Jakarta,Basic,10,Bulanan,17,192,3169.0,Kartu Kredit,Tidak,Tidak,1.9,1,4.0,2025-01-06,Indonesia,0
PLG-10052,45.0,Perempuan,Bandung,Standar,30,2 Tahun,16,418,6362.0,Transfer Bank,Tidak,Ya,3.5,1,,2025-02-22,Indonesia,1
PLG-10053,35.0,Perempuan,Jakarta,Basic,10,Tahunan,46,174,8115.0,Minimarket,Tidak,Tidak,1.2,1,7.0,2022-08-23,Indonesia,0
PLG-10054,52.0,Perempuan,Makassar,Standar,30,2 Tahun,72,317,,Kartu Kredit,Tidak,Tidak,2.0,1,7.0,2020-06-12,Indonesia,0
PLG-10055,32.0,Laki-laki,Jakarta,Standar,30,Bulanan,3,319,947.0,E-Wallet,Ya,Tidak,1.6,0,,2026-03-30,Indonesia,0
PLG-10056,34.0,Perempuan,Jakarta,Premium,100,Tahunan,38,550,21463.0,Minimarket,Tidak,Tidak,2.2,1,6.0,2023-04-18,Indonesia,0
PLG-10057,29.0,Laki-laki,Makassar,Basic,10,2 Tahun,8,206,1663.0,Minimarket,Tidak,Tidak,6.0,3,4.0,2025-10-20,Indonesia,0
PLG-10058,71.0,Perempuan,Semarang,Basic,10,Tahunan,21,196,4120.0,Transfer Bank,Ya,Tidak,1.4,1,8.0,2024-09-13,Indonesia,0
PLG-10059,30.0,Laki-laki,Yogyakarta,Basic,10,Bulanan,9,211,1898.0,Kartu Kredit,Tidak,Tidak,5.7,4,1.0,2025-09-27,Indonesia,1
PLG-10062,47.0,Perempuan,Jakarta,Premium,100,Bulanan,1,650,658.0,Minimarket,Tidak,Ya,2.0,2,6.0,2026-05-22,Indonesia,1
PLG-10063,28.0,Perempuan,Makassar,Basic,10,Bulanan,26,222,5940.0,E-Wallet,Tidak,Tidak,1.2,0,,2024-04-03,Indonesia,0
PLG-10063,28.0,Perempuan,Makassar,Basic,10,Bulanan,26,222,5940.0,E-Wallet,Tidak,Tidak,1.2,0,,2024-04-03,Indonesia,0
PLG-10064,30.0,Perempuan,Surabaya,Premium,100,2 Tahun,14,540,7809.0,E-Wallet,Ya,Tidak,1.9,1,7.0,2025-04-03,Indonesia,0
PLG-10066,56.0,Perempuan,Makassar,Basic,10,Tahunan,32,204,6845.0,E-Wallet,Tidak,Tidak,3.7,2,6.0,2023-10-30,Indonesia,0
PLG-10067,45.0,Laki-laki,Medan,Basic,10,Bulanan,8,311,2496.0,Minimarket,Tidak,Ya,1.6,2,6.0,2025-10-13,Indonesia,0
PLG-10068,48.0,Laki-laki,Jakarta,Standar,30,2 Tahun,57,404,22919.0,E-Wallet,Tidak,Ya,2.3,2,7.0,2021-09-22,Indonesia,0
PLG-10070,48.0,Perempuan,Medan,Basic,10,Tahunan,6,197,1233.0,E-Wallet,Tidak,Tidak,1.7,0,6.0,2025-12-27,Indonesia,0
PLG-10073,64.0,Laki-laki,Yogyakarta,Premium,100,Bulanan,14,613,8439.0,Minimarket,Tidak,Ya,2.1,1,4.0,2025-04-08,Indonesia,1
PLG-10074,24.0,Perempuan,Jakarta,Premium,100,Bulanan,19,547,10798.0,Transfer Bank,Tidak,Tidak,0.9,2,5.0,2024-11-18,Indonesia,1
PLG-10075,30.0,Perempuan,Surabaya,Premium,100,Bulanan,3,559,1728.0,Minimarket,Tidak,Tidak,1.4,2,7.0,2026-03-18,Indonesia,1
PLG-10076,30.0,Perempuan,Denpasar,Premium,100,Tahunan,4,558,2211.0,Kartu Kredit,Ya,Tidak,2.8,1,7.0,2026-02-22,Indonesia,0
PLG-10077,23.0,Perempuan,Jakarta,Basic,10,Bulanan,4,192,785.0,Transfer Bank,Tidak,Tidak,2.1,0,6.0,2026-02-23,Indonesia,0
PLG-10078,42.0,Laki-laki,Makassar,Standar,30,Tahunan,51,315,15265.0,E-Wallet,Ya,Tidak,0.8,0,,2022-03-30,Indonesia,0
PLG-10080,43.0,Laki-laki,Semarang,Basic,10,Tahunan,16,183,2795.0,Transfer Bank,Ya,Tidak,0.3,0,9.0,2025-02-05,Indonesia,0
PLG-10081,40.0,Perempuan,Bandung,Basic,10,Bulanan,11,208,2373.0,Kartu Kredit,Ya,Tidak,0.1,2,,2025-07-11,Indonesia,0
PLG-10082,34.0,Perempuan,Semarang,Premium,100,2 Tahun,57,541,30107.0,Kartu Kredit,Ya,Tidak,2.5,2,5.0,2021-09-10,Indonesia,0
PLG-10083,,Laki-laki,Medan,Basic,10,Bulanan,10,197,2041.0,E-Wallet,Tidak,Tidak,1.8,0,8.0,2025-08-22,Indonesia,0
PLG-10084,71.0,Laki-laki,Semarang,Premium,100,Bulanan,13,548,7293.0,Kartu Kredit,Tidak,Tidak,1.0,0,8.0,2025-05-19,Indonesia,1
PLG-10086,27.0,Laki-laki,Semarang,Standar,30,Tahunan,23,339,7436.0,Minimarket,Tidak,Tidak,0.6,0,5.0,2024-07-28,Indonesia,0
PLG-10087,32.0,Laki-laki,Makassar,Standar,30,Bulanan,11,412,4361.0,Transfer Bank,Tidak,Ya,9.8,4,1.0,2025-07-27,Indonesia,1
PLG-10089,42.0,Laki-laki,Yogyakarta,Standar,30,Bulanan,7,321,2290.0,E-Wallet,Tidak,Tidak,0.9,0,8.0,2025-11-28,Indonesia,1
PLG-10090,18.0,Perempuan,Medan,Basic,10,Tahunan,40,202,7834.0,E-Wallet,Tidak,Tidak,2.5,1,8.0,2023-02-09,Indonesia,0
PLG-10092,35.0,Perempuan,Bandung,Basic,10,Bulanan,7,185,1233.0,E-Wallet,Tidak,Tidak,1.9,1,6.0,2025-11-23,Indonesia,1
PLG-10093,45.0,Perempuan,Medan,Standar,30,2 Tahun,47,411,18407.0,E-Wallet,Tidak,Ya,2.3,1,9.0,2022-07-27,Indonesia,0
PLG-10094,18.0,Laki-laki,Bandung,Premium,100,Bulanan,7,570,4039.0,Transfer Bank,Ya,Tidak,4.4,4,6.0,2025-11-26,Indonesia,1
PLG-10095,37.0,Perempuan,Bandung,Basic,10,Bulanan,12,199,2285.0,Minimarket,Tidak,Tidak,0.3,2,,2025-06-27,Indonesia,0
PLG-10096,37.0,Perempuan,Yogyakarta,Standar,30,Bulanan,33,396,13508.0,Kartu Kredit,Ya,Ya,4.1,1,6.0,2023-09-27,Indonesia,0
PLG-10100,41.0,Perempuan,Yogyakarta,Standar,30,Tahunan,17,333,5501.0,Minimarket,Tidak,Tidak,3.5,1,8.0,2025-01-13,Indonesia,0
PLG-10101,23.0,Laki-laki,Medan,Standar,30,Bulanan,19,408,8128.0,E-Wallet,Tidak,Ya,4.5,4,4.0,2024-11-08,Indonesia,1
PLG-10102,23.0,Perempuan,Surabaya,Standar,30,2 Tahun,9,411,3805.0,E-Wallet,Ya,Ya,0.8,0,7.0,2025-09-13,Indonesia,0
PLG-10103,41.0,Perempuan,Yogyakarta,Standar,30,Tahunan,27,328,9000.0,Minimarket,Tidak,Tidak,2.9,0,7.0,2024-03-28,Indonesia,0
PLG-10104,33.0,Laki-laki,Semarang,Basic,10,Tahunan,19,203,3721.0,Transfer Bank,Ya,Tidak,0.3,0,6.0,2024-11-29,Indonesia,0
PLG-10105,35.0,Laki-laki,Bandung,Premium,100,Tahunan,3,564,1675.0,E-Wallet,Tidak,Tidak,0.7,1,8.0,2026-03-11,Indonesia,0
PLG-10107,54.0,Perempuan,Medan,Premium,100,Bulanan,3,540,1567.0,Transfer Bank,Ya,Tidak,0.9,0,9.0,2026-03-09,Indonesia,0
PLG-10108,44.0,Perempuan,Medan,Standar,30,Bulanan,12,317,3977.0,Minimarket,Tidak,Tidak,4.4,4,4.0,2025-06-20,Indonesia,1
PLG-10109,23.0,Perempuan,Medan,Basic,10,Bulanan,13,205,2722.0,Minimarket,Tidak,Tidak,1.3,0,,2025-05-20,Indonesia,0
PLG-10110,46.0,Laki-laki,Yogyakarta,Standar,30,Tahunan,43,335,14678.0,E-Wallet,Tidak,Tidak,0.3,2,6.0,2022-11-15,Indonesia,0
PLG-10111,28.0,Laki-laki,Bandung,Standar,30,Bulanan,7,309,2131.0,Minimarket,Tidak,Tidak,0.1,1,10.0,2025-11-15,Indonesia,0
PLG-10112,26.0,Perempuan,Surabaya,Standar,30,Bulanan,8,324,2648.0,Kartu Kredit,Ya,Tidak,1.2,1,7.0,2025-10-15,Indonesia,0
PLG-10114,38.0,Laki-laki,Yogyakarta,Basic,10,2 Tahun,18,281,5032.0,Minimarket,Tidak,Ya,0.8,0,7.0,2024-12-21,Indonesia,0
PLG-10115,23.0,Laki-laki,Bandung,Basic,10,Bulanan,6,199,1170.0,E-Wallet,Tidak,Tidak,0.5,0,10.0,2025-12-17,Indonesia,0
PLG-10116,54.0,Laki-laki,Medan,Standar,30,2 Tahun,25,336,8423.0,E-Wallet,Tidak,Tidak,1.4,1,9.0,2024-05-11,Indonesia,0
PLG-10117,31.0,Laki-laki,Jakarta,Standar,30,2 Tahun,67,331,22367.0,Transfer Bank,Ya,Tidak,0.1,1,7.0,2020-11-03,Indonesia,0
PLG-10118,49.0,Laki-laki,Yogyakarta,Premium,100,2 Tahun,33,545,17393.0,Kartu Kredit,Ya,Tidak,3.9,3,3.0,2023-09-29,Indonesia,0
PLG-10119,21.0,Perempuan,Surabaya,Basic,10,Tahunan,18,184,3392.0,Minimarket,Tidak,Tidak,3.2,0,8.0,2024-12-25,Indonesia,0
PLG-10120,40.0,Laki-laki,Medan,Standar,30,2 Tahun,32,434,14167.0,Minimarket,Tidak,Ya,9.1,4,4.0,2023-10-04,Indonesia,0
PLG-10121,25.0,Laki-laki,Jakarta,Premium,100,Bulanan,6,557,3292.0,E-Wallet,Ya,Tidak,2.5,1,7.0,2025-12-19,Indonesia,1
PLG-10122,20.0,Perempuan,Denpasar,Standar,30,2 Tahun,2,327,655.0,Minimarket,Tidak,Tidak,0.6,0,4.0,2026-04-17,Indonesia,0
PLG-10124,30.0,Laki-laki,Makassar,Standar,30,Tahunan,68,315,22085.0,E-Wallet,Tidak,Tidak,6.4,1,6.0,2020-10-23,Indonesia,0
PLG-10125,30.0,Perempuan,Medan,Standar,30,Tahunan,27,433,11297.0,E-Wallet,Tidak,Ya,6.1,1,,2024-03-03,Indonesia,0
PLG-10126,37.0,Perempuan,Bandung,Basic,10,Tahunan,14,204,2722.0,Transfer Bank,Ya,Tidak,1.9,0,8.0,2025-04-15,Indonesia,0
PLG-10127,51.0,Perempuan,Jakarta,Basic,10,2 Tahun,23,184,4045.0,Minimarket,Tidak,Tidak,0.3,0,10.0,2024-07-20,Indonesia,0
PLG-10128,38.0,Perempuan,Denpasar,Premium,100,2 Tahun,64,556,36693.0,Transfer Bank,Tidak,Tidak,3.5,3,7.0,2021-02-14,Indonesia,0
PLG-10132,31.0,Laki-laki,Bandung,Standar,30,Bulanan,3,402,1208.0,Transfer Bank,Tidak,Ya,2.2,2,7.0,2026-03-31,Indonesia,1
PLG-10135,,Laki-laki,Surabaya,Basic,10,2 Tahun,8,194,1608.0,Transfer Bank,Ya,Tidak,1.2,0,8.0,2025-10-26,Indonesia,0
PLG-10136,43.0,Laki-laki,Jakarta,Premium,100,Tahunan,20,627,11986.0,,Ya,Ya,0.8,1,7.0,2024-10-22,Indonesia,0
PLG-10138,39.0,Laki-laki,Jakarta,Basic,10,Tahunan,7,179,1248.0,Transfer Bank,Tidak,Tidak,2.0,2,8.0,2025-11-16,Indonesia,0
PLG-10139,32.0,Laki-laki,Denpasar,Standar,30,Bulanan,5,403,2080.0,E-Wallet,Tidak,Ya,2.9,4,5.0,2026-01-13,Indonesia,1
PLG-10140,39.0,Laki-laki,Surabaya,Basic,10,Tahunan,10,198,1996.0,E-Wallet,Ya,Tidak,1.8,1,4.0,2025-08-17,Indonesia,0
PLG-10141,48.0,Laki-laki,Makassar,Premium,100,Tahunan,19,554,10431.0,Transfer Bank,Ya,Tidak,1.2,1,5.0,2024-11-13,Indonesia,0
PLG-10142,43.0,Perempuan,Jakarta,Basic,10,2 Tahun,72,218,15288.0,Transfer Bank,Tidak,Tidak,1.3,0,8.0,2020-06-29,Indonesia,0
PLG-10143,36.0,Laki-laki,Bandung,Basic,10,Bulanan,2,264,552.0,E-Wallet,Tidak,Ya,3.9,2,4.0,2026-04-22,Indonesia,1
PLG-10145,27.0,Laki-laki,Medan,Standar,30,Bulanan,17,326,5481.0,E-Wallet,Tidak,Tidak,1.3,0,9.0,2025-01-05,Indonesia,0
PLG-10149,37.0,Laki-laki,Medan,Basic,10,Bulanan,5,185,960.0,E-Wallet,Ya,Tidak,1.9,1,7.0,2026-01-03,Indonesia,0
PLG-10150,51.0,Laki-laki,Jakarta,Basic,10,Bulanan,39,283,11559.0,E-Wallet,Tidak,Ya,6.2,2,5.0,2023-03-19,Indonesia,1
PLG-10151,34.0,Perempuan,Semarang,Standar,30,Bulanan,11,334,3618.0,Minimarket,Tidak,Tidak,3.8,1,6.0,2025-07-07,Indonesia,0
PLG-10154,38.0,Laki-laki,Jakarta,Standar,30,Bulanan,25,318,8233.0,,Tidak,Tidak,1.4,2,8.0,2024-05-09,Indonesia,0
PLG-10155,48.0,Perempuan,Jakarta,Standar,30,Bulanan,7,403,2827.0,E-Wallet,Tidak,Ya,1.6,1,8.0,2025-11-09,Indonesia,1
PLG-10158,29.0,Laki-laki,Jakarta,Premium,100,Tahunan,15,630,9806.0,Kartu Kredit,Ya,Ya,0.4,0,8.0,2025-03-10,Indonesia,0
PLG-10159,48.0,Perempuan,Surabaya,Premium,100,Tahunan,4,551,2158.0,E-Wallet,Ya,Tidak,2.7,3,,2026-02-26,Indonesia,1
PLG-10161,34.0,Laki-laki,Yogyakarta,Standar,30,Tahunan,16,419,6719.0,Transfer Bank,Ya,Ya,0.3,0,8.0,2025-02-10,Indonesia,0
PLG-10164,39.0,Perempuan,Bandung,Standar,30,Tahunan,18,420,7567.0,Transfer Bank,Ya,Ya,2.4,3,4.0,2024-12-07,Indonesia,0
PLG-10165,50.0,Laki-laki,Surabaya,Premium,100,2 Tahun,52,541,26984.0,Minimarket,Tidak,Tidak,0.9,2,7.0,2022-02-17,Indonesia,0
PLG-10166,51.0,Laki-laki,Bandung,Basic,10,Bulanan,17,197,3200.0,Minimarket,Tidak,Tidak,0.8,1,7.0,2025-01-02,Indonesia,0
PLG-10167,18.0,Perempuan,Jakarta,Basic,10,Bulanan,30,189,5450.0,E-Wallet,Ya,Tidak,0.9,0,9.0,2023-12-19,Indonesia,0
PLG-10168,48.0,Laki-laki,Bandung,Standar,30,Tahunan,16,408,6261.0,Transfer Bank,Tidak,Ya,1.6,1,9.0,2025-02-14,Indonesia,0
PLG-10169,38.0,Laki-laki,Jakarta,Basic,10,2 Tahun,55,173,9956.0,E-Wallet,Tidak,Tidak,2.7,2,8.0,2021-11-10,Indonesia,0
PLG-10170,36.0,Laki-laki,Medan,Premium,100,Tahunan,72,644,45958.0,Transfer Bank,Tidak,Ya,7.3,4,4.0,2020-06-04,Indonesia,1
PLG-10171,51.0,Laki-laki,Bandung,Standar,30,Bulanan,7,405,2876.0,Minimarket,Tidak,Ya,1.2,0,,2025-11-24,Indonesia,0
PLG-10172,20.0,Laki-laki,Semarang,Standar,30,Tahunan,37,410,14537.0,Kartu Kredit,Ya,Ya,3.2,2,6.0,2023-05-15,Indonesia,0
PLG-10173,,Perempuan,Jakarta,Standar,30,Bulanan,8,330,2666.0,Transfer Bank,Ya,Tidak,3.3,2,,2025-10-08,Indonesia,1
PLG-10174,,Perempuan,Surabaya,Standar,30,Tahunan,72,419,31065.0,Kartu Kredit,Ya,Ya,3.0,2,6.0,2020-06-12,Indonesia,0
PLG-10175,40.0,Laki-laki,Surabaya,Standar,30,Bulanan,18,404,7245.0,Transfer Bank,Tidak,Ya,1.8,1,9.0,2024-12-29,Indonesia,0
PLG-10176,21.0,Perempuan,Medan,Basic,10,Bulanan,6,282,1653.0,E-Wallet,Ya,Ya,1.0,0,8.0,2025-12-06,Indonesia,0
PLG-10179,36.0,Perempuan,Medan,Basic,10,Tahunan,59,203,11871.0,Minimarket,Tidak,Tidak,2.0,0,6.0,2021-07-14,Indonesia,0
PLG-10182,44.0,Laki-laki,Medan,Standar,30,Bulanan,9,380,3287.0,E-Wallet,Tidak,Ya,4.4,3,5.0,2025-09-27,Indonesia,1
PLG-10183,31.0,Perempuan,Surabaya,Basic,10,Tahunan,10,192,1944.0,Transfer Bank,Ya,Tidak,1.7,0,8.0,2025-08-15,Indonesia,0
PLG-10184,71.0,Laki-laki,Jakarta,Basic,10,Tahunan,66,277,17918.0,E-Wallet,Tidak,Ya,1.8,1,7.0,2020-12-11,Indonesia,0
PLG-10185,21.0,Laki-laki,Jakarta,Premium,100,Tahunan,22,635,13734.0,E-Wallet,Tidak,Ya,1.0,1,8.0,2024-08-07,Indonesia,0
PLG-10187,18.0,Perempuan,BANDUNG,Standar,30,Tahunan,11,424,4784.0,E-Wallet,Ya,Ya,1.3,2,7.0,2025-07-17,Indonesia,0
PLG-10189,24.0,Laki-laki,Surabaya,Standar,30,Bulanan,25,329,8554.0,Kartu Kredit,Tidak,Tidak,1.8,2,6.0,2024-05-26,Indonesia,0
PLG-10190,33.0,Laki-laki,Jakarta,Basic,10,Bulanan,6,185,1131.0,Transfer Bank,Ya,Tidak,1.7,1,10.0,2025-12-19,Indonesia,0
PLG-10191,32.0,Perempuan,bandung,Basic,10,Bulanan,25,186,4791.0,E-Wallet,Tidak,Tidak,1.2,0,10.0,2024-05-22,Indonesia,0
PLG-10192,,Laki-laki,Surabaya,Premium,100,Bulanan,15,634,9852.0,Minimarket,Tidak,Ya,2.6,3,4.0,2025-03-30,Indonesia,1
PLG-10194,40.0,Laki-laki,Denpasar,Premium,100,Tahunan,26,552,13797.0,Transfer Bank,Tidak,Tidak,1.4,2,7.0,2024-04-05,Indonesia,0
PLG-10195,34.0,Laki-laki,Jakarta,Basic,10,Bulanan,5,285,1464.0,Transfer Bank,Ya,Ya,1.4,2,8.0,2026-01-27,Indonesia,0
PLG-10196,31.0,Perempuan,Bandung,Standar,30,Tahunan,31,436,13423.0,Transfer Bank,Tidak,Ya,1.3,0,8.0,2023-11-20,Indonesia,0
PLG-10197,39.0,Perempuan,Makassar,Basic,10,Bulanan,12,200,2485.0,E-Wallet,Ya,Tidak,1.9,1,8.0,2025-06-23,Indonesia,0
PLG-10199,42.0,Laki-laki,Surabaya,Premium,100,Bulanan,14,551,7978.0,Transfer Bank,Ya,Tidak,0.9,2,7.0,2025-04-19,Indonesia,0
PLG-10200,27.0,Laki-laki,Medan,Basic,10,Bulanan,13,316,4083.0,Kartu Kredit,Ya,Ya,0.5,0,10.0,2025-05-30,Indonesia,0
PLG-10201,,Laki-laki,Surabaya,Basic,10,Tahunan,28,290,7862.0,Minimarket,Tidak,Ya,1.0,0,10.0,2024-02-21,Indonesia,0
PLG-10202,44.0,Laki-laki,Medan,Standar,30,Bulanan,13,395,5181.0,E-Wallet,Tidak,Ya,2.3,3,7.0,2025-05-24,Indonesia,0
PLG-10203,45.0,Perempuan,Jakarta,Standar,30,2 Tahun,53,308,15588.0,Minimarket,Tidak,Tidak,0.7,1,5.0,2022-01-10,Indonesia,0
PLG-10204,18.0,Perempuan,SEMARANG,Standar,30,Bulanan,3,428,1338.0,Transfer Bank,Tidak,Ya,0.8,0,7.0,2026-03-17,Indonesia,0
PLG-10205,50.0,Perempuan,Surabaya,Standar,30,Bulanan,16,340,5700.0,Minimarket,Tidak,Tidak,0.7,1,6.0,2025-02-03,Indonesia,1
PLG-10206,25.0,Laki-laki,Yogyakarta,Standar,30,Bulanan,6,343,2144.0,Kartu Kredit,Tidak,Tidak,0.4,1,10.0,2025-12-24,Indonesia,0
PLG-10208,42.0,Perempuan,Bandung,Standar,30,2 Tahun,55,418,23366.0,Minimarket,Tidak,Ya,0.3,0,9.0,2021-11-10,Indonesia,0
PLG-10209,25.0,Perempuan,Surabaya,Standar,30,Bulanan,18,334,5918.0,Transfer Bank,Ya,Tidak,1.1,0,9.0,2024-12-17,Indonesia,0
PLG-10211,45.0,Perempuan,Jakarta,Basic,10,Tahunan,3,195,569.0,Kartu Kredit,Tidak,Tidak,2.1,2,4.0,2026-03-13,Indonesia,1
PLG-10212,39.0,Laki-laki,Bandung,Basic,10,Tahunan,17,282,4595.0,E-Wallet,Tidak,Ya,1.3,0,9.0,2025-01-10,Indonesia,0
PLG-10213,36.0,Laki-laki,Jakarta,Standar,30,Tahunan,8,310,2525.0,E-Wallet,Ya,Tidak,1.4,0,6.0,2025-10-12,Indonesia,0
PLG-10214,46.0,Perempuan,Medan,Standar,30,Tahunan,12,345,4302.0,Minimarket,Tidak,Tidak,1.7,1,9.0,2025-06-19,Indonesia,0
PLG-10217,39.0,Perempuan,Bandung,Premium,100,Tahunan,10,657,6282.0,Minimarket,Tidak,Ya,1.9,1,5.0,2025-08-30,Indonesia,1
PLG-10218,43.0,Laki-laki,Jakarta,Basic,10,Tahunan,47,180,8552.0,Kartu Kredit,Tidak,Tidak,1.6,0,7.0,2022-07-07,Indonesia,0
PLG-10220,54.0,Perempuan,Yogyakarta,Basic,10,Tahunan,16,291,4836.0,Kartu Kredit,Tidak,Ya,0.2,0,9.0,2025-02-02,Indonesia,0
PLG-10222,49.0,Perempuan,Semarang,Basic,10,Bulanan,17,285,4712.0,E-Wallet,Tidak,Ya,0.5,0,9.0,2025-01-25,Indonesia,0
PLG-10226,23.0,Perempuan,Jakarta,Basic,10,Tahunan,44,183,8453.0,Kartu Kredit,Ya,Tidak,0.9,2,7.0,2022-10-08,Indonesia,0
PLG-10228,59.0,Perempuan,Denpasar,Standar,30,Bulanan,4,324,1306.0,Transfer Bank,Ya,Tidak,2.8,4,6.0,2026-02-24,Indonesia,1
PLG-10231,22.0,Perempuan,Semarang,Standar,30,2 Tahun,72,331,22700.0,Kartu Kredit,Ya,Tidak,5.3,3,6.0,2020-06-10,Indonesia,0
PLG-10233,40.0,Perempuan,Bandung,Premium,100,2 Tahun,16,542,8369.0,Transfer Bank,Tidak,Tidak,3.9,1,5.0,2025-02-14,Indonesia,0
PLG-10234,38.0,Perempuan,Denpasar,Basic,10,Bulanan,12,205,2542.0,Kartu Kredit,Tidak,Tidak,0.6,0,7.0,2025-06-13,Indonesia,0
PLG-10235,22.0,Perempuan,Jakarta,Premium,100,Bulanan,23,646,14841.0,Transfer Bank,Ya,Ya,1.0,1,6.0,2024-07-06,Indonesia,1
PLG-10237,29.0,Perempuan,Makassar,Standar,30,Bulanan,8,339,2674.0,Minimarket,Tidak,Tidak,0.4,0,8.0,2025-10-25,Indonesia,0
PLG-10238,44.0,Laki-laki,Denpasar,Premium,100,Bulanan,9,625,5858.0,E-Wallet,Tidak,Ya,2.3,1,8.0,2025-09-11,Indonesia,1
PLG-10242,59.0,Laki-laki,Medan,Premium,100,Bulanan,3,635,1843.0,E-Wallet,Tidak,Ya,1.7,3,,2026-03-10,Indonesia,1
PLG-10244,39.0,Perempuan,Bandung,Standar,30,Bulanan,15,324,5019.0,Transfer Bank,Tidak,Tidak,1.4,0,,2025-03-30,Indonesia,0
PLG-10246,18.0,Perempuan,Jakarta,Premium,100,2 Tahun,32,565,18360.0,Transfer Bank,Tidak,Tidak,0.1,1,8.0,2023-10-23,Indonesia,0
PLG-10247,45.0,Perempuan,Makassar,Basic,10,Bulanan,3,276,800.0,Minimarket,Tidak,Ya,0.6,0,6.0,2026-03-09,Indonesia,1
PLG-10248,42.0,Laki-laki,Semarang,Premium,100,Tahunan,16,555,8921.0,Kartu Kredit,Tidak,Tidak,0.1,0,9.0,2025-02-27,Indonesia,0
PLG-10249,26.0,Laki-laki,Medan,Standar,30,2 Tahun,71,335,23729.0,Kartu Kredit,Ya,Tidak,1.0,0,10.0,2020-07-11,Indonesia,0
PLG-10250,42.0,Perempuan,Medan,Basic,10,Bulanan,9,177,1590.0,Transfer Bank,Tidak,Tidak,1.9,2,,2025-09-24,Indonesia,1
PLG-10252,35.0,Perempuan,Makassar,Premium,100,Bulanan,14,637,,Kartu Kredit,Ya,Ya,2.7,0,6.0,2025-04-11,Indonesia,1
PLG-10253,26.0,Perempuan,Jakarta,Premium,100,Bulanan,7,549,3696.0,Transfer Bank,Ya,Tidak,1.0,2,6.0,2025-11-13,Indonesia,1
PLG-10255,21.0,Perempuan,Jakarta,Standar,30,Tahunan,39,338,13660.0,E-Wallet,Ya,Tidak,2.6,1,6.0,2023-03-08,Indonesia,0
PLG-10256,36.0,Laki-laki,Bandung,Basic,10,2 Tahun,69,284,20007.0,Kartu Kredit,Ya,Ya,1.2,1,6.0,2020-09-22,Indonesia,0
PLG-10257,23.0,Laki-laki,Medan,Standar,30,Bulanan,4,402,1679.0,Kartu Kredit,Tidak,Ya,4.2,3,,2026-02-01,Indonesia,1
PLG-10258,32.0,Laki-laki,Denpasar,Basic,10,Tahunan,25,202,5085.0,Kartu Kredit,Tidak,Tidak,1.2,0,9.0,2024-05-27,Indonesia,0
PLG-10260,40.0,Laki-laki,Bandung,Standar,30,2 Tahun,30,408,11863.0,Kartu Kredit,Ya,Ya,0.6,0,6.0,2023-12-12,Indonesia,0
PLG-10262,56.0,Laki-laki,Denpasar,Basic,10,Bulanan,17,297,4991.0,E-Wallet,Ya,Ya,4.6,4,4.0,2025-01-11,Indonesia,1
PLG-10264,48.0,Perempuan,Semarang,Basic,10,Tahunan,6,188,1116.0,Transfer Bank,Tidak,Tidak,1.1,3,6.0,2025-12-24,Indonesia,0
PLG-10267,19.0,Perempuan,Jakarta,Basic,10,2 Tahun,9,280,2622.0,Minimarket,Tidak,Ya,0.7,0,8.0,2025-09-18,Indonesia,0
PLG-10268,37.0,Laki-laki,Medan,Basic,10,Bulanan,12,230,2778.0,E-Wallet,Ya,Tidak,0.7,2,6.0,2025-06-20,Indonesia,0
PLG-10269,58.0,Laki-laki,Jakarta,Standar,30,Bulanan,15,413,6151.0,E-Wallet,Ya,Ya,0.8,0,6.0,2025-03-25,Indonesia,0
PLG-10272,40.0,Laki-laki,Surabaya,Standar,30,Bulanan,22,348,7499.0,E-Wallet,Tidak,Tidak,3.1,2,6.0,2024-08-06,Indonesia,1
PLG-10273,35.0,Perempuan,jakarta,Standar,30,Bulanan,16,418,6831.0,E-Wallet,Tidak,Ya,2.2,1,7.0,2025-02-06,Indonesia,1
PLG-10274,35.0,Laki-laki,Denpasar,Standar,30,Tahunan,44,322,13873.0,Transfer Bank,Tidak,Tidak,1.3,1,,2022-10-29,Indonesia,0
PLG-10275,43.0,Perempuan,Bandung,Premium,100,Bulanan,3,532,1517.0,E-Wallet,Ya,Tidak,0.9,0,8.0,2026-03-23,Indonesia,1
PLG-10276,56.0,Perempuan,Bandung,Standar,30,Bulanan,8,398,3235.0,Kartu Kredit,Ya,Ya,1.1,0,9.0,2025-10-28,Indonesia,0
PLG-10277,21.0,Laki-laki,Bandung,Standar,30,Tahunan,29,391,11377.0,E-Wallet,Ya,Ya,2.1,0,7.0,2024-01-17,Indonesia,0
PLG-10278,36.0,Laki-laki,Denpasar,Premium,100,Bulanan,16,536,8914.0,Minimarket,Tidak,Tidak,1.0,0,4.0,2025-02-20,Indonesia,1
PLG-10280,27.0,Laki-laki,Jakarta,Premium,100,Tahunan,32,560,17884.0,Transfer Bank,Tidak,Tidak,0.9,1,6.0,2023-10-25,Indonesia,0
PLG-10281,,Laki-laki,Bandung,Standar,30,Tahunan,9,400,3542.0,E-Wallet,Tidak,Ya,1.2,1,7.0,2025-09-16,Indonesia,0
PLG-10282,38.0,Laki-laki,Medan,Standar,30,2 Tahun,15,340,5081.0,Transfer Bank,Ya,Tidak,0.5,0,9.0,2025-03-12,Indonesia,0
PLG-10284,47.0,Laki-laki,Yogyakarta,Basic,10,Tahunan,22,210,4816.0,Transfer Bank,Tidak,Tidak,0.6,1,5.0,2024-08-08,Indonesia,0
PLG-10285,45.0,Perempuan,Surabaya,Standar,30,Bulanan,7,396,2885.0,Transfer Bank,Ya,Ya,1.8,1,6.0,2025-11-25,Indonesia,1
PLG-10286,38.0,Laki-laki,Surabaya,Basic,10,Tahunan,6,203,1162.0,E-Wallet,Tidak,Tidak,3.9,3,4.0,2025-12-14,Indonesia,1
PLG-10287,24.0,Perempuan,Jakarta,Basic,10,Bulanan,22,290,6181.0,Minimarket,Tidak,Ya,0.7,2,6.0,2024-08-26,Indonesia,0
PLG-10290,39.0,Laki-laki,Denpasar,Standar,30,Bulanan,13,340,4335.0,E-Wallet,Tidak,Tidak,1.0,2,8.0,2025-05-11,Indonesia,0
PLG-10291,43.0,Perempuan,Medan,Premium,100,Tahunan,34,629,21320.0,Transfer Bank,Tidak,Ya,3.1,2,7.0,2023-08-07,Indonesia,0
PLG-10292,33.0,Laki-laki,Yogyakarta,Premium,100,Bulanan,15,540,7814.0,Kartu Kredit,Ya,Tidak,1.7,0,,2025-03-17,Indonesia,1
PLG-10293,47.0,Laki-laki,Semarang,Premium,100,2 Tahun,13,538,7343.0,Minimarket,Tidak,Tidak,2.2,2,7.0,2025-05-17,Indonesia,0
PLG-10294,41.0,Laki-laki,Bandung,Basic,10,2 Tahun,26,298,,Transfer Bank,Tidak,Ya,0.2,0,6.0,2024-04-19,Indonesia,0
PLG-10296,29.0,Perempuan,MEDAN,Standar,30,2 Tahun,25,412,10308.0,Kartu Kredit,Ya,Ya,4.6,3,4.0,2024-05-25,Indonesia,1
PLG-10297,35.0,Perempuan,Bandung,Basic,10,Bulanan,5,223,1120.0,E-Wallet,Tidak,Tidak,2.4,4,3.0,2026-01-09,Indonesia,1
PLG-10298,51.0,Perempuan,Medan,Basic,10,Bulanan,8,211,1614.0,Transfer Bank,Tidak,Tidak,1.3,1,,2025-10-09,Indonesia,0
PLG-10299,33.0,Perempuan,Jakarta,Standar,30,Tahunan,23,423,10151.0,E-Wallet,Tidak,Ya,1.3,2,7.0,2024-07-07,Indonesia,0
PLG-10300,45.0,Perempuan,Jakarta,Basic,10,Bulanan,3,196,608.0,E-Wallet,Ya,Tidak,1.6,0,7.0,2026-03-17,Indonesia,0
PLG-10301,37.0,Perempuan,Surabaya,Standar,30,Tahunan,72,365,25600.0,E-Wallet,Tidak,Tidak,0.8,0,6.0,2020-06-11,Indonesia,0
PLG-10302,28.0,Laki-laki,Jakarta,Standar,30,Bulanan,10,348,3616.0,Transfer Bank,Ya,Tidak,2.0,1,5.0,2025-08-19,Indonesia,0
PLG-10304,,Perempuan,Jakarta,Basic,10,Bulanan,5,294,1419.0,Kartu Kredit,Tidak,Ya,0.1,0,7.0,2026-01-15,Indonesia,0
PLG-10305,36.0,Perempuan,Jakarta,Standar,30,Tahunan,72,303,20993.0,Kartu Kredit,Tidak,Tidak,1.3,0,7.0,2020-06-06,Indonesia,0
PLG-10306,51.0,Laki-laki,Surabaya,Premium,100,Bulanan,17,546,9688.0,Kartu Kredit,Tidak,Tidak,0.7,0,8.0,2025-01-11,Indonesia,0
PLG-10307,48.0,Perempuan,Jakarta,Standar,30,Tahunan,58,324,19185.0,E-Wallet,Ya,Tidak,0.2,0,8.0,2021-08-11,Indonesia,0
PLG-10308,30.0,Perempuan,Surabaya,Standar,30,Tahunan,50,319,15194.0,Kartu Kredit,Ya,Tidak,2.0,2,5.0,2022-04-15,Indonesia,0
PLG-10310,,Perempuan,Medan,Standar,30,Tahunan,5,340,1781.0,E-Wallet,Tidak,Tidak,1.1,0,5.0,2026-01-10,Indonesia,0
PLG-10311,35.0,Laki-laki,Surabaya,Premium,100,Bulanan,61,638,39369.0,E-Wallet,Tidak,Ya,3.6,1,8.0,2021-05-26,Indonesia,0
PLG-10314,34.0,Laki-laki,Denpasar,Basic,10,Tahunan,33,194,6209.0,Transfer Bank,Tidak,Tidak,3.5,2,5.0,2023-09-26,Indonesia,0
PLG-10315,,Perempuan,Jakarta,Basic,10,Bulanan,2,194,395.0,Minimarket,Tidak,Tidak,1.2,1,,2026-04-09,Indonesia,1
PLG-10316,41.0,Perempuan,Bandung,Premium,100,Tahunan,52,545,29343.0,E-Wallet,Tidak,Tidak,1.6,0,,2022-02-06,Indonesia,0
PLG-10317,32.0,Perempuan,Jakarta,Basic,10,Tahunan,42,309,12840.0,Minimarket,Tidak,Ya,2.1,0,8.0,2022-12-29,Indonesia,0
PLG-10318,20.0,Laki-laki,Surabaya,Premium,100,Bulanan,2,615,1190.0,Minimarket,Tidak,Ya,1.5,0,8.0,2026-04-20,Indonesia,1
PLG-10319,25.0,Perempuan,Bandung,Standar,30,Tahunan,36,343,11789.0,Kartu Kredit,Ya,Tidak,0.1,0,6.0,2023-06-06,Indonesia,0
PLG-10321,69.0,Laki-laki,Surabaya,Standar,30,Bulanan,28,313,8524.0,E-Wallet,Ya,Tidak,0.6,0,6.0,2024-02-14,Indonesia,0
PLG-10322,27.0,Laki-laki,Jakarta,Standar,30,Tahunan,22,321,7167.0,Minimarket,Tidak,Tidak,0.1,0,10.0,2024-08-07,Indonesia,0
PLG-10323,39.0,Perempuan,Medan,Standar,30,Bulanan,10,417,4066.0,Kartu Kredit,Ya,Ya,1.0,0,8.0,2025-08-13,Indonesia,0
PLG-10324,18.0,Perempuan,Semarang,Standar,30,Bulanan,7,304,2154.0,E-Wallet,Tidak,Tidak,0.3,1,8.0,2025-11-04,Indonesia,0
PLG-10325,41.0,Perempuan,Jakarta,Premium,100,2 Tahun,65,531,35571.0,E-Wallet,Ya,Tidak,4.5,1,7.0,2021-01-20,Indonesia,0
PLG-10327,39.0,Laki-laki,Medan,Standar,30,Bulanan,3,300,873.0,Transfer Bank,Tidak,Tidak,2.7,1,4.0,2026-03-24,Indonesia,1
PLG-10328,44.0,Laki-laki,Surabaya,Standar,30,Bulanan,3,424,1229.0,Kartu Kredit,Ya,Ya,3.8,2,6.0,2026-03-31,Indonesia,1
PLG-10329,49.0,Perempuan,Yogyakarta,Basic,10,Bulanan,9,196,1696.0,Transfer Bank,Tidak,Tidak,0.9,1,7.0,2025-09-06,Indonesia,0
PLG-10330,18.0,Perempuan,Jakarta,Standar,30,Tahunan,37,416,15556.0,E-Wallet,Tidak,Ya,0.1,0,6.0,2023-05-11,Indonesia,0
PLG-10331,18.0,Laki-laki,Jakarta,Basic,10,2 Tahun,72,201,15097.0,Transfer Bank,Tidak,Tidak,2.9,0,8.0,2020-06-24,Indonesia,0
PLG-10332,22.0,Perempuan,Denpasar,Premium,100,Bulanan,6,532,3154.0,E-Wallet,Tidak,Tidak,1.5,1,9.0,2025-12-05,Indonesia,1
PLG-10333,44.0,Perempuan,Jakarta,Standar,30,Bulanan,14,408,5462.0,Kartu Kredit,Tidak,Ya,1.1,1,6.0,2025-04-30,Indonesia,1
PLG-10335,49.0,Laki-laki,Yogyakarta,Standar,30,Bulanan,6,331,1923.0,E-Wallet,Tidak,Tidak,0.2,0,8.0,2025-12-03,Indonesia,0
PLG-10336,31.0,Perempuan,Makassar,Basic,10,2 Tahun,18,197,3621.0,Kartu Kredit,Ya,Tidak,7.8,3,4.0,2024-12-28,Indonesia,0
PLG-10338,41.0,Perempuan,Yogyakarta,Standar,30,Bulanan,8,307,2336.0,E-Wallet,Tidak,Tidak,0.7,0,,2025-10-13,Indonesia,1
PLG-10339,51.0,Laki-laki,Jakarta,Standar,30,Bulanan,10,411,4196.0,Transfer Bank,Tidak,Ya,1.1,1,8.0,2025-08-03,Indonesia,0
PLG-10340,49.0,Laki-laki,Bandung,Premium,100,Bulanan,11,631,7169.0,Kartu Kredit,Tidak,Ya,2.5,1,7.0,2025-07-29,Indonesia,1
PLG-10342,25.0,Perempuan,Jakarta,Premium,100,Bulanan,7,547,,E-Wallet,Tidak,Tidak,1.7,0,8.0,2025-11-24,Indonesia,0
PLG-10343,26.0,Perempuan,Jakarta,Standar,30,Bulanan,4,325,1358.0,Kartu Kredit,Ya,Tidak,1.1,0,7.0,2026-02-20,Indonesia,0
PLG-10344,40.0,Perempuan,Yogyakarta,Basic,10,Bulanan,11,296,3337.0,Transfer Bank,Tidak,Ya,1.5,1,6.0,2025-07-28,Indonesia,1
PLG-10347,38.0,Perempuan,Jakarta,Standar,30,Tahunan,33,407,13758.0,Minimarket,Tidak,Ya,0.2,1,8.0,2023-09-29,Indonesia,0
PLG-10348,27.0,Laki-laki,Medan,Premium,100,Bulanan,2,625,1211.0,E-Wallet,Tidak,Ya,3.2,1,,2026-04-22,Indonesia,1
PLG-10349,27.0,Perempuan,Bandung ,Premium,100,Bulanan,2,525,1094.0,E-Wallet,Tidak,Tidak,1.5,1,,2026-04-12,Indonesia,1
PLG-10350,27.0,Perempuan,Medan,Basic,10,Bulanan,18,185,3298.0,E-Wallet,Tidak,Tidak,0.7,0,8.0,2024-12-16,Indonesia,0
PLG-10352,36.0,Laki-laki,Jakarta,Basic,10,Tahunan,18,309,5551.0,E-Wallet,Tidak,Ya,0.2,0,,2024-12-23,Indonesia,0
PLG-10353,62.0,Perempuan,Denpasar,Basic,10,Bulanan,10,160,1671.0,Minimarket,Tidak,Tidak,0.9,0,7.0,2025-08-12,Indonesia,0
PLG-10354,36.0,Perempuan,Surabaya,Basic,10,2 Tahun,62,200,12365.0,Kartu Kredit,Ya,Tidak,1.3,1,7.0,2021-04-17,Indonesia,0
PLG-10355,32.0,Perempuan,Semarang,Standar,30,Tahunan,19,329,6107.0,Kartu Kredit,Ya,Tidak,1.2,0,7.0,2024-11-12,Indonesia,0
PLG-10356,28.0,Perempuan,Surabaya,Premium,100,Bulanan,6,568,3288.0,Transfer Bank,Ya,Tidak,1.3,1,8.0,2025-12-17,Indonesia,1
PLG-10358,48.0,Perempuan,Jakarta,Standar,30,Tahunan,18,331,6106.0,E-Wallet,Tidak,Tidak,0.4,0,7.0,2024-12-17,Indonesia,0
PLG-10361,41.0,Laki-laki,Jakarta,Premium,100,Tahunan,7,539,3767.0,Transfer Bank,Ya,Tidak,0.1,0,9.0,2025-11-24,Indonesia,0
PLG-10362,24.0,Perempuan,Semarang,Basic,10,Bulanan,3,196,566.0,Transfer Bank,Ya,Tidak,1.3,0,6.0,2026-03-30,Indonesia,0
PLG-10363,25.0,Laki-laki,YOGYAKARTA,Basic,10,Bulanan,4,198,786.0,Transfer Bank,Tidak,Tidak,1.9,1,,2026-02-10,Indonesia,1
PLG-10365,53.0,Laki-laki,Bandung,Standar,30,Bulanan,2,333,654.0,Transfer Bank,Tidak,Tidak,0.4,1,,2026-04-05,Indonesia,1
PLG-10366,62.0,Perempuan,Bandung,Standar,30,Tahunan,41,423,18066.0,Minimarket,Tidak,Ya,1.2,1,7.0,2023-01-27,Indonesia,0
PLG-10367,,Perempuan,Surabaya,Basic,10,Tahunan,28,195,5449.0,Transfer Bank,Tidak,Tidak,1.2,1,7.0,2024-02-02,Indonesia,0
PLG-10368,43.0,Laki-laki,Jakarta,Basic,10,Bulanan,15,210,3230.0,E-Wallet,Ya,Tidak,0.3,0,9.0,2025-03-18,Indonesia,0
PLG-10370,37.0,Laki-laki,Jakarta,Basic,10,Bulanan,9,197,1716.0,Minimarket,Tidak,Tidak,0.8,0,7.0,2025-09-02,Indonesia,0
PLG-10371,25.0,Perempuan,Bandung,Basic,10,Bulanan,27,188,5198.0,E-Wallet,Tidak,Tidak,1.0,2,5.0,2024-03-19,Indonesia,0
PLG-10372,41.0,Perempuan,Jakarta,Standar,30,Tahunan,30,408,12405.0,Transfer Bank,Tidak,Ya,0.3,1,9.0,2023-12-28,Indonesia,0
PLG-10374,36.0,Laki-laki,Makassar,Standar,30,Bulanan,10,326,3346.0,Transfer Bank,Tidak,Tidak,2.1,2,5.0,2025-08-24,Indonesia,1
PLG-10376,18.0,Perempuan,Medan,Standar,30,Tahunan,26,412,10860.0,E-Wallet,Tidak,Ya,4.6,5,4.0,2024-04-11,Indonesia,1
PLG-10377,41.0,Perempuan,Bandung,Basic,10,Bulanan,3,178,560.0,Kartu Kredit,Tidak,Tidak,1.1,1,10.0,2026-03-21,Indonesia,0
PLG-10378,59.0,Perempuan,Bandung,Standar,30,Bulanan,9,289,2471.0,Transfer Bank,Tidak,Tidak,0.4,0,10.0,2025-09-04,Indonesia,1
PLG-10379,43.0,Perempuan,Makassar,Standar,30,Bulanan,18,324,5943.0,Minimarket,Tidak,Tidak,0.9,2,4.0,2024-12-25,Indonesia,1
PLG-10380,43.0,Perempuan,Yogyakarta,Premium,100,Bulanan,18,628,10953.0,E-Wallet,Tidak,Ya,2.4,1,6.0,2024-12-10,Indonesia,1
PLG-10381,19.0,Laki-laki,Surabaya,Premium,100,Bulanan,1,543,535.0,E-Wallet,Tidak,Tidak,0.9,0,,2026-05-10,Indonesia,1
PLG-10382,25.0,Laki-laki,Jakarta,Standar,30,Bulanan,25,324,8111.0,Transfer Bank,Tidak,Tidak,1.9,0,,2024-05-13,Indonesia,0
PLG-10383,18.0,Laki-laki,Jakarta,Standar,30,2 Tahun,19,333,6261.0,Transfer Bank,Tidak,Tidak,0.9,0,8.0,2024-11-10,Indonesia,0
PLG-10384,26.0,Laki-laki,Medan,Standar,30,Bulanan,17,333,5799.0,E-Wallet,Tidak,Tidak,1.9,3,4.0,2025-01-02,Indonesia,1
PLG-10385,31.0,Laki-laki,Jakarta,Standar,30,Bulanan,8,408,,Transfer Bank,Ya,Ya,0.9,2,,2025-10-27,Indonesia,0
PLG-10386,37.0,Laki-laki,Surabaya,Standar,30,Bulanan,12,411,5017.0,Kartu Kredit,Ya,Ya,1.0,1,6.0,2025-06-19,Indonesia,1
PLG-10388,,Perempuan,Jakarta,Basic,10,2 Tahun,17,184,3277.0,E-Wallet,Tidak,Tidak,0.4,1,6.0,2025-01-03,Indonesia,0
PLG-10391,54.0,Laki-laki,Makassar,Standar,30,Tahunan,14,393,5466.0,E-Wallet,Tidak,Ya,1.4,0,,2025-04-06,Indonesia,0
PLG-10392,30.0,Laki-laki,Bandung,Standar,30,Bulanan,11,342,3687.0,Kartu Kredit,Tidak,Tidak,1.4,0,7.0,2025-07-26,Indonesia,0
PLG-10393,37.0,Perempuan,Jakarta,Standar,30,2 Tahun,12,320,3753.0,,Tidak,Tidak,1.2,2,5.0,2025-06-13,Indonesia,1
PLG-10398,20.0,Laki-laki,Bandung,Premium,100,Tahunan,12,644,7451.0,Minimarket,Tidak,Ya,0.6,0,8.0,2025-06-14,Indonesia,0
PLG-10400,50.0,Laki-laki,Makassar,Premium,100,Bulanan,15,597,8907.0,Minimarket,Tidak,Ya,0.7,1,5.0,2025-03-27,Indonesia,1
PLG-10401,43.0,Laki-laki,Bandung,Standar,30,Bulanan,8,321,2660.0,E-Wallet,Tidak,Tidak,0.2,0,6.0,2025-10-14,Indonesia,0
PLG-10403,38.0,Laki-laki,Yogyakarta,Premium,100,Bulanan,28,551,14792.0,E-Wallet,Tidak,Tidak,2.2,2,8.0,2024-02-14,Indonesia,1
PLG-10404,59.0,Laki-laki,Bandung,Premium,100,Bulanan,20,535,10680.0,Minimarket,Tidak,Tidak,2.3,0,9.0,2024-10-04,Indonesia,1
PLG-10405,33.0,Perempuan,Bandung,Standar,30,2 Tahun,4,321,1340.0,E-Wallet,Tidak,Tidak,1.2,3,6.0,2026-02-13,Indonesia,0
PLG-10406,35.0,Laki-laki,Jakarta,Basic,10,Bulanan,16,199,3294.0,Transfer Bank,Ya,Tidak,1.6,2,7.0,2025-02-15,Indonesia,1
PLG-10408,37.0,Perempuan,Medan,Basic,10,Bulanan,5,204,1030.0,E-Wallet,Tidak,Tidak,0.1,0,8.0,2026-01-19,Indonesia,0
PLG-10409,48.0,Perempuan,Medan,Basic,10,2 Tahun,72,197,13561.0,,Tidak,Tidak,0.9,0,7.0,2020-06-02,Indonesia,0
PLG-10410,56.0,Perempuan,Medan,Basic,10,Bulanan,13,304,4041.0,E-Wallet,Tidak,Ya,2.0,0,7.0,2025-05-28,Indonesia,1
PLG-10411,54.0,Laki-laki,Jakarta,Standar,30,Bulanan,3,338,1044.0,Minimarket,Tidak,Tidak,3.0,1,,2026-03-11,Indonesia,1
PLG-10414,23.0,Laki-laki,Bandung,Standar,30,Bulanan,11,336,3746.0,Transfer Bank,Ya,Tidak,1.5,3,6.0,2025-07-07,Indonesia,0
PLG-10415,35.0,Laki-laki,Semarang,Basic,10,Bulanan,6,179,1118.0,E-Wallet,Tidak,Tidak,0.9,3,6.0,2025-12-27,Indonesia,1
PLG-10417,41.0,Perempuan,Surabaya,Basic,10,Bulanan,9,188,1762.0,Kartu Kredit,Ya,Tidak,2.6,1,8.0,2025-09-22,Indonesia,0
PLG-10418,48.0,Perempuan,Semarang,Premium,100,Tahunan,18,558,9874.0,Minimarket,Tidak,Tidak,0.5,0,,2024-12-06,Indonesia,0
PLG-10421,41.0,Perempuan,Jakarta,Standar,30,Tahunan,20,343,6867.0,E-Wallet,Tidak,Tidak,3.7,1,5.0,2024-10-19,Indonesia,0
PLG-10422,25.0,Laki-laki,Jakarta,Basic,10,2 Tahun,40,187,7659.0,E-Wallet,Ya,Tidak,3.9,2,6.0,2023-02-24,Indonesia,0
PLG-10423,44.0,Perempuan,Bandung,Premium,100,2 Tahun,72,550,40730.0,Transfer Bank,Tidak,Tidak,3.4,0,7.0,2020-06-25,Indonesia,0
PLG-10426,18.0,Perempuan,Bandung,Premium,100,Tahunan,7,560,4057.0,E-Wallet,Tidak,Tidak,1.6,1,9.0,2025-11-21,Indonesia,0
PLG-10427,28.0,Laki-laki,Yogyakarta,Basic,10,2 Tahun,14,183,2455.0,E-Wallet,Tidak,Tidak,0.5,0,10.0,2025-04-25,Indonesia,0
PLG-10428,30.0,Laki-laki,Jakarta,Standar,30,Bulanan,5,423,2056.0,Transfer Bank,Tidak,Ya,0.8,0,6.0,2026-01-23,Indonesia,1
PLG-10432,52.0,Laki-laki,Bandung,Premium,100,Tahunan,10,641,6329.0,,Tidak,Ya,1.4,3,8.0,2025-08-08,Indonesia,1
PLG-10436,18.0,Laki-laki,Surabaya,Premium,100,Bulanan,10,538,5420.0,Kartu Kredit,Ya,Tidak,0.1,1,9.0,2025-08-09,Indonesia,0
PLG-10437,50.0,Perempuan,Jakarta,Standar,30,Bulanan,5,340,1719.0,E-Wallet,Tidak,Tidak,0.8,2,4.0,2026-01-02,Indonesia,0
PLG-10439,38.0,Perempuan,Makassar,Basic,10,Tahunan,28,199,5531.0,Transfer Bank,Ya,Tidak,2.4,1,6.0,2024-02-14,Indonesia,1
PLG-10440,36.0,Laki-laki,Medan,Standar,30,Bulanan,6,405,2478.0,Minimarket,Tidak,Ya,0.1,1,8.0,2025-12-18,Indonesia,0
PLG-10441,35.0,Perempuan,Semarang,Standar,30,Tahunan,27,336,9516.0,Minimarket,Tidak,Tidak,3.1,2,6.0,2024-03-08,Indonesia,0
PLG-10442,53.0,Laki-laki,Surabaya,Standar,30,2 Tahun,46,319,15078.0,Kartu Kredit,Tidak,Tidak,0.5,1,7.0,2022-08-24,Indonesia,0
PLG-10443,39.0,Laki-laki,Medan,Premium,100,2 Tahun,12,537,6516.0,Transfer Bank,Tidak,Tidak,1.1,0,8.0,2025-06-12,Indonesia,0
PLG-10444,42.0,Laki-laki,Surabaya,Premium,100,Tahunan,44,635,28031.0,Minimarket,Tidak,Ya,3.3,0,8.0,2022-10-21,Indonesia,0
PLG-10445,35.0,Laki-laki,Surabaya,Premium,100,Bulanan,32,539,16463.0,E-Wallet,Tidak,Tidak,1.8,3,4.0,2023-10-25,Indonesia,1
PLG-10448,27.0,Perempuan,Jakarta,Standar,30,Bulanan,18,340,6419.0,E-Wallet,Tidak,Tidak,0.2,1,10.0,2024-12-18,Indonesia,0
PLG-10449,23.0,Laki-laki,Semarang,Standar,30,Bulanan,23,340,7926.0,,Tidak,Tidak,0.0,0,9.0,2024-07-29,Indonesia,0
PLG-10451,36.0,Perempuan,Bandung,Basic,10,2 Tahun,19,157,2921.0,Minimarket,Tidak,Tidak,0.5,1,,2024-11-18,Indonesia,0
PLG-10452,48.0,Laki-laki,Bandung,Premium,100,Tahunan,47,662,30622.0,Minimarket,Tidak,Ya,0.8,0,,2022-07-08,Indonesia,0
PLG-10453,23.0,Laki-laki,Medan,Standar,30,Bulanan,4,326,1352.0,E-Wallet,Tidak,Tidak,1.3,1,8.0,2026-02-07,Indonesia,1
PLG-10454,32.0,Laki-laki,Surabaya,Basic,10,Bulanan,27,196,5222.0,E-Wallet,Ya,Tidak,1.7,0,6.0,2024-03-21,Indonesia,0
PLG-10455,31.0,Laki-laki,Surabaya,Standar,30,Bulanan,5,433,2107.0,Minimarket,Tidak,Ya,0.7,1,7.0,2026-01-15,Indonesia,1
PLG-10457,36.0,Laki-laki,Bandung,Standar,30,Bulanan,4,430,1801.0,E-Wallet,Tidak,Ya,0.6,1,9.0,2026-02-28,Indonesia,0
PLG-10458,24.0,Perempuan,Medan,Standar,30,Tahunan,21,396,7992.0,E-Wallet,Tidak,Ya,3.1,1,5.0,2024-09-10,Indonesia,0
PLG-10460,38.0,Perempuan,Yogyakarta,Standar,30,Bulanan,11,396,4397.0,E-Wallet,Tidak,Ya,0.4,1,8.0,2025-07-24,Indonesia,0
PLG-10460,38.0,Perempuan,Yogyakarta,Standar,30,Bulanan,11,396,4397.0,E-Wallet,Tidak,Ya,0.4,1,8.0,2025-07-24,Indonesia,0
PLG-10462,21.0,Laki-laki,Jakarta,Premium,100,Bulanan,15,559,8643.0,Minimarket,Tidak,Tidak,1.1,1,,2025-03-09,Indonesia,1
PLG-10463,44.0,Perempuan,Surabaya,Basic,10,Bulanan,8,218,1811.0,E-Wallet,Tidak,Tidak,1.0,0,,2025-10-04,Indonesia,0
PLG-10465,24.0,Perempuan,Surabaya,Standar,30,Tahunan,16,408,6722.0,E-Wallet,Ya,Ya,0.0,1,7.0,2025-02-16,Indonesia,0
PLG-10466,18.0,Perempuan,Jakarta,Standar,30,Bulanan,14,309,4506.0,E-Wallet,Tidak,Tidak,0.6,0,7.0,2025-04-20,Indonesia,0
PLG-10467,45.0,Laki-laki,Yogyakarta,Standar,30,Bulanan,10,329,3366.0,Transfer Bank,Tidak,Tidak,3.0,2,7.0,2025-08-19,Indonesia,0
PLG-10468,32.0,Laki-laki,Makassar,Premium,100,Bulanan,10,643,6241.0,Transfer Bank,Ya,Ya,1.9,0,8.0,2025-08-10,Indonesia,0
PLG-10469,55.0,Perempuan,Jakarta,Standar,30,Tahunan,27,316,8716.0,Transfer Bank,Tidak,Tidak,1.2,1,8.0,2024-03-27,Indonesia,0
PLG-10470,49.0,Perempuan,Bandung,Premium,100,Bulanan,6,631,3612.0,E-Wallet,Tidak,Ya,0.8,0,10.0,2025-12-24,Indonesia,0
PLG-10471,44.0,Perempuan,Jakarta,Standar,30,Bulanan,25,412,10484.0,Minimarket,Tidak,Ya,1.4,0,8.0,2024-05-24,Indonesia,0
PLG-10473,50.0,Perempuan,Jakarta,Premium,100,Bulanan,19,542,10626.0,Minimarket,Tidak,Tidak,0.6,0,5.0,2024-11-08,Indonesia,0
PLG-10475,42.0,Perempuan,Medan,Standar,30,2 Tahun,26,328,8852.0,,Tidak,Tidak,3.4,1,,2024-04-14,Indonesia,0
PLG-10476,49.0,Perempuan,Surabaya,Standar,30,Bulanan,11,339,3843.0,E-Wallet,Tidak,Tidak,0.4,0,8.0,2025-07-25,Indonesia,0
PLG-10480,37.0,Perempuan,Jakarta,Standar,30,Bulanan,9,335,3022.0,Transfer Bank,Ya,Tidak,1.4,1,,2025-09-16,Indonesia,0
PLG-10483,61.0,Laki-laki,Jakarta,Basic,10,Tahunan,11,206,2206.0,Transfer Bank,Ya,Tidak,1.1,3,8.0,2025-07-04,Indonesia,0
PLG-10485,31.0,Perempuan,Jakarta,Standar,30,Bulanan,5,302,1517.0,Minimarket,Tidak,Tidak,2.5,0,7.0,2026-01-04,Indonesia,0
PLG-10486,18.0,Perempuan,Makassar,Standar,30,Bulanan,9,328,3100.0,Kartu Kredit,Ya,Tidak,2.6,1,6.0,2025-09-19,Indonesia,0
PLG-10488,,Laki-laki,Bandung,Premium,100,Bulanan,15,574,8642.0,E-Wallet,Tidak,Tidak,0.5,0,8.0,2025-03-20,Indonesia,1
PLG-10489,36.0,Laki-laki,Surabaya,Standar,30,Bulanan,11,411,4512.0,Transfer Bank,Tidak,Ya,0.3,0,,2025-07-23,Indonesia,1
PLG-10493,48.0,Perempuan,Surabaya,Basic,10,2 Tahun,42,262,10611.0,Transfer Bank,Tidak,Ya,0.9,2,6.0,2022-12-23,Indonesia,0
PLG-10494,,Perempuan,Semarang,Premium,100,2 Tahun,72,634,44524.0,Minimarket,Tidak,Ya,3.9,3,4.0,2020-06-02,Indonesia,0
PLG-10495,,Laki-laki,Bandung,Basic,10,Bulanan,4,201,770.0,Transfer Bank,Tidak,Tidak,1.4,0,7.0,2026-02-17,Indonesia,0
PLG-10497,37.0,Perempuan,Bandung,Premium,100,2 Tahun,13,555,6888.0,Transfer Bank,Ya,Tidak,0.5,0,10.0,2025-05-08,Indonesia,0
PLG-10498,52.0,Laki-laki,Jakarta,Standar,30,Tahunan,18,307,5610.0,Minimarket,Tidak,Tidak,2.3,2,7.0,2024-12-15,Indonesia,0
PLG-10501,34.0,Laki-laki,JAKARTA,Premium,100,Tahunan,31,574,18014.0,E-Wallet,Tidak,Tidak,0.2,1,10.0,2023-11-13,Indonesia,0
PLG-10502,49.0,Laki-laki,Surabaya,Standar,30,Bulanan,2,323,658.0,Transfer Bank,Ya,Tidak,2.5,2,7.0,2026-04-22,Indonesia,0
PLG-10503,53.0,Perempuan,Jakarta,Standar,30,Tahunan,22,313,6922.0,Minimarket,Tidak,Tidak,0.6,0,,2024-08-27,Indonesia,0
PLG-10505,34.0,Perempuan,Semarang,Premium,100,Bulanan,11,562,6039.0,E-Wallet,Tidak,Tidak,3.5,2,3.0,2025-07-11,Indonesia,1
PLG-10506,53.0,Perempuan,Jakarta,Basic,10,Tahunan,40,282,11189.0,Minimarket,Tidak,Ya,0.6,0,8.0,2023-02-13,Indonesia,0
PLG-10507,18.0,Perempuan,Yogyakarta,Standar,30,Tahunan,35,324,10775.0,Transfer Bank,Tidak,Tidak,2.2,2,8.0,2023-07-20,Indonesia,0
PLG-10508,38.0,Perempuan,Jakarta,Standar,30,Tahunan,13,419,5467.0,Minimarket,Tidak,Ya,2.6,0,8.0,2025-05-13,Indonesia,0
PLG-10510,18.0,Perempuan,Denpasar,Basic,10,Bulanan,12,204,2329.0,Kartu Kredit,Ya,Tidak,4.1,3,5.0,2025-06-14,Indonesia,0
PLG-10512,54.0,Laki-laki,Jakarta,Basic,10,2 Tahun,72,200,14413.0,,Ya,Tidak,0.2,0,10.0,2020-06-15,Indonesia,0
PLG-10514,42.0,Laki-laki,Semarang,Premium,100,Bulanan,16,556,8504.0,E-Wallet,Ya,Tidak,1.8,1,6.0,2025-02-18,Indonesia,0
PLG-10516,20.0,Perempuan,Jakarta,Basic,10,2 Tahun,17,272,4801.0,E-Wallet,Tidak,Ya,1.0,0,7.0,2025-01-19,Indonesia,0
PLG-10517,48.0,Perempuan,Yogyakarta,Premium,100,Bulanan,4,548,2282.0,Transfer Bank,Tidak,Tidak,0.2,0,7.0,2026-02-12,Indonesia,1
PLG-10518,33.0,Perempuan,Jakarta,Basic,10,Tahunan,24,195,4510.0,E-Wallet,Tidak,Tidak,2.6,1,6.0,2024-06-24,Indonesia,0
PLG-10520,38.0,Perempuan,Semarang,Standar,30,Tahunan,31,328,10508.0,Kartu Kredit,Ya,Tidak,0.1,1,7.0,2023-11-12,Indonesia,0
PLG-10523,32.0,Perempuan,Jakarta,Standar,30,Tahunan,4,342,1408.0,Transfer Bank,Tidak,Tidak,0.6,0,8.0,2026-02-03,Indonesia,0
PLG-10524,26.0,Laki-laki,Bandung,Basic,10,2 Tahun,66,260,17487.0,Kartu Kredit,Ya,Ya,0.6,1,7.0,2020-12-26,Indonesia,0
PLG-10525,24.0,Laki-laki,Jakarta,Basic,10,Bulanan,20,209,4350.0,Kartu Kredit,Ya,Tidak,0.7,2,6.0,2024-10-08,Indonesia,0
PLG-10526,37.0,Perempuan,Yogyakarta,Basic,10,Bulanan,10,292,2775.0,Minimarket,Tidak,Ya,0.9,0,7.0,2025-08-04,Indonesia,1
PLG-10527,41.0,Laki-laki,Medan,Basic,10,Tahunan,12,212,2467.0,Minimarket,Tidak,Tidak,1.6,5,6.0,2025-06-06,Indonesia,0
PLG-10530,30.0,Perempuan,Medan,Standar,30,Bulanan,2,321,665.0,Transfer Bank,Ya,Tidak,3.4,0,7.0,2026-04-14,Indonesia,0
PLG-10533,38.0,Perempuan,YOGYAKARTA,Standar,30,Tahunan,11,319,3466.0,Kartu Kredit,Tidak,Tidak,3.0,2,,2025-07-05,Indonesia,1
PLG-10535,46.0,Laki-laki,Jakarta,Basic,10,Tahunan,24,193,4643.0,E-Wallet,Tidak,Tidak,0.7,2,7.0,2024-06-21,Indonesia,0
PLG-10536,43.0,Laki-laki,Yogyakarta,Standar,30,Bulanan,21,409,8294.0,Minimarket,Tidak,Ya,1.4,1,7.0,2024-09-15,Indonesia,1
PLG-10537,49.0,Laki-laki,Surabaya,Basic,10,Bulanan,7,279,1918.0,,Tidak,Ya,1.7,0,9.0,2025-11-18,Indonesia,0
PLG-10539,28.0,Laki-laki,Bandung,Basic,10,Tahunan,4,195,814.0,Transfer Bank,Ya,Tidak,1.4,2,7.0,2026-02-25,Indonesia,0
PLG-10541,46.0,Perempuan,Denpasar,Standar,30,Bulanan,4,345,1434.0,Minimarket,Tidak,Tidak,4.3,3,5.0,2026-02-25,Indonesia,1
PLG-10542,,Perempuan,Semarang,Basic,10,2 Tahun,17,187,3241.0,Kartu Kredit,Ya,Tidak,0.9,0,7.0,2025-01-15,Indonesia,0
PLG-10543,39.0,Perempuan,Semarang,Basic,10,Bulanan,23,275,6264.0,Kartu Kredit,Tidak,Ya,2.6,1,7.0,2024-07-09,Indonesia,0
PLG-10545,38.0,Perempuan,Medan,Basic,10,Tahunan,61,199,11638.0,Transfer Bank,Tidak,Tidak,1.9,2,4.0,2021-05-05,Indonesia,0
PLG-10546,53.0,Laki-laki,Surabaya,Basic,10,Bulanan,7,202,1469.0,E-Wallet,Tidak,Tidak,1.4,0,8.0,2025-11-02,Indonesia,0
PLG-10547,40.0,Perempuan,Bandung,Standar,30,Bulanan,11,409,4359.0,Minimarket,Tidak,Ya,0.9,1,7.0,2025-07-12,Indonesia,0
PLG-10548,36.0,Laki-laki,Jakarta,Basic,10,Tahunan,27,196,5091.0,E-Wallet,Tidak,Tidak,0.2,1,8.0,2024-03-13,Indonesia,0
PLG-10549,41.0,Laki-laki,Denpasar,Standar,30,Bulanan,19,425,7950.0,Minimarket,Tidak,Ya,2.0,1,10.0,2024-11-06,Indonesia,1
PLG-10552,34.0,Perempuan,Jakarta,Basic,10,Tahunan,13,273,3436.0,Minimarket,Tidak,Ya,1.7,1,6.0,2025-05-23,Indonesia,0
PLG-10553,45.0,Laki-laki,Jakarta,Premium,100,Bulanan,10,543,5611.0,Minimarket,Tidak,Tidak,0.9,1,6.0,2025-08-21,Indonesia,1
PLG-10556,36.0,Perempuan,Jakarta,Standar,30,2 Tahun,52,417,20717.0,Minimarket,Tidak,Ya,2.7,0,,2022-02-25,Indonesia,0
PLG-10557,25.0,Perempuan,Jakarta,Basic,10,Bulanan,4,294,1182.0,E-Wallet,Ya,Ya,0.1,1,8.0,2026-02-23,Indonesia,1
PLG-10559,52.0,Laki-laki,Medan,Standar,30,Bulanan,17,424,7321.0,Transfer Bank,Tidak,Ya,0.1,1,5.0,2025-01-14,Indonesia,1
PLG-10560,29.0,Perempuan,Semarang,Basic,10,Tahunan,27,226,5902.0,Minimarket,Tidak,Tidak,0.7,0,9.0,2024-03-09,Indonesia,0
PLG-10563,42.0,Laki-laki,Yogyakarta,Standar,30,Tahunan,18,324,5574.0,Minimarket,Tidak,Tidak,0.5,0,7.0,2024-12-04,Indonesia,0
PLG-10566,41.0,Laki-laki,Bandung,Standar,30,Tahunan,46,403,18728.0,Kartu Kredit,Ya,Ya,0.8,0,9.0,2022-08-26,Indonesia,0
PLG-10567,35.0,Perempuan,yogyakarta,Premium,100,Bulanan,14,557,7422.0,Transfer Bank,Ya,Tidak,1.7,1,,2025-04-25,Indonesia,1
PLG-10568,43.0,Laki-laki,Yogyakarta,Basic,10,Tahunan,42,305,13333.0,E-Wallet,Tidak,Ya,1.9,1,7.0,2022-12-08,Indonesia,0
PLG-10570,52.0,Laki-laki,Bandung,Standar,30,2 Tahun,72,337,25199.0,Minimarket,Tidak,Tidak,0.9,0,8.0,2020-06-22,Indonesia,0
PLG-10572,32.0,Laki-laki,Makassar,Premium,100,Bulanan,8,551,4341.0,,Tidak,Tidak,0.7,1,8.0,2025-10-16,Indonesia,1
PLG-10573,25.0,Perempuan,Surabaya,Standar,30,Bulanan,6,331,2065.0,Minimarket,Tidak,Tidak,1.1,0,6.0,2025-12-20,Indonesia,0
PLG-10575,35.0,Perempuan,Bandung,Premium,100,Bulanan,37,622,22652.0,E-Wallet,Tidak,Ya,1.9,2,8.0,2023-05-17,Indonesia,1
PLG-10577,40.0,Laki-laki,Makassar,Standar,30,Bulanan,18,409,7379.0,Kartu Kredit,Ya,Ya,3.2,1,7.0,2024-12-14,Indonesia,0
PLG-10578,38.0,Perempuan,Jakarta,Standar,30,Bulanan,25,312,7963.0,Minimarket,Tidak,Tidak,1.1,1,,2024-05-11,Indonesia,1
PLG-10579,40.0,Laki-laki,Jakarta,Standar,30,Bulanan,11,355,4027.0,E-Wallet,Tidak,Tidak,0.4,2,,2025-07-11,Indonesia,1
PLG-10583,32.0,Perempuan,Semarang,Standar,30,Bulanan,13,342,4542.0,Transfer Bank,Tidak,Tidak,1.2,1,9.0,2025-05-26,Indonesia,0
PLG-10584,43.0,Laki-laki,Medan,Standar,30,Tahunan,16,332,5147.0,E-Wallet,Tidak,Tidak,1.4,0,7.0,2025-02-17,Indonesia,0
PLG-10585,32.0,Laki-laki,Medan,Standar,30,Tahunan,52,339,17810.0,Transfer Bank,Tidak,Tidak,0.7,0,6.0,2022-02-18,Indonesia,0
PLG-10588,44.0,Perempuan,Jakarta,Premium,100,Bulanan,3,609,1813.0,Transfer Bank,Ya,Ya,1.1,0,7.0,2026-03-12,Indonesia,0
PLG-10591,19.0,Perempuan,Bandung,Premium,100,Bulanan,9,637,5859.0,E-Wallet,Ya,Ya,0.7,2,7.0,2025-09-22,Indonesia,1
PLG-10592,49.0,Perempuan,Semarang,Standar,30,Tahunan,18,427,7778.0,Minimarket,Tidak,Ya,2.6,4,5.0,2024-12-15,Indonesia,1
PLG-10593,59.0,Perempuan,Medan,Premium,100,Bulanan,4,559,2137.0,E-Wallet,Tidak,Tidak,2.2,1,7.0,2026-02-05,Indonesia,1
PLG-10597,26.0,Perempuan,Bandung,Standar,30,Bulanan,21,410,8559.0,E-Wallet,Tidak,Ya,1.4,0,6.0,2024-09-29,Indonesia,0
PLG-10599,60.0,Laki-laki,Makassar,Premium,100,Tahunan,10,547,5733.0,Kartu Kredit,Ya,Tidak,2.3,0,7.0,2025-08-05,Indonesia,0
PLG-10601,41.0,Laki-laki,Surabaya,Standar,30,Tahunan,34,326,11270.0,Transfer Bank,Ya,Tidak,3.3,1,10.0,2023-08-20,Indonesia,0
PLG-10604,50.0,Perempuan,Surabaya ,Basic,10,Bulanan,20,189,3708.0,Kartu Kredit,Ya,Tidak,2.1,1,4.0,2024-10-12,Indonesia,0
PLG-10607,49.0,Laki-laki,Medan,Basic,10,Bulanan,5,198,965.0,Transfer Bank,Tidak,Tidak,0.7,0,9.0,2026-01-08,Indonesia,0
PLG-10608,64.0,Perempuan,bandung,Basic,10,Bulanan,21,203,4128.0,Kartu Kredit,Tidak,Tidak,1.7,1,8.0,2024-09-20,Indonesia,1
PLG-10609,54.0,Laki-laki,Jakarta,Premium,100,Tahunan,31,559,17860.0,E-Wallet,Tidak,Tidak,0.5,0,8.0,2023-11-17,Indonesia,0
PLG-10610,33.0,Perempuan,Surabaya,Premium,100,Tahunan,34,645,21852.0,E-Wallet,Ya,Ya,0.2,0,8.0,2023-08-29,Indonesia,0
PLG-10611,31.0,Laki-laki,Makassar,Basic,10,Bulanan,32,203,6553.0,Kartu Kredit,Ya,Tidak,4.3,3,5.0,2023-10-10,Indonesia,0
PLG-10612,,Perempuan,Makassar,Premium,100,Tahunan,8,640,5117.0,Transfer Bank,Tidak,Ya,0.9,1,6.0,2025-10-16,Indonesia,0
PLG-10613,39.0,Laki-laki,SEMARANG,Premium,100,Tahunan,7,551,3670.0,Transfer Bank,Ya,Tidak,0.6,0,8.0,2025-11-26,Indonesia,0
PLG-10614,58.0,Perempuan,Jakarta,Premium,100,Bulanan,1,544,558.0,E-Wallet,Tidak,Tidak,1.1,0,6.0,2026-05-22,Indonesia,1
PLG-10617,18.0,Perempuan,Jakarta,Basic,10,Bulanan,9,186,1740.0,Kartu Kredit,Ya,Tidak,0.5,1,7.0,2025-09-29,Indonesia,0
PLG-10618,18.0,Perempuan,Bandung,Basic,10,Tahunan,35,288,9836.0,Transfer Bank,Ya,Ya,3.1,2,7.0,2023-07-16,Indonesia,0
PLG-10620,,Laki-laki,Surabaya,Premium,100,Bulanan,32,629,19305.0,E-Wallet,Tidak,Ya,0.6,0,8.0,2023-10-23,Indonesia,0
PLG-10621,21.0,Laki-laki,Semarang,Standar,30,Bulanan,21,421,8916.0,Transfer Bank,Tidak,Ya,1.8,0,7.0,2024-09-25,Indonesia,1
PLG-10623,49.0,Perempuan,Denpasar,Basic,10,2 Tahun,71,171,11920.0,Minimarket,Tidak,Tidak,1.5,1,8.0,2020-07-18,Indonesia,0
PLG-10624,43.0,Perempuan,Bandung,Standar,30,2 Tahun,60,311,18376.0,Kartu Kredit,Ya,Tidak,1.0,0,9.0,2021-06-16,Indonesia,0
PLG-10625,,Laki-laki,Medan,Basic,10,Bulanan,13,273,3401.0,E-Wallet,Tidak,Ya,1.2,0,7.0,2025-05-15,Indonesia,0
PLG-10626,32.0,Perempuan,Jakarta,Standar,30,Tahunan,37,344,12201.0,Transfer Bank,Ya,Tidak,2.8,1,5.0,2023-05-16,Indonesia,0
PLG-10627,23.0,Laki-laki,Yogyakarta,Standar,30,Tahunan,17,337,5738.0,Transfer Bank,Tidak,Tidak,1.1,0,6.0,2025-01-14,Indonesia,0
PLG-10628,,Perempuan,Denpasar,Standar,30,Bulanan,4,413,1636.0,Kartu Kredit,Ya,Ya,0.3,0,10.0,2026-02-14,Indonesia,0
PLG-10629,65.0,Perempuan,Semarang,Standar,30,Bulanan,12,364,4423.0,Transfer Bank,Tidak,Tidak,1.8,0,10.0,2025-06-25,Indonesia,0
PLG-10632,19.0,Perempuan,Bandung,Basic,10,Bulanan,17,200,3545.0,Minimarket,Tidak,Tidak,0.2,1,7.0,2025-01-17,Indonesia,0
PLG-10633,30.0,Perempuan,Makassar,Basic,10,2 Tahun,21,283,6237.0,E-Wallet,Tidak,Ya,2.4,3,8.0,2024-09-02,Indonesia,0
PLG-10634,24.0,Laki-laki,Surabaya,Basic,10,Bulanan,3,227,666.0,E-Wallet,Ya,Tidak,0.7,1,8.0,2026-03-25,Indonesia,0
PLG-10635,21.0,Perempuan,Surabaya,Standar,30,Tahunan,27,422,11349.0,Minimarket,Tidak,Ya,2.2,1,7.0,2024-03-04,Indonesia,0
PLG-10636,42.0,Laki-laki,Surabaya,Premium,100,Bulanan,16,569,8651.0,Transfer Bank,Ya,Tidak,1.9,1,,2025-02-12,Indonesia,1
PLG-10637,44.0,Laki-laki,Denpasar,Standar,30,Tahunan,11,341,3902.0,Transfer Bank,Tidak,Tidak,0.4,2,9.0,2025-07-27,Indonesia,0
PLG-10638,18.0,Laki-laki,Jakarta,Standar,30,2 Tahun,72,326,22924.0,Kartu Kredit,Ya,Tidak,1.9,0,7.0,2020-06-29,Indonesia,0
PLG-10639,36.0,Laki-laki,Yogyakarta,Basic,10,Bulanan,7,210,1468.0,Transfer Bank,Ya,Tidak,0.9,2,6.0,2025-11-27,Indonesia,0
PLG-10640,38.0,Laki-laki,Jakarta,Basic,10,Tahunan,29,201,6099.0,E-Wallet,Ya,Tidak,0.4,1,7.0,2024-01-09,Indonesia,0
PLG-10641,31.0,Laki-laki,Jakarta,Standar,30,Bulanan,8,327,2613.0,E-Wallet,Ya,Tidak,2.9,2,4.0,2025-10-11,Indonesia,1
PLG-10642,,Perempuan,Medan,Basic,10,Bulanan,14,286,4055.0,E-Wallet,Tidak,Ya,2.0,2,,2025-04-18,Indonesia,1
PLG-10643,18.0,Perempuan,Makassar,Standar,30,Bulanan,6,418,2467.0,E-Wallet,Tidak,Ya,1.0,0,8.0,2025-12-12,Indonesia,1
PLG-10644,33.0,Perempuan,Makassar,Standar,30,2 Tahun,46,424,18629.0,,Tidak,Ya,1.6,1,7.0,2022-08-07,Indonesia,0
PLG-10645,34.0,Laki-laki,Jakarta,Standar,30,Bulanan,35,330,11680.0,Minimarket,Tidak,Tidak,2.1,1,5.0,2023-07-04,Indonesia,1
PLG-10646,39.0,Laki-laki,Semarang,Standar,30,Bulanan,10,352,3361.0,E-Wallet,Tidak,Tidak,1.1,1,8.0,2025-08-17,Indonesia,0
PLG-10648,,Laki-laki,Surabaya,Standar,30,2 Tahun,41,414,16861.0,Transfer Bank,Ya,Ya,0.2,1,8.0,2023-01-29,Indonesia,0
PLG-10649,27.0,Laki-laki,Jakarta,Standar,30,2 Tahun,10,352,3484.0,Transfer Bank,Tidak,Tidak,0.9,0,9.0,2025-08-13,Indonesia,0
PLG-10650,24.0,Perempuan,Semarang,Basic,10,2 Tahun,14,210,2866.0,,Tidak,Tidak,2.1,2,6.0,2025-04-18,Indonesia,0
PLG-10651,32.0,Perempuan,Surabaya,Basic,10,Tahunan,10,274,2705.0,E-Wallet,Tidak,Ya,0.8,1,8.0,2025-08-14,Indonesia,0
PLG-10653,53.0,Perempuan,Jakarta,Premium,100,2 Tahun,4,651,2723.0,Transfer Bank,Tidak,Ya,2.2,0,8.0,2026-02-28,Indonesia,0
PLG-10655,36.0,Perempuan,Surabaya,Premium,100,Tahunan,19,544,9874.0,Kartu Kredit,Ya,Tidak,0.3,0,8.0,2024-11-03,Indonesia,0
PLG-10656,47.0,Laki-laki,Surabaya,Basic,10,Bulanan,28,217,6313.0,Minimarket,Tidak,Tidak,3.8,4,5.0,2024-02-14,Indonesia,1
PLG-10657,35.0,Perempuan,Semarang,Standar,30,2 Tahun,66,421,26447.0,E-Wallet,Tidak,Ya,2.2,0,8.0,2020-12-07,Indonesia,0
PLG-10658,39.0,Perempuan,Jakarta,Basic,10,Tahunan,19,289,5618.0,E-Wallet,Tidak,Ya,0.7,0,10.0,2024-11-27,Indonesia,0
PLG-10659,35.0,Laki-laki,Makassar,Standar,30,Bulanan,21,323,6543.0,E-Wallet,Tidak,Tidak,0.7,1,7.0,2024-09-12,Indonesia,0
PLG-10659,35.0,Laki-laki,Makassar,Standar,30,Bulanan,21,323,6543.0,E-Wallet,Tidak,Tidak,0.7,1,7.0,2024-09-12,Indonesia,0
PLG-10661,29.0,Perempuan,Yogyakarta,Basic,10,Tahunan,1,214,205.0,E-Wallet,Tidak,Tidak,1.3,0,,2026-05-28,Indonesia,0
PLG-10664,55.0,Perempuan,Denpasar,Standar,30,Tahunan,13,405,5523.0,Kartu Kredit,Ya,Ya,1.7,0,9.0,2025-05-29,Indonesia,0
PLG-10665,43.0,Laki-laki,Bandung,Standar,30,2 Tahun,25,419,10975.0,,Ya,Ya,0.5,2,8.0,2024-05-03,Indonesia,0
PLG-10666,18.0,Laki-laki,Medan,Basic,10,Tahunan,26,186,4627.0,E-Wallet,Tidak,Tidak,1.8,0,7.0,2024-04-22,Indonesia,0
PLG-10669,28.0,Laki-laki,Jakarta,Basic,10,Bulanan,38,193,7247.0,Transfer Bank,Ya,Tidak,1.2,2,8.0,2023-04-26,Indonesia,0
PLG-10671,35.0,Perempuan,Denpasar,Standar,30,2 Tahun,38,329,12855.0,Kartu Kredit,Ya,Tidak,1.0,0,,2023-04-14,Indonesia,0
PLG-10673,64.0,Perempuan,Surabaya,Basic,10,Tahunan,72,288,19962.0,Minimarket,Tidak,Ya,6.3,2,5.0,2020-06-10,Indonesia,0
PLG-10674,40.0,Perempuan,Jakarta,Premium,100,Tahunan,10,547,5380.0,Minimarket,Tidak,Tidak,0.6,1,10.0,2025-08-22,Indonesia,0
PLG-10675,42.0,Perempuan,Bandung,Standar,30,2 Tahun,10,325,3129.0,Kartu Kredit,Ya,Tidak,1.1,0,9.0,2025-08-21,Indonesia,0
PLG-10676,39.0,Perempuan,Denpasar,Basic,10,Tahunan,21,215,4549.0,Minimarket,Tidak,Tidak,1.4,0,,2024-09-11,Indonesia,0
PLG-10678,41.0,Perempuan,Jakarta,Standar,30,Bulanan,2,356,709.0,Minimarket,Tidak,Tidak,0.3,0,9.0,2026-04-30,Indonesia,0
PLG-10680,34.0,Laki-laki,Bandung,Standar,30,Bulanan,6,440,2704.0,Transfer Bank,Ya,Ya,3.6,2,8.0,2025-12-14,Indonesia,1
PLG-10682,41.0,Laki-laki,Jakarta,Basic,10,Bulanan,18,269,4883.0,Minimarket,Tidak,Ya,1.2,1,5.0,2024-12-22,Indonesia,0
PLG-10683,46.0,Perempuan,MEDAN,Premium,100,Bulanan,5,556,2799.0,Minimarket,Tidak,Tidak,2.0,1,7.0,2026-01-22,Indonesia,1
PLG-10685,,Perempuan,Bandung,Basic,10,Bulanan,10,189,1922.0,Minimarket,Tidak,Tidak,3.1,2,7.0,2025-08-06,Indonesia,1
PLG-10686,62.0,Laki-laki,Jakarta,Premium,100,Bulanan,25,550,14314.0,E-Wallet,Tidak,Tidak,1.2,1,5.0,2024-05-15,Indonesia,1
PLG-10687,54.0,Perempuan,Bandung,Standar,30,Tahunan,31,323,10467.0,E-Wallet,Tidak,Tidak,1.1,0,10.0,2023-11-17,Indonesia,0
PLG-10689,41.0,Laki-laki,Bandung,Standar,30,Bulanan,14,371,4960.0,Kartu Kredit,Tidak,Tidak,2.1,1,7.0,2025-04-10,Indonesia,0
PLG-10690,40.0,Perempuan,Semarang,Standar,30,Bulanan,31,424,12795.0,Kartu Kredit,Ya,Ya,1.7,0,8.0,2023-11-10,Indonesia,0
PLG-10691,18.0,Laki-laki,Jakarta,Premium,100,Bulanan,11,559,6374.0,Transfer Bank,Tidak,Tidak,1.2,1,6.0,2025-07-28,Indonesia,1
PLG-10692,34.0,Perempuan,Jakarta,Standar,30,Bulanan,4,413,1700.0,Minimarket,Tidak,Ya,3.0,2,6.0,2026-02-06,Indonesia,1
PLG-10694,36.0,Perempuan,Semarang,Standar,30,Bulanan,5,355,1851.0,Transfer Bank,Tidak,Tidak,0.2,0,9.0,2026-01-16,Indonesia,0
PLG-10695,22.0,Laki-laki,Medan,Basic,10,2 Tahun,24,276,6316.0,Minimarket,Tidak,Ya,0.2,0,8.0,2024-06-25,Indonesia,0
PLG-10696,32.0,Perempuan,Denpasar,Premium,100,Bulanan,12,572,6699.0,E-Wallet,Tidak,Tidak,4.0,1,,2025-06-11,Indonesia,1
PLG-10698,46.0,Laki-laki,Surabaya,Premium,100,Bulanan,24,625,15474.0,Transfer Bank,Tidak,Ya,2.7,0,10.0,2024-06-13,Indonesia,1
PLG-10699,41.0,Laki-laki,Jakarta,Basic,10,Bulanan,18,192,3377.0,,Tidak,Tidak,3.2,1,7.0,2024-12-10,Indonesia,0
PLG-10700,35.0,Perempuan,Bandung,Basic,10,Bulanan,28,273,7927.0,Transfer Bank,Tidak,Ya,1.4,0,,2024-02-11,Indonesia,0
PLG-10702,22.0,Laki-laki,Makassar,Premium,100,Tahunan,64,526,34086.0,E-Wallet,Tidak,Tidak,1.8,1,8.0,2021-02-07,Indonesia,0
PLG-10703,30.0,Laki-laki,Surabaya,Standar,30,Bulanan,6,317,1913.0,Transfer Bank,Ya,Tidak,1.0,0,,2025-12-25,Indonesia,0
PLG-10707,23.0,Perempuan,Jakarta,Standar,30,2 Tahun,71,325,23457.0,Minimarket,Tidak,Tidak,0.7,1,,2020-07-30,Indonesia,0
PLG-10710,52.0,Laki-laki,Bandung,Premium,100,Bulanan,31,549,16607.0,Kartu Kredit,Ya,Tidak,2.2,0,8.0,2023-11-25,Indonesia,0
PLG-10712,38.0,Laki-laki,Makassar,Basic,10,Tahunan,21,291,5908.0,Kartu Kredit,Ya,Ya,2.0,0,7.0,2024-09-28,Indonesia,0
PLG-10713,48.0,Perempuan,Denpasar,Basic,10,Bulanan,15,295,4626.0,Transfer Bank,Ya,Ya,0.2,0,9.0,2025-03-28,Indonesia,0
PLG-10714,34.0,Perempuan,Bandung,Basic,10,Bulanan,9,272,2509.0,Minimarket,Tidak,Ya,1.2,1,5.0,2025-09-26,Indonesia,0
PLG-10716,31.0,Laki-laki,Jakarta,Basic,10,2 Tahun,2,186,389.0,Transfer Bank,Ya,Tidak,1.9,2,6.0,2026-04-22,Indonesia,0
PLG-10717,35.0,Perempuan,Medan,Basic,10,Bulanan,8,184,1533.0,E-Wallet,Tidak,Tidak,0.0,0,7.0,2025-10-16,Indonesia,0
PLG-10718,43.0,Laki-laki,Surabaya,Standar,30,Tahunan,6,311,1931.0,Transfer Bank,Tidak,Tidak,2.3,1,6.0,2025-12-24,Indonesia,0
PLG-10719,32.0,Laki-laki,Surabaya,Basic,10,Tahunan,21,209,4403.0,Transfer Bank,Tidak,Tidak,1.3,2,7.0,2024-09-29,Indonesia,0
PLG-10722,39.0,Laki-laki,Jakarta,Basic,10,Bulanan,4,194,775.0,Transfer Bank,Tidak,Tidak,1.2,2,7.0,2026-02-18,Indonesia,0
PLG-10723,22.0,Laki-laki,Semarang,Standar,30,2 Tahun,53,323,17004.0,Transfer Bank,Tidak,Tidak,1.8,1,7.0,2022-01-12,Indonesia,0
PLG-10724,50.0,Perempuan,Medan,Basic,10,2 Tahun,16,201,3356.0,Minimarket,Tidak,Tidak,2.4,2,5.0,2025-02-07,Indonesia,0
PLG-10725,31.0,Perempuan,Semarang,Premium,100,2 Tahun,52,541,27065.0,Minimarket,Tidak,Tidak,2.2,1,7.0,2022-02-08,Indonesia,0
PLG-10726,54.0,Perempuan,Medan,Standar,30,Tahunan,30,403,12097.0,Minimarket,Tidak,Ya,1.8,0,8.0,2023-12-24,Indonesia,0
PLG-10730,28.0,Perempuan,Medan,Basic,10,Tahunan,7,214,1505.0,Transfer Bank,Ya,Tidak,0.7,4,5.0,2025-11-18,Indonesia,0
PLG-10732,43.0,Perempuan,Jakarta,Basic,10,2 Tahun,36,192,7221.0,Transfer Bank,Ya,Tidak,0.3,1,7.0,2023-06-19,Indonesia,0
PLG-10733,33.0,Perempuan,Bandung,Basic,10,Tahunan,19,198,3913.0,Kartu Kredit,Tidak,Tidak,4.6,0,5.0,2024-11-28,Indonesia,0
PLG-10734,51.0,Laki-laki,Bandung,Premium,100,Tahunan,10,549,5449.0,Transfer Bank,Ya,Tidak,1.1,1,6.0,2025-08-19,Indonesia,0
PLG-10735,27.0,Perempuan,Yogyakarta,Premium,100,Bulanan,3,533,1620.0,,Tidak,Tidak,0.1,1,8.0,2026-03-20,Indonesia,1
PLG-10736,31.0,Perempuan,Surabaya,Basic,10,Bulanan,35,175,6101.0,E-Wallet,Ya,Tidak,3.7,3,4.0,2023-07-09,Indonesia,0
PLG-10737,46.0,Perempuan,Medan,Standar,30,Bulanan,19,351,6499.0,E-Wallet,Ya,Tidak,1.6,4,4.0,2024-11-20,Indonesia,1
PLG-10738,33.0,Perempuan,Medan,Premium,100,Tahunan,13,544,7422.0,Transfer Bank,Ya,Tidak,2.1,0,10.0,2025-05-16,Indonesia,0
PLG-10739,42.0,Laki-laki,Bandung,Standar,30,Bulanan,17,346,5716.0,Minimarket,Tidak,Tidak,0.4,0,8.0,2025-01-22,Indonesia,1
PLG-10741,23.0,Perempuan,Semarang,Basic,10,Bulanan,20,217,4365.0,Transfer Bank,Ya,Tidak,1.6,3,5.0,2024-10-29,Indonesia,1
PLG-10743,27.0,Laki-laki,Surabaya,Standar,30,Tahunan,4,317,1251.0,Minimarket,Tidak,Tidak,1.3,0,7.0,2026-02-27,Indonesia,0
PLG-10744,60.0,Laki-laki,Makassar,Premium,100,Tahunan,48,628,28984.0,Transfer Bank,Ya,Ya,7.3,5,3.0,2022-06-26,Indonesia,1
PLG-10745,26.0,Laki-laki,Surabaya,Standar,30,2 Tahun,21,325,6781.0,Kartu Kredit,Ya,Tidak,1.3,0,8.0,2024-09-15,Indonesia,0
PLG-10746,28.0,Perempuan,Bandung,Standar,30,Tahunan,28,416,12120.0,Kartu Kredit,Tidak,Ya,2.5,1,7.0,2024-02-13,Indonesia,0
PLG-10747,29.0,Laki-laki,Makassar,Standar,30,Bulanan,11,334,3603.0,Kartu Kredit,Ya,Tidak,4.0,2,4.0,2025-07-11,Indonesia,0
PLG-10748,31.0,Perempuan,Jakarta,Premium,100,Bulanan,1,558,539.0,Transfer Bank,Tidak,Tidak,0.5,2,8.0,2026-05-07,Indonesia,1
PLG-10749,38.0,Perempuan,Medan,Basic,10,Tahunan,2,271,523.0,E-Wallet,Tidak,Ya,1.3,1,8.0,2026-04-24,Indonesia,0
PLG-10750,31.0,Laki-laki,Makassar,Standar,30,Tahunan,55,412,21636.0,Minimarket,Tidak,Ya,1.7,0,7.0,2021-11-05,Indonesia,0
PLG-10751,42.0,Perempuan,Bandung,Standar,30,Bulanan,8,338,2633.0,Minimarket,Tidak,Tidak,0.1,0,8.0,2025-10-10,Indonesia,0
PLG-10754,18.0,Perempuan,Medan,Standar,30,Bulanan,2,343,680.0,Minimarket,Tidak,Tidak,2.1,1,,2026-04-22,Indonesia,1
PLG-10755,36.0,Laki-laki,Jakarta,Basic,10,Bulanan,13,199,2522.0,Transfer Bank,Ya,Tidak,2.1,0,8.0,2025-05-20,Indonesia,0
PLG-10757,39.0,Perempuan,Jakarta,Basic,10,Bulanan,1,206,216.0,E-Wallet,Tidak,Tidak,2.4,2,6.0,2026-05-26,Indonesia,1
PLG-10758,39.0,Perempuan,Medan,Premium,100,Bulanan,4,555,2240.0,E-Wallet,Tidak,Tidak,2.2,0,7.0,2026-02-22,Indonesia,1
PLG-10759,46.0,Laki-laki,Semarang,Standar,30,Tahunan,3,321,946.0,Minimarket,Tidak,Tidak,1.4,0,7.0,2026-03-11,Indonesia,0
PLG-10760,34.0,Perempuan,Bandung,Standar,30,Tahunan,20,439,9109.0,,Tidak,Ya,0.4,0,9.0,2024-10-16,Indonesia,0
PLG-10761,21.0,Laki-laki,Jakarta,Basic,10,2 Tahun,24,188,4625.0,Minimarket,Tidak,Tidak,1.8,0,6.0,2024-06-13,Indonesia,0
PLG-10762,31.0,Laki-laki,Surabaya,Standar,30,Bulanan,10,331,3365.0,Transfer Bank,Tidak,Tidak,2.3,2,5.0,2025-08-06,Indonesia,1
PLG-10765,34.0,Laki-laki,Semarang,Premium,100,Bulanan,21,535,11147.0,E-Wallet,Tidak,Tidak,1.1,0,8.0,2024-09-09,Indonesia,0
PLG-10766,50.0,Laki-laki,Jakarta,Basic,10,Tahunan,20,192,3918.0,Kartu Kredit,Ya,Tidak,1.2,1,7.0,2024-10-14,Indonesia,0
PLG-10767,35.0,Perempuan,Jakarta,Standar,30,Bulanan,28,384,10906.0,E-Wallet,Tidak,Ya,0.4,2,6.0,2024-02-03,Indonesia,0
PLG-10768,38.0,Laki-laki,Bandung,Standar,30,Tahunan,11,340,3729.0,Transfer Bank,Ya,Tidak,1.4,2,4.0,2025-07-15,Indonesia,0
PLG-10770,37.0,Laki-laki,Surabaya,Basic,10,2 Tahun,52,183,9088.0,Kartu Kredit,Tidak,Tidak,2.2,1,4.0,2022-02-09,Indonesia,0
PLG-10771,31.0,Perempuan,Jakarta,Basic,10,Bulanan,6,202,1180.0,Kartu Kredit,Tidak,Tidak,0.4,0,7.0,2025-12-11,Indonesia,0
PLG-10773,44.0,Laki-laki,Yogyakarta,Standar,30,Bulanan,9,330,2965.0,Transfer Bank,Tidak,Tidak,0.1,0,8.0,2025-09-18,Indonesia,0
PLG-10774,31.0,Perempuan,Jakarta,Premium,100,Tahunan,72,552,38006.0,Transfer Bank,Tidak,Tidak,2.0,2,7.0,2020-06-05,Indonesia,0
PLG-10775,19.0,Laki-laki,Makassar,Basic,10,Tahunan,36,178,6507.0,Transfer Bank,Tidak,Tidak,3.0,2,6.0,2023-06-07,Indonesia,0
PLG-10776,38.0,Perempuan,Yogyakarta,Standar,30,Bulanan,16,329,5386.0,Kartu Kredit,Tidak,Tidak,0.2,1,6.0,2025-02-23,Indonesia,0
PLG-10777,19.0,Perempuan,Bandung,Premium,100,Bulanan,9,638,5535.0,E-Wallet,Tidak,Ya,0.9,0,9.0,2025-09-02,Indonesia,1
PLG-10778,42.0,Perempuan,Surabaya,Standar,30,Bulanan,7,404,2862.0,Minimarket,Tidak,Ya,1.3,1,6.0,2025-11-22,Indonesia,1
PLG-10778,42.0,Perempuan,Surabaya,Standar,30,Bulanan,7,404,2862.0,Minimarket,Tidak,Ya,1.3,1,6.0,2025-11-22,Indonesia,1
PLG-10780,46.0,Laki-laki,Makassar,Standar,30,Bulanan,6,407,2469.0,E-Wallet,Tidak,Ya,0.6,0,,2025-12-19,Indonesia,1
PLG-10781,34.0,Laki-laki,Jakarta,Basic,10,Bulanan,9,193,1732.0,E-Wallet,Ya,Tidak,1.0,0,9.0,2025-09-28,Indonesia,0
PLG-10782,28.0,Laki-laki,Surabaya,Standar,30,Bulanan,53,417,22029.0,Minimarket,Tidak,Ya,2.2,3,5.0,2022-01-27,Indonesia,1
PLG-10783,18.0,Laki-laki,Denpasar,Standar,30,2 Tahun,25,309,7456.0,Transfer Bank,Tidak,Tidak,1.0,0,9.0,2024-05-15,Indonesia,0
PLG-10784,23.0,Laki-laki,Bandung,Standar,30,Bulanan,3,324,926.0,Transfer Bank,Tidak,Tidak,4.8,4,5.0,2026-03-07,Indonesia,1
PLG-10785,18.0,Laki-laki,Surabaya,Basic,10,Tahunan,8,211,,E-Wallet,Ya,Tidak,1.2,0,6.0,2025-10-09,Indonesia,0
PLG-10785,18.0,Laki-laki,Surabaya,Basic,10,Tahunan,8,211,,E-Wallet,Ya,Tidak,1.2,0,6.0,2025-10-09,Indonesia,0
PLG-10786,20.0,Perempuan,Medan,Standar,30,Tahunan,36,414,15482.0,E-Wallet,Tidak,Ya,0.1,1,10.0,2023-06-15,Indonesia,0
PLG-10787,48.0,Perempuan,Medan,Premium,100,Bulanan,7,554,3755.0,Minimarket,Tidak,Tidak,1.7,2,6.0,2025-11-09,Indonesia,1
PLG-10789,34.0,Laki-laki,Surabaya,Basic,10,Tahunan,19,194,3508.0,Transfer Bank,Tidak,Tidak,1.1,0,7.0,2024-11-04,Indonesia,0
PLG-10790,53.0,Perempuan,Jakarta,Standar,30,2 Tahun,34,403,13403.0,Transfer Bank,Ya,Ya,0.9,0,6.0,2023-08-10,Indonesia,0
PLG-10791,31.0,Laki-laki,Surabaya,Basic,10,Bulanan,6,201,1249.0,Transfer Bank,Tidak,Tidak,2.2,4,6.0,2025-12-14,Indonesia,0
PLG-10792,22.0,Laki-laki,Medan,Standar,30,2 Tahun,30,328,9445.0,Transfer Bank,Tidak,Tidak,0.9,1,5.0,2023-12-13,Indonesia,0
PLG-10794,34.0,Laki-laki,Bandung,Basic,10,Bulanan,9,272,2443.0,Transfer Bank,Tidak,Ya,3.6,3,4.0,2025-09-12,Indonesia,1
PLG-10795,62.0,Laki-laki,Jakarta,Premium,100,Bulanan,2,556,1161.0,E-Wallet,Tidak,Tidak,1.8,1,,2026-04-26,Indonesia,1
PLG-10796,46.0,Laki-laki,Makassar,Standar,30,2 Tahun,21,405,8480.0,Transfer Bank,Tidak,Ya,0.5,0,8.0,2024-09-29,Indonesia,0
PLG-10797,48.0,Laki-laki,Bandung,Basic,10,Tahunan,65,216,14240.0,Minimarket,Tidak,Tidak,0.6,1,8.0,2021-01-02,Indonesia,0
PLG-10798,42.0,Perempuan,Surabaya,Standar,30,Bulanan,18,401,7457.0,Minimarket,Tidak,Ya,2.3,1,8.0,2024-12-02,Indonesia,1
PLG-10800,40.0,Perempuan,Medan,Premium,100,Bulanan,16,628,9966.0,Transfer Bank,Tidak,Ya,2.7,3,5.0,2025-02-04,Indonesia,1
PLG-10801,18.0,Perempuan,Jakarta,Standar,30,2 Tahun,51,427,22475.0,E-Wallet,Ya,Ya,0.8,1,7.0,2022-03-06,Indonesia,0
PLG-10802,40.0,Laki-laki,Bandung,Basic,10,2 Tahun,18,292,5176.0,Minimarket,Tidak,Ya,1.6,1,5.0,2024-12-18,Indonesia,0
PLG-10804,35.0,Laki-laki,Semarang,Basic,10,2 Tahun,28,283,7935.0,Transfer Bank,Tidak,Ya,2.3,1,7.0,2024-02-10,Indonesia,0
PLG-10806,50.0,Laki-laki,Jakarta,Standar,30,Bulanan,4,326,1293.0,Transfer Bank,Ya,Tidak,0.8,1,8.0,2026-02-02,Indonesia,0
PLG-10807,25.0,Laki-laki,Jakarta,Premium,100,Bulanan,36,616,21748.0,Minimarket,Tidak,Ya,0.0,0,10.0,2023-06-08,Indonesia,0
PLG-10808,49.0,Laki-laki,Medan,Standar,30,Bulanan,17,335,5739.0,E-Wallet,Ya,Tidak,0.2,1,9.0,2025-01-19,Indonesia,0
PLG-10809,24.0,Laki-laki,Bandung,Basic,10,Bulanan,9,286,2604.0,Minimarket,Tidak,Ya,1.1,0,,2025-09-18,Indonesia,0
PLG-10810,20.0,Perempuan,Jakarta,Standar,30,Bulanan,15,321,5015.0,E-Wallet,Ya,Tidak,2.3,0,,2025-03-04,Indonesia,1
PLG-10812,54.0,Perempuan,Bandung,Basic,10,Tahunan,25,212,5244.0,E-Wallet,Tidak,Tidak,0.9,1,6.0,2024-05-03,Indonesia,0
PLG-10813,32.0,Perempuan,Denpasar,Basic,10,Bulanan,22,182,3853.0,Transfer Bank,Ya,Tidak,0.5,0,8.0,2024-08-18,Indonesia,0
PLG-10814,43.0,Perempuan,Surabaya,Premium,100,Bulanan,7,557,3961.0,E-Wallet,Tidak,Tidak,0.2,0,9.0,2025-11-17,Indonesia,0
PLG-10815,55.0,Laki-laki,yogyakarta,Standar,30,Bulanan,7,342,2387.0,Transfer Bank,Ya,Tidak,2.0,1,8.0,2025-11-04,Indonesia,0
PLG-10816,45.0,Laki-laki,Makassar ,Standar,30,Bulanan,13,338,4428.0,Transfer Bank,Ya,Tidak,0.4,0,9.0,2025-05-18,Indonesia,0
PLG-10817,40.0,Perempuan,Jakarta,Premium,100,2 Tahun,58,545,31184.0,Kartu Kredit,Ya,Tidak,0.8,1,6.0,2021-08-12,Indonesia,0
PLG-10818,57.0,Perempuan,Bandung,Standar,30,2 Tahun,14,424,6187.0,Transfer Bank,Tidak,Ya,0.7,1,7.0,2025-04-18,Indonesia,0
PLG-10819,51.0,Perempuan,Surabaya,Standar,30,2 Tahun,16,336,5168.0,Transfer Bank,Tidak,Tidak,0.9,2,9.0,2025-02-03,Indonesia,0
PLG-10820,45.0,Laki-laki,Bandung,Standar,30,Tahunan,29,326,9190.0,Transfer Bank,Ya,Tidak,1.5,1,8.0,2024-01-06,Indonesia,0
PLG-10821,50.0,Laki-laki,Semarang,Basic,10,Tahunan,7,184,1273.0,E-Wallet,Ya,Tidak,0.4,1,7.0,2025-11-10,Indonesia,0
PLG-10822,46.0,Perempuan,Semarang,Standar,30,Tahunan,49,399,19806.0,Transfer Bank,Ya,Ya,1.2,1,9.0,2022-05-30,Indonesia,0
PLG-10823,,Perempuan,Medan,Basic,10,2 Tahun,32,188,6281.0,Transfer Bank,Tidak,Tidak,3.5,1,6.0,2023-10-10,Indonesia,0
PLG-10824,36.0,Perempuan,Jakarta,Standar,30,Bulanan,15,434,6192.0,Transfer Bank,Tidak,Ya,1.1,2,6.0,2025-03-21,Indonesia,1
PLG-10825,30.0,Laki-laki,Surabaya,Premium,100,Tahunan,32,531,17311.0,Transfer Bank,Tidak,Tidak,0.6,1,6.0,2023-10-28,Indonesia,0
PLG-10826,28.0,Laki-laki,Bandung,Basic,10,Tahunan,36,211,7509.0,E-Wallet,Tidak,Tidak,1.6,2,4.0,2023-06-07,Indonesia,0
PLG-10827,53.0,Perempuan,Denpasar,Premium,100,Bulanan,7,609,4294.0,,Tidak,Ya,0.1,1,10.0,2025-11-09,Indonesia,1
PLG-10828,33.0,Perempuan,Yogyakarta,Basic,10,Bulanan,7,223,1513.0,Minimarket,Tidak,Tidak,2.6,3,5.0,2025-11-03,Indonesia,0
PLG-10829,30.0,Laki-laki,Surabaya,Basic,10,2 Tahun,24,226,5385.0,E-Wallet,Tidak,Tidak,1.6,1,6.0,2024-06-25,Indonesia,0
PLG-10830,34.0,Laki-laki,Bandung,Standar,30,2 Tahun,48,321,15089.0,E-Wallet,Tidak,Tidak,1.4,0,9.0,2022-06-19,Indonesia,0
PLG-10831,51.0,Laki-laki,Jakarta,Standar,30,Bulanan,2,347,673.0,E-Wallet,Ya,Tidak,0.4,0,7.0,2026-04-26,Indonesia,1
PLG-10833,45.0,Laki-laki,Makassar,Basic,10,Tahunan,17,272,4549.0,E-Wallet,Ya,Ya,0.4,1,6.0,2025-01-23,Indonesia,0
PLG-10834,28.0,Laki-laki,Bandung,Basic,10,Bulanan,9,317,2719.0,Minimarket,Tidak,Ya,0.5,2,6.0,2025-09-27,Indonesia,1
PLG-10836,48.0,Laki-laki,Makassar,Premium,100,Bulanan,22,646,14504.0,Minimarket,Tidak,Ya,2.1,2,5.0,2024-08-12,Indonesia,1
PLG-10837,45.0,Laki-laki,Jakarta,Standar,30,Bulanan,7,340,2276.0,Minimarket,Tidak,Tidak,2.8,0,5.0,2025-11-07,Indonesia,1
PLG-10839,21.0,Perempuan,Jakarta,Premium,100,Bulanan,15,537,8310.0,Minimarket,Tidak,Tidak,0.8,1,8.0,2025-03-26,Indonesia,1
PLG-10840,,Laki-laki,Bandung,Premium,100,Bulanan,21,540,11143.0,E-Wallet,Tidak,Tidak,2.5,1,8.0,2024-09-23,Indonesia,0
PLG-10841,37.0,Perempuan,Jakarta,Basic,10,Bulanan,33,205,6713.0,E-Wallet,Tidak,Tidak,1.6,2,5.0,2023-09-11,Indonesia,0
PLG-10844,28.0,Perempuan,Bandung,Basic,10,Bulanan,7,189,1340.0,Transfer Bank,Ya,Tidak,0.7,0,7.0,2025-11-03,Indonesia,0
PLG-10845,41.0,Perempuan,Medan,Basic,10,2 Tahun,41,202,8010.0,Minimarket,Tidak,Tidak,1.2,0,5.0,2023-01-14,Indonesia,0
PLG-10846,18.0,Perempuan,Bandung,Premium,100,Bulanan,13,551,7308.0,Minimarket,Tidak,Tidak,6.3,2,,2025-05-10,Indonesia,1
PLG-10848,45.0,Perempuan,Jakarta,Basic,10,Bulanan,18,196,3498.0,Kartu Kredit,Ya,Tidak,2.0,2,9.0,2024-12-28,Indonesia,0
PLG-10849,35.0,Perempuan,Surabaya,Basic,10,Bulanan,4,273,1040.0,Kartu Kredit,Tidak,Ya,0.6,0,8.0,2026-02-23,Indonesia,1
PLG-10850,33.0,Perempuan,Jakarta,Premium,100,Bulanan,6,565,3525.0,E-Wallet,Ya,Tidak,0.4,0,9.0,2025-12-05,Indonesia,0
PLG-10851,45.0,Laki-laki,Jakarta,Basic,10,2 Tahun,31,205,6633.0,Minimarket,Tidak,Tidak,1.6,2,7.0,2023-11-24,Indonesia,0
PLG-10852,37.0,Perempuan,bandung,Standar,30,Tahunan,2,430,881.0,E-Wallet,Tidak,Ya,2.8,2,4.0,2026-04-20,Indonesia,1
PLG-10853,37.0,Laki-laki,Makassar,Basic,10,Tahunan,27,198,5327.0,Transfer Bank,Ya,Tidak,0.2,0,8.0,2024-03-18,Indonesia,0
PLG-10854,28.0,Perempuan,Surabaya,Standar,30,Bulanan,29,315,9526.0,Transfer Bank,Ya,Tidak,3.4,1,6.0,2024-01-13,Indonesia,0
PLG-10855,27.0,Perempuan,Jakarta,Basic,10,Bulanan,28,203,5472.0,Kartu Kredit,Ya,Tidak,0.9,1,,2024-02-11,Indonesia,0
PLG-10856,18.0,Laki-laki,Surabaya,Basic,10,Tahunan,48,297,13815.0,E-Wallet,Tidak,Ya,1.0,0,7.0,2022-06-19,Indonesia,0
PLG-10857,41.0,Laki-laki,Bandung,Standar,30,Bulanan,12,330,3842.0,,Tidak,Tidak,3.7,4,,2025-06-08,Indonesia,1
PLG-10858,38.0,Laki-laki,DENPASAR,Premium,100,2 Tahun,46,572,25045.0,E-Wallet,Ya,Tidak,1.6,4,5.0,2022-08-16,Indonesia,0
PLG-10861,25.0,Laki-laki,Denpasar,Standar,30,2 Tahun,24,403,9987.0,Transfer Bank,Tidak,Ya,2.4,1,6.0,2024-06-03,Indonesia,0
PLG-10862,42.0,Perempuan,Jakarta,Standar,30,Tahunan,37,400,14859.0,Kartu Kredit,Ya,Ya,1.3,1,8.0,2023-05-07,Indonesia,0
PLG-10865,,Perempuan,Denpasar,Standar,30,Bulanan,8,331,2779.0,E-Wallet,Tidak,Tidak,0.9,0,9.0,2025-10-26,Indonesia,0
PLG-10866,25.0,Laki-laki,Yogyakarta,Standar,30,2 Tahun,32,409,12623.0,Transfer Bank,Tidak,Ya,4.1,5,3.0,2023-10-07,Indonesia,1
PLG-10868,38.0,Perempuan,Bandung,Premium,100,Bulanan,4,645,2602.0,Kartu Kredit,Ya,Ya,3.6,2,7.0,2026-02-13,Indonesia,1
PLG-10869,26.0,Perempuan,Semarang,Basic,10,Tahunan,50,263,12715.0,Transfer Bank,Tidak,Ya,0.4,0,9.0,2022-04-08,Indonesia,0
PLG-10870,51.0,Perempuan,Bandung,Basic,10,Tahunan,10,281,2842.0,Transfer Bank,Tidak,Ya,0.2,0,8.0,2025-08-15,Indonesia,0
PLG-10871,18.0,Perempuan,MEDAN,Basic,10,Tahunan,69,209,14354.0,E-Wallet,Tidak,Tidak,0.8,1,5.0,2020-09-29,Indonesia,0
PLG-10872,41.0,Laki-laki,Jakarta,Standar,30,Bulanan,12,326,4056.0,Transfer Bank,Ya,Tidak,2.4,2,5.0,2025-06-11,Indonesia,0
PLG-10873,42.0,Laki-laki,Surabaya ,Premium,100,Bulanan,14,562,8010.0,Transfer Bank,Tidak,Tidak,5.1,1,,2025-04-18,Indonesia,1
PLG-10875,40.0,Perempuan,Jakarta,Standar,30,Bulanan,18,327,5671.0,Kartu Kredit,Ya,Tidak,2.0,2,,2024-12-20,Indonesia,0
PLG-10876,41.0,Perempuan,Semarang,Basic,10,Bulanan,7,202,1358.0,Transfer Bank,Ya,Tidak,0.7,0,7.0,2025-11-19,Indonesia,0
PLG-10877,18.0,Perempuan,Surabaya,Basic,10,Bulanan,9,196,1795.0,E-Wallet,Tidak,Tidak,0.3,0,8.0,2025-09-03,Indonesia,0
PLG-10879,57.0,Laki-laki,Denpasar,Standar,30,Bulanan,18,331,5978.0,Transfer Bank,Ya,Tidak,0.8,1,7.0,2024-12-27,Indonesia,0
PLG-10880,45.0,Laki-laki,Surabaya,Standar,30,2 Tahun,38,405,15536.0,Transfer Bank,Tidak,Ya,0.7,1,7.0,2023-04-19,Indonesia,0
PLG-10881,26.0,Perempuan,Bandung,Basic,10,Bulanan,8,201,1641.0,Transfer Bank,Ya,Tidak,1.8,2,6.0,2025-10-12,Indonesia,1
PLG-10882,49.0,Perempuan,Denpasar,Standar,30,Tahunan,2,396,829.0,Minimarket,Tidak,Ya,1.4,0,7.0,2026-04-14,Indonesia,0
PLG-10883,26.0,Laki-laki,Makassar,Standar,30,Bulanan,14,340,4899.0,E-Wallet,Ya,Tidak,0.3,0,8.0,2025-04-11,Indonesia,0
PLG-10884,40.0,Laki-laki,Makassar,Premium,100,Bulanan,33,536,17762.0,E-Wallet,Ya,Tidak,2.9,3,6.0,2023-09-09,Indonesia,0
PLG-10885,19.0,Laki-laki,Makassar,Basic,10,2 Tahun,22,290,6451.0,Transfer Bank,Tidak,Ya,0.6,1,7.0,2024-08-14,Indonesia,0
PLG-10887,41.0,Laki-laki,Bandung,Standar,30,Tahunan,4,319,1240.0,Minimarket,Tidak,Tidak,1.0,0,9.0,2026-02-12,Indonesia,0
PLG-10888,35.0,Laki-laki,Jakarta,Standar,30,Bulanan,6,314,1876.0,Minimarket,Tidak,Tidak,1.7,0,9.0,2025-12-09,Indonesia,0
PLG-10888,35.0,Laki-laki,Jakarta,Standar,30,Bulanan,6,314,1876.0,Minimarket,Tidak,Tidak,1.7,0,9.0,2025-12-09,Indonesia,0
PLG-10889,45.0,Perempuan,JAKARTA,Basic,10,Bulanan,3,188,589.0,Kartu Kredit,Ya,Tidak,1.0,0,,2026-03-07,Indonesia,0
PLG-10890,60.0,Laki-laki,Jakarta,Basic,10,Bulanan,4,200,836.0,E-Wallet,Tidak,Tidak,1.7,3,5.0,2026-02-23,Indonesia,1
PLG-10892,71.0,Perempuan,SURABAYA,Premium,100,Bulanan,9,629,5814.0,Kartu Kredit,Ya,Ya,4.4,5,3.0,2025-09-02,Indonesia,1
PLG-10894,55.0,Laki-laki,Semarang,Premium,100,Bulanan,19,548,10693.0,Transfer Bank,Tidak,Tidak,1.7,2,6.0,2024-11-02,Indonesia,1
PLG-10895,46.0,Perempuan,Jakarta,Standar,30,Tahunan,4,335,1317.0,,Tidak,Tidak,1.0,0,,2026-02-26,Indonesia,0
PLG-10896,37.0,Laki-laki,Jakarta,Basic,10,Bulanan,9,205,1780.0,Transfer Bank,Ya,Tidak,1.0,0,10.0,2025-09-17,Indonesia,0
PLG-10898,44.0,Laki-laki,Medan,Basic,10,Bulanan,18,290,5028.0,Transfer Bank,Ya,Ya,0.7,0,10.0,2024-12-27,Indonesia,0
PLG-10903,26.0,Perempuan,Bandung,Standar,30,2 Tahun,7,342,2503.0,Transfer Bank,Ya,Tidak,2.8,1,4.0,2025-11-18,Indonesia,0
PLG-10904,21.0,Laki-laki,Jakarta,Basic,10,Bulanan,14,203,2892.0,E-Wallet,Tidak,Tidak,1.4,1,8.0,2025-04-23,Indonesia,0
PLG-10905,41.0,Perempuan,Bandung,Standar,30,Bulanan,28,330,8812.0,Minimarket,Tidak,Tidak,2.8,2,4.0,2024-02-06,Indonesia,1
PLG-10906,42.0,Perempuan,Jakarta,Standar,30,2 Tahun,72,350,25130.0,E-Wallet,Tidak,Tidak,0.4,0,10.0,2020-06-14,Indonesia,0
PLG-10908,,Laki-laki,Jakarta,Premium,100,Tahunan,35,543,19308.0,Transfer Bank,Ya,Tidak,1.4,0,8.0,2023-07-24,Indonesia,0
PLG-10909,28.0,Laki-laki,Jakarta,Standar,30,Bulanan,2,337,702.0,Minimarket,Tidak,Tidak,0.4,1,7.0,2026-04-18,Indonesia,0
PLG-10912,67.0,Perempuan,Jakarta,Premium,100,2 Tahun,69,517,36282.0,E-Wallet,Ya,Tidak,0.3,0,7.0,2020-09-09,Indonesia,0
PLG-10915,40.0,Perempuan,Jakarta,Basic,10,2 Tahun,44,200,8475.0,Minimarket,Tidak,Tidak,1.3,0,,2022-10-27,Indonesia,0
PLG-10916,48.0,Perempuan,Jakarta,Premium,100,Bulanan,17,536,8781.0,Minimarket,Tidak,Tidak,0.5,0,8.0,2025-01-26,Indonesia,1
PLG-10918,40.0,Laki-laki,Yogyakarta,Standar,30,2 Tahun,3,336,963.0,Kartu Kredit,Ya,Tidak,1.1,2,5.0,2026-03-08,Indonesia,0
PLG-10920,58.0,Laki-laki,Bandung,Standar,30,Bulanan,42,347,15019.0,Transfer Bank,Tidak,Tidak,1.1,0,6.0,2022-12-14,Indonesia,0
PLG-10921,44.0,Laki-laki,Surabaya,Standar,30,Bulanan,12,337,4231.0,E-Wallet,Ya,Tidak,0.2,0,7.0,2025-06-27,Indonesia,0
PLG-10922,53.0,Perempuan,Jakarta,Basic,10,Tahunan,44,272,11636.0,Minimarket,Tidak,Ya,1.2,0,9.0,2022-10-25,Indonesia,0
PLG-10923,54.0,Perempuan,Makassar,Premium,100,Bulanan,8,547,4417.0,Transfer Bank,Tidak,Tidak,3.0,1,8.0,2025-10-09,Indonesia,1
PLG-10924,45.0,Perempuan,Jakarta,Standar,30,Bulanan,4,307,1190.0,Minimarket,Tidak,Tidak,1.0,0,,2026-02-26,Indonesia,1
PLG-10925,34.0,Laki-laki,Jakarta,Premium,100,2 Tahun,11,550,6068.0,Transfer Bank,Tidak,Tidak,0.3,1,7.0,2025-07-17,Indonesia,0
PLG-10926,31.0,Perempuan,Bandung,Standar,30,Bulanan,21,337,7029.0,Transfer Bank,Tidak,Tidak,5.8,2,3.0,2024-09-11,Indonesia,1
PLG-10927,28.0,Perempuan,yogyakarta,Standar,30,Tahunan,7,334,2375.0,Kartu Kredit,Tidak,Tidak,2.6,0,6.0,2025-11-10,Indonesia,0
PLG-10928,33.0,Perempuan,Semarang,Basic,10,Bulanan,9,281,2419.0,,Tidak,Ya,1.8,0,10.0,2025-09-04,Indonesia,0
PLG-10929,55.0,Perempuan,Makassar,Standar,30,Bulanan,9,410,3826.0,E-Wallet,Tidak,Ya,0.1,0,9.0,2025-09-16,Indonesia,0
PLG-10930,27.0,Laki-laki,Semarang,Basic,10,Tahunan,32,284,9442.0,Transfer Bank,Ya,Ya,2.6,1,7.0,2023-10-29,Indonesia,0
PLG-10931,18.0,Laki-laki,Bandung,Standar,30,2 Tahun,61,315,19013.0,E-Wallet,Tidak,Tidak,0.4,0,8.0,2021-05-21,Indonesia,0
PLG-10932,44.0,Perempuan,Denpasar,Basic,10,Bulanan,7,189,1318.0,Transfer Bank,Ya,Tidak,7.5,7,1.0,2025-11-29,Indonesia,1
PLG-10933,32.0,Laki-laki,Semarang,Standar,30,Bulanan,3,324,1009.0,Minimarket,Tidak,Tidak,1.0,0,,2026-03-22,Indonesia,0
PLG-10936,42.0,Laki-laki,Bandung,Basic,10,2 Tahun,72,280,19389.0,Transfer Bank,Tidak,Ya,0.4,0,9.0,2020-06-08,Indonesia,0
PLG-10939,31.0,Perempuan,Bandung,Basic,10,Bulanan,14,213,2865.0,Transfer Bank,Ya,Tidak,3.6,2,5.0,2025-04-06,Indonesia,1
PLG-10941,39.0,Perempuan,Bandung,Basic,10,2 Tahun,41,300,12147.0,E-Wallet,Tidak,Ya,0.5,1,9.0,2023-01-12,Indonesia,0
PLG-10942,37.0,Laki-laki,DENPASAR,Standar,30,Bulanan,1,315,324.0,Kartu Kredit,Ya,Tidak,1.8,0,6.0,2026-05-14,Indonesia,1
PLG-10943,31.0,Perempuan,Bandung,Standar,30,Bulanan,16,418,6907.0,Transfer Bank,Tidak,Ya,1.7,1,5.0,2025-02-20,Indonesia,0
PLG-10944,30.0,Perempuan,Semarang,Premium,100,2 Tahun,8,557,4653.0,Minimarket,Tidak,Tidak,1.5,0,9.0,2025-10-07,Indonesia,0
PLG-10945,45.0,Laki-laki,Yogyakarta ,Standar,30,Bulanan,11,340,3659.0,E-Wallet,Tidak,Tidak,1.4,0,,2025-07-25,Indonesia,1
PLG-10948,31.0,Laki-laki,Yogyakarta,Standar,30,Bulanan,10,411,4001.0,E-Wallet,Tidak,Ya,0.2,0,8.0,2025-08-28,Indonesia,1
PLG-10949,18.0,Perempuan,Yogyakarta,Basic,10,2 Tahun,4,304,1156.0,E-Wallet,Tidak,Ya,3.5,3,7.0,2026-02-14,Indonesia,0
PLG-10950,35.0,Perempuan,Medan,Standar,30,Bulanan,18,406,7147.0,Transfer Bank,Tidak,Ya,3.2,0,6.0,2024-12-05,Indonesia,1
PLG-10952,42.0,Laki-laki,Makassar,Standar,30,2 Tahun,36,397,14877.0,Transfer Bank,Ya,Ya,1.9,0,9.0,2023-06-15,Indonesia,0
PLG-10954,38.0,Perempuan,Jakarta,Standar,30,Bulanan,5,425,2030.0,Transfer Bank,Tidak,Ya,2.5,0,4.0,2026-01-14,Indonesia,1
PLG-10954,38.0,Perempuan,Jakarta,Standar,30,Bulanan,5,425,2030.0,Transfer Bank,Tidak,Ya,2.5,0,4.0,2026-01-14,Indonesia,1
PLG-10955,36.0,Laki-laki,Surabaya,Standar,30,Bulanan,13,407,5145.0,Minimarket,Tidak,Ya,0.2,1,6.0,2025-05-12,Indonesia,1
PLG-10956,,Laki-laki,Yogyakarta,Basic,10,Bulanan,21,183,4028.0,E-Wallet,Tidak,Tidak,0.9,0,10.0,2024-09-05,Indonesia,0
PLG-10957,45.0,Perempuan,Jakarta,Premium,100,Bulanan,6,549,3137.0,Minimarket,Tidak,Tidak,1.8,1,8.0,2025-12-18,Indonesia,1
PLG-10958,43.0,Perempuan,Medan,Basic,10,Tahunan,24,265,6279.0,Minimarket,Tidak,Ya,0.7,0,9.0,2024-06-05,Indonesia,0
PLG-10960,37.0,Perempuan,Jakarta,Basic,10,Bulanan,19,283,5485.0,E-Wallet,Tidak,Ya,1.5,1,7.0,2024-11-28,Indonesia,0
PLG-10962,43.0,Laki-laki,Semarang,Standar,30,2 Tahun,28,311,8350.0,E-Wallet,Tidak,Tidak,0.3,0,9.0,2024-02-08,Indonesia,0
PLG-10963,47.0,Laki-laki,Jakarta,Standar,30,Tahunan,36,418,15580.0,E-Wallet,Tidak,Ya,3.4,4,3.0,2023-06-27,Indonesia,0
PLG-10964,31.0,Laki-laki,Surabaya,Basic,10,Tahunan,28,209,5901.0,Minimarket,Tidak,Tidak,0.7,1,7.0,2024-02-08,Indonesia,0
PLG-10965,31.0,Perempuan,Surabaya,Standar,30,Bulanan,4,338,,Kartu Kredit,Ya,Tidak,2.0,1,5.0,2026-02-25,Indonesia,1
PLG-10966,61.0,Perempuan,Medan,Premium,100,Tahunan,14,656,8864.0,E-Wallet,Tidak,Ya,0.9,0,9.0,2025-04-21,Indonesia,0
PLG-10967,36.0,Perempuan,Surabaya,Basic,10,Bulanan,12,287,3345.0,E-Wallet,Ya,Ya,0.2,0,6.0,2025-06-14,Indonesia,0
PLG-10970,52.0,Perempuan,Surabaya,Basic,10,Tahunan,33,209,6914.0,E-Wallet,Tidak,Tidak,0.8,0,10.0,2023-09-22,Indonesia,0
PLG-10971,29.0,Laki-laki,Jakarta,Basic,10,Tahunan,26,185,4668.0,E-Wallet,Ya,Tidak,0.4,0,8.0,2024-04-30,Indonesia,0
PLG-10972,29.0,Perempuan,Jakarta,Standar,30,Bulanan,14,305,4471.0,Minimarket,Tidak,Tidak,6.7,3,3.0,2025-04-30,Indonesia,1
PLG-10975,32.0,Laki-laki,Jakarta,Basic,10,Tahunan,19,220,4278.0,E-Wallet,Ya,Tidak,0.9,1,9.0,2024-11-23,Indonesia,0
PLG-10978,47.0,Perempuan,Bandung,Standar,30,Bulanan,27,326,8805.0,Transfer Bank,Tidak,Tidak,0.2,1,7.0,2024-03-11,Indonesia,0
PLG-10979,32.0,Perempuan,Makassar,Standar,30,Tahunan,42,328,13756.0,E-Wallet,Tidak,Tidak,0.5,0,10.0,2022-12-12,Indonesia,0
PLG-10980,18.0,Laki-laki,Bandung,Basic,10,2 Tahun,10,205,1967.0,Transfer Bank,Tidak,Tidak,0.3,0,6.0,2025-08-29,Indonesia,0
PLG-10981,29.0,Laki-laki,Yogyakarta,Basic,10,2 Tahun,51,271,14472.0,Kartu Kredit,Ya,Ya,0.9,0,9.0,2022-03-16,Indonesia,0
PLG-10983,44.0,Perempuan,Semarang,Standar,30,Tahunan,43,328,13831.0,Kartu Kredit,Ya,Tidak,1.0,1,8.0,2022-11-05,Indonesia,0
PLG-10984,,Laki-laki,Jakarta,Basic,10,Tahunan,43,188,7931.0,E-Wallet,Ya,Tidak,3.7,1,8.0,2022-11-12,Indonesia,0
PLG-10985,48.0,Laki-laki,Jakarta,Standar,30,Tahunan,34,418,14517.0,Minimarket,Tidak,Ya,2.8,2,,2023-08-13,Indonesia,1
PLG-10987,37.0,Laki-laki,Bandung,Basic,10,Tahunan,37,300,10688.0,Transfer Bank,Ya,Ya,1.9,1,9.0,2023-05-15,Indonesia,0
PLG-10989,33.0,Perempuan,Yogyakarta,Standar,30,Tahunan,33,316,10224.0,Transfer Bank,Tidak,Tidak,3.8,2,6.0,2023-09-03,Indonesia,0
PLG-10990,20.0,Laki-laki,Medan,Basic,10,Bulanan,3,210,653.0,E-Wallet,Tidak,Tidak,0.6,1,7.0,2026-03-18,Indonesia,1
PLG-10991,31.0,Laki-laki,Bandung,Premium,100,2 Tahun,38,523,19195.0,Kartu Kredit,Ya,Tidak,2.7,2,7.0,2023-04-22,Indonesia,0
PLG-10992,44.0,Laki-laki,Bandung,Basic,10,Bulanan,2,284,568.0,Transfer Bank,Ya,Ya,1.7,2,6.0,2026-04-30,Indonesia,1
PLG-10993,45.0,Perempuan,Surabaya,Standar,30,Bulanan,6,428,,E-Wallet,Tidak,Ya,1.7,2,6.0,2025-12-25,Indonesia,1
PLG-10994,34.0,Laki-laki,Makassar,Premium,100,2 Tahun,49,561,27505.0,E-Wallet,Tidak,Tidak,2.8,1,7.0,2022-05-13,Indonesia,0
PLG-10995,32.0,Perempuan,Semarang,Standar,30,Bulanan,7,315,2148.0,E-Wallet,Tidak,Tidak,2.3,4,,2025-11-29,Indonesia,1
PLG-10996,28.0,Laki-laki,Surabaya,Premium,100,Bulanan,6,544,3407.0,Transfer Bank,Ya,Tidak,0.9,1,,2025-12-11,Indonesia,0
PLG-10997,40.0,Perempuan,Bandung,Standar,30,2 Tahun,72,323,22711.0,Transfer Bank,Tidak,Tidak,2.3,1,5.0,2020-06-25,Indonesia,0
PLG-10999,49.0,Perempuan,Surabaya,Standar,30,Tahunan,8,340,2598.0,Minimarket,Tidak,Tidak,0.5,1,,2025-10-28,Indonesia,1
PLG-11000,44.0,Laki-laki,Jakarta,Premium,100,2 Tahun,59,549,32101.0,Kartu Kredit,Ya,Tidak,2.9,2,7.0,2021-07-06,Indonesia,0
PLG-11001,37.0,Perempuan,Bandung,Standar,30,Bulanan,16,334,5142.0,Kartu Kredit,Ya,Tidak,1.6,0,10.0,2025-02-03,Indonesia,0
PLG-11002,26.0,Perempuan,Jakarta,Basic,10,Bulanan,32,284,9253.0,E-Wallet,Tidak,Ya,2.1,0,7.0,2023-10-19,Indonesia,0
PLG-11007,40.0,Laki-laki,Surabaya,Basic,10,Bulanan,6,262,1506.0,E-Wallet,Tidak,Ya,1.5,1,,2025-12-16,Indonesia,0
PLG-11008,44.0,Laki-laki,Bandung,Basic,10,Tahunan,12,214,2662.0,Minimarket,Tidak,Tidak,2.0,0,8.0,2025-06-22,Indonesia,0
PLG-11009,36.0,Perempuan,Semarang,Standar,30,Tahunan,10,322,3311.0,Transfer Bank,Tidak,Tidak,3.2,3,5.0,2025-08-12,Indonesia,0
PLG-11010,37.0,Laki-laki,Bandung,Premium,100,Bulanan,15,557,8408.0,Transfer Bank,Tidak,Tidak,0.7,1,6.0,2025-03-16,Indonesia,1
PLG-11011,40.0,Perempuan,Surabaya,Basic,10,Tahunan,22,226,5209.0,Transfer Bank,Tidak,Tidak,1.5,0,8.0,2024-08-09,Indonesia,0
PLG-11012,18.0,Laki-laki,jakarta,Standar,30,Bulanan,2,330,687.0,Minimarket,Tidak,Tidak,0.2,1,8.0,2026-04-08,Indonesia,1
PLG-11013,43.0,Perempuan,Bandung,Standar,30,Bulanan,19,403,7997.0,Kartu Kredit,Ya,Ya,2.5,0,5.0,2024-11-18,Indonesia,0
PLG-11014,31.0,Perempuan,Medan,Basic,10,Bulanan,19,209,3894.0,Transfer Bank,Ya,Tidak,4.9,1,7.0,2024-11-29,Indonesia,0
PLG-11015,18.0,Perempuan,Bandung,Standar,30,Bulanan,10,327,3382.0,E-Wallet,Tidak,Tidak,1.7,0,8.0,2025-08-10,Indonesia,0
PLG-11016,18.0,Perempuan,Surabaya,Basic,10,Tahunan,16,284,4509.0,Transfer Bank,Tidak,Ya,1.2,0,7.0,2025-02-22,Indonesia,0
PLG-11017,47.0,Laki-laki,Bandung,Standar,30,Bulanan,7,322,2215.0,Transfer Bank,Tidak,Tidak,0.5,0,8.0,2025-11-18,Indonesia,1
PLG-11018,38.0,Laki-laki,Surabaya,Basic,10,Bulanan,10,188,1959.0,Transfer Bank,Ya,Tidak,0.6,0,8.0,2025-08-13,Indonesia,0
PLG-11019,37.0,Perempuan,Bandung,Standar,30,Bulanan,24,341,8439.0,E-Wallet,Ya,Tidak,2.3,1,5.0,2024-06-04,Indonesia,1
PLG-11020,36.0,Laki-laki,Jakarta,Basic,10,Bulanan,4,198,794.0,Transfer Bank,Ya,Tidak,0.9,1,8.0,2026-02-15,Indonesia,0
PLG-11021,35.0,Laki-laki,Makassar,Standar,30,2 Tahun,56,412,23358.0,Minimarket,Tidak,Ya,1.2,0,6.0,2021-10-26,Indonesia,0
PLG-11022,49.0,Laki-laki,Denpasar,Standar,30,Tahunan,10,330,3280.0,Kartu Kredit,Tidak,Tidak,0.7,0,10.0,2025-08-23,Indonesia,0
PLG-11023,25.0,Laki-laki,Jakarta,Premium,100,Tahunan,4,535,2162.0,Minimarket,Tidak,Tidak,3.7,3,3.0,2026-02-16,Indonesia,1
PLG-11026,50.0,Laki-laki,Jakarta,Standar,30,Tahunan,12,338,3855.0,Kartu Kredit,Tidak,Tidak,0.1,0,6.0,2025-06-10,Indonesia,0
PLG-11027,26.0,Perempuan,Denpasar,Basic,10,Tahunan,40,199,7574.0,Minimarket,Tidak,Tidak,1.1,1,10.0,2023-02-07,Indonesia,0
PLG-11028,25.0,Laki-laki,Makassar,Basic,10,2 Tahun,72,206,14873.0,Minimarket,Tidak,Tidak,0.6,0,8.0,2020-06-18,Indonesia,0
PLG-11030,49.0,Perempuan,Denpasar,Basic,10,2 Tahun,72,289,21664.0,Transfer Bank,Ya,Ya,0.5,0,8.0,2020-06-07,Indonesia,0
PLG-11031,38.0,Laki-laki,Jakarta,Basic,10,Bulanan,8,195,1627.0,E-Wallet,Tidak,Tidak,0.7,2,7.0,2025-10-10,Indonesia,1
PLG-11033,49.0,Laki-laki,Yogyakarta,Basic,10,2 Tahun,54,288,16040.0,Transfer Bank,Tidak,Ya,0.3,1,7.0,2021-12-12,Indonesia,0
PLG-11034,42.0,Perempuan,Surabaya,Basic,10,Tahunan,72,167,12530.0,Minimarket,Tidak,Tidak,1.8,2,4.0,2020-06-07,Indonesia,0
PLG-11036,46.0,Laki-laki,Bandung,Basic,10,Tahunan,10,208,1998.0,E-Wallet,Tidak,Tidak,3.0,2,,2025-08-24,Indonesia,1
PLG-11037,36.0,Laki-laki,Makassar,Premium,100,Tahunan,6,618,3797.0,Transfer Bank,Tidak,Ya,3.1,1,6.0,2025-12-02,Indonesia,1
PLG-11038,37.0,Laki-laki,Bandung,Basic,10,Bulanan,3,266,761.0,Transfer Bank,Tidak,Ya,0.2,0,7.0,2026-03-21,Indonesia,1
PLG-11039,42.0,Perempuan,Surabaya,Premium,100,Tahunan,4,559,2181.0,Kartu Kredit,Ya,Tidak,3.0,1,9.0,2026-02-10,Indonesia,1
PLG-11040,54.0,Laki-laki,Jakarta,Basic,10,Bulanan,14,297,4320.0,E-Wallet,Tidak,Ya,0.8,1,8.0,2025-04-09,Indonesia,0
PLG-11041,39.0,Laki-laki,Yogyakarta,Basic,10,Tahunan,32,200,6106.0,Transfer Bank,Tidak,Tidak,0.2,0,9.0,2023-10-28,Indonesia,0
PLG-11043,44.0,Laki-laki,Surabaya,Standar,30,Tahunan,41,423,17462.0,Transfer Bank,Tidak,Ya,1.2,1,,2023-01-05,Indonesia,0
PLG-11044,26.0,Perempuan,Jakarta,Standar,30,Bulanan,31,435,13993.0,E-Wallet,Ya,Ya,1.9,0,,2023-11-23,Indonesia,0
PLG-11046,29.0,Laki-laki,Jakarta,Basic,10,2 Tahun,72,174,12723.0,E-Wallet,Ya,Tidak,1.0,1,8.0,2020-06-07,Indonesia,0
PLG-11047,40.0,Laki-laki,Semarang,Standar,30,Tahunan,66,334,21673.0,Transfer Bank,Ya,Tidak,0.6,0,9.0,2020-12-19,Indonesia,0
PLG-11048,,Perempuan,Medan,Standar,30,2 Tahun,34,329,11396.0,E-Wallet,Ya,Tidak,6.7,0,6.0,2023-08-30,Indonesia,0
PLG-11049,51.0,Laki-laki,Surabaya,Basic,10,Bulanan,16,291,,E-Wallet,Tidak,Ya,0.6,1,7.0,2025-02-10,Indonesia,1
PLG-11050,42.0,Perempuan,Medan,Standar,30,Bulanan,1,330,328.0,Minimarket,Tidak,Tidak,3.7,1,,2026-05-26,Indonesia,1
PLG-11051,34.0,Perempuan,Denpasar,Standar,30,2 Tahun,32,329,10506.0,Transfer Bank,Ya,Tidak,3.3,1,8.0,2023-10-05,Indonesia,0
PLG-11053,35.0,Perempuan,makassar,Standar,30,Bulanan,2,313,622.0,,Tidak,Tidak,1.4,0,9.0,2026-04-27,Indonesia,0
PLG-11054,44.0,Perempuan,Bandung,Premium,100,2 Tahun,24,635,15239.0,E-Wallet,Ya,Ya,2.1,0,7.0,2024-06-12,Indonesia,0
PLG-11056,45.0,Laki-laki,Yogyakarta,Standar,30,Bulanan,22,411,8932.0,Transfer Bank,Tidak,Ya,2.1,1,7.0,2024-08-15,Indonesia,0
PLG-11057,39.0,Perempuan,Yogyakarta,Standar,30,Tahunan,46,352,15625.0,Transfer Bank,Ya,Tidak,1.5,3,5.0,2022-08-29,Indonesia,0
PLG-11059,29.0,Laki-laki,Makassar,Basic,10,Bulanan,1,284,291.0,Kartu Kredit,Ya,Ya,2.3,2,,2026-05-10,Indonesia,1
PLG-11060,46.0,Perempuan,Semarang,Basic,10,Bulanan,3,273,852.0,E-Wallet,Ya,Ya,0.5,0,9.0,2026-03-23,Indonesia,0
PLG-11062,49.0,Laki-laki,Surabaya,Standar,30,Bulanan,12,349,4156.0,Minimarket,Tidak,Tidak,1.6,1,6.0,2025-06-26,Indonesia,1
PLG-11063,41.0,Laki-laki,Surabaya,Basic,10,Bulanan,54,210,11694.0,Transfer Bank,Tidak,Tidak,1.8,0,10.0,2021-12-19,Indonesia,0
PLG-11065,44.0,Laki-laki,Bandung,Standar,30,Tahunan,18,353,6208.0,Transfer Bank,Tidak,Tidak,0.6,1,6.0,2024-12-14,Indonesia,0
PLG-11066,43.0,Perempuan,Jakarta ,Basic,10,Tahunan,39,207,8430.0,Transfer Bank,Tidak,Tidak,2.7,2,9.0,2023-03-10,Indonesia,0
PLG-11067,33.0,Laki-laki,Surabaya,Basic,10,Bulanan,7,272,1838.0,Kartu Kredit,Ya,Ya,1.7,2,,2025-11-26,Indonesia,1
PLG-11068,42.0,Perempuan,Jakarta,Premium,100,Bulanan,1,535,542.0,Transfer Bank,Ya,Tidak,1.3,0,7.0,2026-05-13,Indonesia,1
PLG-11069,45.0,Laki-laki,Medan,Standar,30,Tahunan,27,405,10710.0,E-Wallet,Tidak,Ya,5.3,3,,2024-03-08,Indonesia,1
PLG-11071,52.0,Perempuan,Jakarta,Premium,100,Bulanan,14,543,7912.0,E-Wallet,Tidak,Tidak,1.0,0,9.0,2025-04-28,Indonesia,0
PLG-11072,37.0,Perempuan,Bandung,Premium,100,Bulanan,11,644,6747.0,Minimarket,Tidak,Ya,1.8,0,9.0,2025-07-11,Indonesia,0
PLG-11076,45.0,Laki-laki,Jakarta,Standar,30,Bulanan,8,426,3419.0,E-Wallet,Tidak,Ya,2.3,2,6.0,2025-10-27,Indonesia,1
PLG-11077,39.0,Perempuan,Makassar,Basic,10,Bulanan,3,186,567.0,Minimarket,Tidak,Tidak,1.2,0,9.0,2026-03-29,Indonesia,0
PLG-11078,31.0,Laki-laki,Surabaya,Premium,100,Tahunan,64,626,41265.0,Minimarket,Tidak,Ya,0.2,1,8.0,2021-02-20,Indonesia,0
PLG-11079,38.0,Perempuan,Denpasar ,Basic,10,2 Tahun,10,199,1951.0,Minimarket,Tidak,Tidak,0.8,1,8.0,2025-08-16,Indonesia,0
PLG-11082,48.0,Perempuan,Jakarta,Basic,10,Bulanan,18,290,5425.0,E-Wallet,Tidak,Ya,1.9,0,9.0,2024-12-11,Indonesia,0
PLG-11084,35.0,Laki-laki,Makassar,Basic,10,2 Tahun,10,191,1975.0,E-Wallet,Tidak,Tidak,2.4,2,4.0,2025-08-12,Indonesia,0
PLG-11085,48.0,Perempuan,Denpasar,Standar,30,Tahunan,19,412,7883.0,,Tidak,Ya,0.7,0,7.0,2024-11-18,Indonesia,0
PLG-11086,31.0,Perempuan,Medan,Basic,10,Bulanan,5,282,1458.0,Kartu Kredit,Tidak,Ya,1.1,2,7.0,2026-01-20,Indonesia,1
PLG-11087,57.0,Laki-laki,Surabaya,Standar,30,Tahunan,34,318,11331.0,E-Wallet,Tidak,Tidak,1.0,0,7.0,2023-08-12,Indonesia,0
PLG-11088,,Laki-laki,Bandung,Premium,100,2 Tahun,28,548,14645.0,Transfer Bank,Tidak,Tidak,0.3,2,5.0,2024-02-25,Indonesia,0
PLG-11090,47.0,Laki-laki,Semarang,Standar,30,Bulanan,17,429,7089.0,Transfer Bank,Ya,Ya,3.6,1,,2025-01-04,Indonesia,1
PLG-11091,27.0,Laki-laki,Surabaya,Basic,10,Tahunan,27,278,7562.0,E-Wallet,Tidak,Ya,1.5,4,,2024-03-08,Indonesia,1
PLG-11092,41.0,Laki-laki,Jakarta,Premium,100,Bulanan,7,627,4318.0,E-Wallet,Ya,Ya,1.2,0,8.0,2025-11-09,Indonesia,0
PLG-11093,38.0,Perempuan,Yogyakarta,Standar,30,Bulanan,20,331,6829.0,Transfer Bank,Ya,Tidak,0.6,0,8.0,2024-10-09,Indonesia,0
PLG-11095,41.0,Laki-laki,Medan,Basic,10,Tahunan,72,195,13350.0,Minimarket,Tidak,Tidak,1.6,1,8.0,2020-06-22,Indonesia,0
PLG-11096,40.0,Perempuan,Surabaya,Standar,30,Tahunan,12,405,5079.0,E-Wallet,Ya,Ya,2.3,3,,2025-06-24,Indonesia,0
PLG-11097,18.0,Laki-laki,Denpasar,Premium,100,Bulanan,22,553,12091.0,E-Wallet,Tidak,Tidak,0.7,0,7.0,2024-08-17,Indonesia,0
PLG-11098,27.0,Laki-laki,Bandung,Basic,10,Tahunan,35,275,9202.0,E-Wallet,Tidak,Ya,1.0,2,7.0,2023-07-05,Indonesia,0
PLG-11099,43.0,Laki-laki,Jakarta,Basic,10,Tahunan,14,190,2678.0,E-Wallet,Ya,Tidak,1.3,1,6.0,2025-04-07,Indonesia,0
PLG-11101,41.0,Perempuan,Semarang,Standar,30,Bulanan,12,330,3902.0,Minimarket,Tidak,Tidak,7.8,4,1.0,2025-06-06,Indonesia,1
PLG-11103,57.0,Laki-laki,Jakarta,Premium,100,Tahunan,11,545,6090.0,E-Wallet,Ya,Tidak,0.4,0,7.0,2025-07-11,Indonesia,0
PLG-11105,36.0,Laki-laki,Semarang ,Basic,10,Bulanan,22,175,3820.0,Minimarket,Tidak,Tidak,0.4,0,8.0,2024-08-15,Indonesia,0
PLG-11106,41.0,Laki-laki,Jakarta,Premium,100,2 Tahun,72,553,40349.0,Transfer Bank,Tidak,Tidak,2.0,0,8.0,2020-06-27,Indonesia,0
PLG-11107,,Perempuan,Makassar,Basic,10,Bulanan,11,213,2263.0,Transfer Bank,Ya,Tidak,0.5,0,9.0,2025-07-15,Indonesia,0
PLG-11108,35.0,Perempuan,Bandung,Standar,30,Bulanan,6,324,1969.0,E-Wallet,Tidak,Tidak,0.3,0,7.0,2025-12-06,Indonesia,0
PLG-11109,37.0,Perempuan,Jakarta,Standar,30,Bulanan,4,337,1397.0,E-Wallet,Tidak,Tidak,2.0,1,8.0,2026-02-01,Indonesia,1
PLG-11111,39.0,Laki-laki,Medan,Standar,30,2 Tahun,6,328,1917.0,Minimarket,Tidak,Tidak,4.7,2,4.0,2025-12-17,Indonesia,1
PLG-11112,48.0,Perempuan,Jakarta,Basic,10,2 Tahun,51,204,10232.0,Minimarket,Tidak,Tidak,0.2,0,7.0,2022-03-08,Indonesia,0
PLG-11115,19.0,Perempuan,Makassar,Standar,30,Bulanan,9,338,3019.0,Kartu Kredit,Ya,Tidak,2.3,2,9.0,2025-09-06,Indonesia,0
PLG-11117,18.0,Perempuan,Jakarta,Basic,10,Tahunan,32,206,6376.0,Transfer Bank,Ya,Tidak,0.1,0,8.0,2023-10-29,Indonesia,0
PLG-11119,39.0,Laki-laki,Jakarta,Basic,10,Tahunan,15,200,2902.0,Transfer Bank,Tidak,Tidak,2.3,3,5.0,2025-03-29,Indonesia,0
PLG-11120,35.0,Laki-laki,Surabaya,Basic,10,Tahunan,21,199,4387.0,Transfer Bank,Tidak,Tidak,0.1,1,10.0,2024-09-20,Indonesia,0
PLG-11121,42.0,Perempuan,Jakarta,Premium,100,Tahunan,22,551,12530.0,Minimarket,Tidak,Tidak,0.4,0,8.0,2024-08-25,Indonesia,0
PLG-11124,34.0,Laki-laki,Makassar,Basic,10,Bulanan,30,297,9263.0,E-Wallet,Ya,Ya,8.8,7,2.0,2023-12-03,Indonesia,1
PLG-11125,42.0,Perempuan,Medan,Standar,30,Tahunan,21,316,6346.0,Transfer Bank,Tidak,Tidak,3.6,4,,2024-09-23,Indonesia,1
PLG-11128,40.0,Laki-laki,Surabaya,Premium,100,Tahunan,29,560,16320.0,Minimarket,Tidak,Tidak,0.1,0,,2024-01-13,Indonesia,0
PLG-11131,46.0,Laki-laki,Bandung,Basic,10,Tahunan,28,263,7529.0,Transfer Bank,Tidak,Ya,4.0,4,4.0,2024-02-03,Indonesia,0
PLG-11132,32.0,Laki-laki,Medan,Basic,10,Bulanan,8,295,2326.0,Minimarket,Tidak,Ya,4.2,3,3.0,2025-10-29,Indonesia,1
PLG-11133,37.0,Perempuan,Bandung,Standar,30,Bulanan,10,348,3575.0,E-Wallet,Tidak,Tidak,0.5,0,9.0,2025-08-25,Indonesia,0
PLG-11134,42.0,Perempuan,SEMARANG,Basic,10,2 Tahun,12,219,2520.0,Kartu Kredit,Ya,Tidak,0.5,0,6.0,2025-06-30,Indonesia,0
PLG-11136,41.0,Laki-laki,Makassar,Basic,10,Tahunan,10,290,2888.0,,Tidak,Ya,1.3,1,7.0,2025-08-05,Indonesia,0
PLG-11137,40.0,Perempuan,Jakarta,Standar,30,Tahunan,30,427,12330.0,E-Wallet,Tidak,Ya,0.6,1,7.0,2023-12-28,Indonesia,0
PLG-11138,53.0,Perempuan,Surabaya,Premium,100,2 Tahun,72,573,39429.0,E-Wallet,Tidak,Tidak,3.1,0,7.0,2020-06-21,Indonesia,0
PLG-11140,18.0,Perempuan,Makassar,Basic,10,Bulanan,6,218,1291.0,Minimarket,Tidak,Tidak,2.1,0,6.0,2025-12-08,Indonesia,1
PLG-11142,42.0,Perempuan,Makassar,Basic,10,Bulanan,18,191,3382.0,Transfer Bank,Ya,Tidak,3.1,2,7.0,2024-12-06,Indonesia,1
PLG-11143,40.0,Laki-laki,Jakarta,Basic,10,Bulanan,6,291,1693.0,Kartu Kredit,Ya,Ya,0.3,0,10.0,2025-12-09,Indonesia,0
PLG-11144,46.0,Perempuan,Makassar,Standar,30,2 Tahun,23,333,7568.0,Kartu Kredit,Ya,Tidak,2.7,3,6.0,2024-07-28,Indonesia,0
PLG-11145,31.0,Perempuan,Jakarta,Standar,30,Bulanan,16,406,6768.0,Transfer Bank,Tidak,Ya,0.8,1,7.0,2025-02-17,Indonesia,0
PLG-11148,51.0,Perempuan,Medan,Standar,30,Bulanan,2,334,683.0,E-Wallet,Tidak,Tidak,6.5,6,,2026-04-27,Indonesia,1
PLG-11150,45.0,Perempuan,Surabaya,Basic,10,Bulanan,10,213,2034.0,Kartu Kredit,Tidak,Tidak,2.3,0,,2025-08-25,Indonesia,0
PLG-11151,37.0,Perempuan,Denpasar,Basic,10,Tahunan,12,186,2283.0,Kartu Kredit,Ya,Tidak,2.9,3,5.0,2025-06-10,Indonesia,0
PLG-11155,23.0,Laki-laki,Jakarta,Basic,10,Tahunan,52,208,11355.0,Transfer Bank,Ya,Tidak,1.1,0,7.0,2022-02-05,Indonesia,0
PLG-11156,18.0,Perempuan,Surabaya,Standar,30,Bulanan,7,312,2278.0,Kartu Kredit,Tidak,Tidak,0.3,0,7.0,2025-11-16,Indonesia,1
PLG-11157,35.0,Laki-laki,Semarang,Basic,10,Tahunan,18,297,5588.0,Transfer Bank,Tidak,Ya,1.6,0,6.0,2024-12-07,Indonesia,0
PLG-11158,28.0,Perempuan,Jakarta,Basic,10,2 Tahun,44,190,8133.0,Transfer Bank,Ya,Tidak,0.8,1,7.0,2022-10-08,Indonesia,0
PLG-11159,32.0,Perempuan,Jakarta,Standar,30,Bulanan,2,317,,E-Wallet,Ya,Tidak,1.4,0,6.0,2026-04-09,Indonesia,1
PLG-11161,54.0,Perempuan,Medan,Basic,10,Tahunan,28,219,5844.0,Transfer Bank,Tidak,Tidak,2.0,0,8.0,2024-02-19,Indonesia,0
PLG-11162,18.0,Laki-laki,Jakarta,Premium,100,2 Tahun,16,630,10189.0,E-Wallet,Tidak,Ya,0.3,0,9.0,2025-02-15,Indonesia,0
PLG-11165,32.0,Perempuan,Jakarta,Standar,30,Tahunan,5,329,1624.0,E-Wallet,Ya,Tidak,0.7,0,5.0,2026-01-12,Indonesia,0
PLG-11166,36.0,Perempuan,Bandung,Premium,100,Bulanan,1,629,612.0,Minimarket,Tidak,Ya,1.1,2,8.0,2026-05-13,Indonesia,1
PLG-11167,27.0,Laki-laki,Jakarta,Premium,100,Bulanan,35,564,20646.0,E-Wallet,Ya,Tidak,0.4,0,8.0,2023-07-21,Indonesia,0
PLG-11168,25.0,Perempuan,Jakarta,Standar,30,2 Tahun,47,330,15053.0,Minimarket,Tidak,Tidak,2.5,1,6.0,2022-07-05,Indonesia,0
PLG-11170,35.0,Perempuan,Medan,Basic,10,2 Tahun,11,188,2005.0,Transfer Bank,Tidak,Tidak,1.3,1,8.0,2025-07-26,Indonesia,0
PLG-11173,59.0,Laki-laki,Makassar,Standar,30,2 Tahun,72,333,24883.0,Minimarket,Tidak,Tidak,0.6,1,9.0,2020-06-09,Indonesia,0
PLG-11176,32.0,Perempuan,Bandung,Basic,10,Bulanan,9,306,2879.0,Transfer Bank,Tidak,Ya,0.7,0,8.0,2025-09-03,Indonesia,0
PLG-11177,55.0,Perempuan,Bandung,Basic,10,Bulanan,3,275,815.0,E-Wallet,Ya,Ya,0.0,0,10.0,2026-03-17,Indonesia,0
PLG-11178,36.0,Perempuan,Medan,Basic,10,Bulanan,33,203,6904.0,Transfer Bank,Tidak,Tidak,2.7,0,7.0,2023-09-26,Indonesia,0
PLG-11180,47.0,Laki-laki,Makassar,Premium,100,Bulanan,18,634,11304.0,Transfer Bank,Tidak,Ya,0.6,1,9.0,2024-12-15,Indonesia,0
PLG-11181,41.0,Laki-laki,Jakarta,Standar,30,Tahunan,14,333,4676.0,Transfer Bank,Ya,Tidak,3.4,1,8.0,2025-04-06,Indonesia,0
PLG-11184,18.0,Laki-laki,jakarta,Standar,30,Bulanan,27,316,,Minimarket,Tidak,Tidak,0.6,1,,2024-03-27,Indonesia,1
PLG-11185,39.0,Perempuan,DENPASAR,Basic,10,Bulanan,3,192,569.0,Transfer Bank,Tidak,Tidak,0.5,0,9.0,2026-03-30,Indonesia,0
PLG-11185,39.0,Perempuan,DENPASAR,Basic,10,Bulanan,3,192,569.0,Transfer Bank,Tidak,Tidak,0.5,0,9.0,2026-03-30,Indonesia,0
PLG-11186,44.0,Laki-laki,Yogyakarta,Premium,100,2 Tahun,72,536,37628.0,Transfer Bank,Ya,Tidak,1.0,0,7.0,2020-06-19,Indonesia,0
PLG-11187,52.0,Perempuan,Yogyakarta,Basic,10,Bulanan,6,197,1208.0,E-Wallet,Tidak,Tidak,2.5,1,7.0,2025-12-08,Indonesia,1
PLG-11190,44.0,Laki-laki,Jakarta,Premium,100,Tahunan,13,637,8605.0,Transfer Bank,Tidak,Ya,0.2,0,9.0,2025-05-14,Indonesia,0
PLG-11193,28.0,Perempuan,Jakarta,Basic,10,Tahunan,3,284,820.0,Minimarket,Tidak,Ya,0.6,0,9.0,2026-03-21,Indonesia,0
PLG-11194,58.0,Laki-laki,Surabaya,Basic,10,Bulanan,9,189,1743.0,E-Wallet,Tidak,Tidak,0.2,0,9.0,2025-09-08,Indonesia,0
PLG-11195,32.0,Perempuan,Jakarta,Standar,30,Tahunan,41,359,14674.0,Transfer Bank,Ya,Tidak,0.1,0,6.0,2023-01-24,Indonesia,0
PLG-11196,30.0,Laki-laki,Denpasar,Standar,30,Bulanan,9,397,3605.0,Transfer Bank,Ya,Ya,0.7,0,8.0,2025-09-20,Indonesia,0
PLG-11201,50.0,Perempuan,Jakarta,Standar,30,Bulanan,5,318,1521.0,E-Wallet,Ya,Tidak,0.7,1,8.0,2026-01-04,Indonesia,0
PLG-11202,28.0,Perempuan,Jakarta,Premium,100,2 Tahun,28,561,15865.0,E-Wallet,Tidak,Tidak,0.6,1,8.0,2024-02-14,Indonesia,0
PLG-11203,43.0,Laki-laki,Surabaya,Standar,30,Bulanan,3,301,876.0,Transfer Bank,Ya,Tidak,1.1,1,8.0,2026-03-08,Indonesia,0
PLG-11207,32.0,Perempuan,Denpasar,Basic,10,Bulanan,11,277,3040.0,E-Wallet,Ya,Ya,1.0,0,8.0,2025-07-27,Indonesia,0
PLG-11208,42.0,Laki-laki,Jakarta,Standar,30,Bulanan,2,399,758.0,Minimarket,Tidak,Ya,1.6,0,9.0,2026-04-22,Indonesia,1
PLG-11209,47.0,Laki-laki,bandung,Standar,30,Tahunan,13,320,4135.0,E-Wallet,Tidak,Tidak,1.1,2,6.0,2025-05-30,Indonesia,0
PLG-11210,41.0,Laki-laki,Bandung,Standar,30,Tahunan,46,329,15511.0,Transfer Bank,Tidak,Tidak,1.0,2,6.0,2022-08-30,Indonesia,0
PLG-11212,27.0,Perempuan,Jakarta,Standar,30,Bulanan,9,334,3062.0,Transfer Bank,Tidak,Tidak,1.1,2,8.0,2025-09-09,Indonesia,1
PLG-11213,30.0,Perempuan,Makassar,Standar,30,Bulanan,8,331,2695.0,Transfer Bank,Ya,Tidak,1.2,1,10.0,2025-10-13,Indonesia,0
PLG-11214,34.0,Laki-laki,Surabaya,Basic,10,2 Tahun,26,286,7514.0,Transfer Bank,Ya,Ya,3.7,2,5.0,2024-04-29,Indonesia,0
PLG-11216,29.0,Laki-laki,Jakarta,Basic,10,2 Tahun,23,184,4166.0,Transfer Bank,Tidak,Tidak,0.5,0,9.0,2024-07-18,Indonesia,0
PLG-11218,48.0,Perempuan,Surabaya,Premium,100,Bulanan,8,548,4564.0,Minimarket,Tidak,Tidak,0.6,1,7.0,2025-10-24,Indonesia,1
PLG-11219,37.0,Perempuan,Medan,Standar,30,Bulanan,4,393,1526.0,Minimarket,Tidak,Ya,3.5,2,3.0,2026-02-03,Indonesia,1
PLG-11222,38.0,Laki-laki,Denpasar,Standar,30,Tahunan,38,329,12321.0,Minimarket,Tidak,Tidak,0.9,0,6.0,2023-04-08,Indonesia,0
PLG-11226,38.0,Laki-laki,Bandung,Standar,30,Bulanan,16,398,6142.0,Kartu Kredit,Ya,Ya,1.5,5,,2025-02-16,Indonesia,1
PLG-11227,48.0,Laki-laki,Jakarta,Standar,30,2 Tahun,36,353,12792.0,Minimarket,Tidak,Tidak,2.2,4,6.0,2023-06-25,Indonesia,1
PLG-11229,40.0,Perempuan,Jakarta,Premium,100,Tahunan,54,538,27692.0,Transfer Bank,Tidak,Tidak,2.0,3,8.0,2021-12-06,Indonesia,0
PLG-11231,36.0,Perempuan,Jakarta,Standar,30,Bulanan,15,413,5999.0,Kartu Kredit,Ya,Ya,0.3,1,7.0,2025-03-06,Indonesia,0
PLG-11233,61.0,Perempuan,Jakarta,Standar,30,Bulanan,5,344,1774.0,Kartu Kredit,Ya,Tidak,1.3,0,7.0,2026-01-05,Indonesia,0
PLG-11234,36.0,Laki-laki,Makassar,Premium,100,Bulanan,5,553,2741.0,Transfer Bank,Ya,Tidak,0.2,1,7.0,2026-01-28,Indonesia,1
PLG-11235,49.0,Laki-laki,Jakarta,Basic,10,Bulanan,17,268,4542.0,E-Wallet,Tidak,Ya,0.8,0,8.0,2025-01-27,Indonesia,0
PLG-11236,49.0,Laki-laki,Makassar,Premium,100,Tahunan,38,635,24903.0,E-Wallet,Tidak,Ya,0.7,0,7.0,2023-04-24,Indonesia,1
PLG-11239,43.0,Perempuan,Surabaya,Premium,100,Bulanan,17,559,9886.0,E-Wallet,Tidak,Tidak,1.8,2,6.0,2025-01-04,Indonesia,1
PLG-11241,24.0,Laki-laki,Makassar,Premium,100,Tahunan,39,615,23278.0,Transfer Bank,Tidak,Ya,0.9,2,7.0,2023-03-13,Indonesia,0
PLG-11242,35.0,Perempuan,Bandung,Basic,10,2 Tahun,50,294,14839.0,Minimarket,Tidak,Ya,0.7,0,9.0,2022-04-13,Indonesia,0
PLG-11243,36.0,Laki-laki,Denpasar,Premium,100,Tahunan,12,655,7988.0,E-Wallet,Tidak,Ya,2.8,3,,2025-06-30,Indonesia,1
PLG-11244,38.0,Laki-laki,Bandung,Basic,10,Bulanan,5,212,1056.0,Transfer Bank,Tidak,Tidak,1.7,1,6.0,2026-01-07,Indonesia,0
PLG-11245,18.0,Perempuan,Makassar,Standar,30,Bulanan,17,315,5111.0,Transfer Bank,Tidak,Tidak,0.6,0,6.0,2025-01-21,Indonesia,0
PLG-11249,21.0,Laki-laki,Jakarta,Basic,10,Bulanan,7,206,1406.0,Transfer Bank,Ya,Tidak,1.9,1,7.0,2025-11-02,Indonesia,1
PLG-11250,25.0,Laki-laki,Makassar,Premium,100,2 Tahun,30,547,16185.0,Kartu Kredit,Ya,Tidak,3.8,0,4.0,2023-12-23,Indonesia,0
PLG-11252,37.0,Perempuan,Makassar,Standar,30,Bulanan,5,328,1673.0,Kartu Kredit,Ya,Tidak,5.4,2,6.0,2026-01-20,Indonesia,1
PLG-11253,29.0,Laki-laki,Bandung,Premium,100,Tahunan,45,558,25329.0,Transfer Bank,Tidak,Tidak,0.8,1,5.0,2022-09-05,Indonesia,0
PLG-11254,26.0,Laki-laki,Jakarta,Basic,10,Bulanan,5,197,953.0,Transfer Bank,Tidak,Tidak,0.4,1,10.0,2026-01-25,Indonesia,0
PLG-11255,44.0,Perempuan,Jakarta,Basic,10,2 Tahun,32,193,5975.0,Transfer Bank,Tidak,Tidak,0.8,0,9.0,2023-10-11,Indonesia,0
PLG-11256,44.0,Laki-laki,Denpasar,Basic,10,Bulanan,6,203,1267.0,Transfer Bank,Tidak,Tidak,2.8,0,7.0,2025-12-28,Indonesia,0
PLG-11258,54.0,Perempuan,Surabaya,Premium,100,2 Tahun,7,647,4377.0,E-Wallet,Tidak,Ya,1.8,4,6.0,2025-11-13,Indonesia,0
PLG-11259,28.0,Laki-laki,Surabaya,Premium,100,Tahunan,21,618,13282.0,Minimarket,Tidak,Ya,3.9,1,5.0,2024-09-07,Indonesia,1
PLG-11260,33.0,Laki-laki,Semarang,Standar,30,Tahunan,19,311,5885.0,E-Wallet,Tidak,Tidak,4.2,4,,2024-11-18,Indonesia,1
PLG-11261,27.0,Laki-laki,Jakarta,Premium,100,Tahunan,22,562,,Transfer Bank,Tidak,Tidak,1.5,0,8.0,2024-08-14,Indonesia,0
PLG-11262,40.0,Laki-laki,Bandung,Standar,30,Tahunan,23,323,7213.0,Transfer Bank,Tidak,Tidak,0.2,0,,2024-07-05,Indonesia,0
PLG-11263,38.0,Laki-laki,Bandung,Standar,30,Bulanan,2,412,794.0,Minimarket,Tidak,Ya,0.8,0,7.0,2026-04-22,Indonesia,1
PLG-11264,30.0,Perempuan,yogyakarta,Basic,10,Bulanan,13,193,2489.0,Minimarket,Tidak,Tidak,1.6,1,7.0,2025-05-24,Indonesia,1
PLG-11265,24.0,Laki-laki,Bandung,Basic,10,Tahunan,35,201,7235.0,Transfer Bank,Ya,Tidak,1.6,1,5.0,2023-07-23,Indonesia,0
PLG-11266,56.0,Perempuan,Denpasar,Standar,30,2 Tahun,65,334,21154.0,Transfer Bank,Ya,Tidak,0.4,0,9.0,2021-01-19,Indonesia,0
PLG-11267,18.0,Perempuan,Jakarta,Standar,30,Bulanan,4,331,1272.0,Minimarket,Tidak,Tidak,0.6,0,,2026-02-28,Indonesia,1
PLG-11270,35.0,Perempuan,Surabaya,Premium,100,Bulanan,5,634,3096.0,Transfer Bank,Tidak,Ya,6.4,5,3.0,2026-01-08,Indonesia,1
PLG-11271,39.0,Perempuan,Semarang,Basic,10,2 Tahun,50,289,14295.0,,Ya,Ya,0.1,0,8.0,2022-04-03,Indonesia,0
PLG-11272,27.0,Perempuan,Jakarta,Standar,30,Bulanan,3,322,926.0,Kartu Kredit,Ya,Tidak,0.4,1,10.0,2026-03-06,Indonesia,0
PLG-11273,23.0,Laki-laki,Jakarta,Basic,10,Tahunan,22,302,6496.0,E-Wallet,Tidak,Ya,1.6,0,8.0,2024-08-09,Indonesia,0
PLG-11274,49.0,Perempuan,Denpasar,Standar,30,2 Tahun,60,321,20129.0,Kartu Kredit,Tidak,Tidak,1.6,0,10.0,2021-06-13,Indonesia,0
PLG-11275,26.0,Perempuan,Denpasar,Standar,30,Bulanan,25,332,8522.0,Kartu Kredit,Ya,Tidak,1.0,0,10.0,2024-05-20,Indonesia,0
PLG-11276,36.0,Laki-laki,Makassar,Premium,100,2 Tahun,33,536,18342.0,Transfer Bank,Ya,Tidak,0.4,1,7.0,2023-09-22,Indonesia,0
PLG-11280,,Perempuan,Semarang,Premium,100,Bulanan,13,575,7613.0,E-Wallet,Ya,Tidak,1.2,2,8.0,2025-05-12,Indonesia,1
PLG-11281,40.0,Laki-laki,Jakarta,Basic,10,2 Tahun,72,190,14298.0,Minimarket,Tidak,Tidak,0.7,0,10.0,2020-06-26,Indonesia,0
PLG-11282,,Laki-laki,Yogyakarta,Standar,30,Bulanan,2,427,841.0,Minimarket,Tidak,Ya,0.6,0,7.0,2026-04-28,Indonesia,1
PLG-11284,54.0,Perempuan,Bandung,Standar,30,Bulanan,6,329,2012.0,Transfer Bank,Ya,Tidak,0.7,2,7.0,2025-12-14,Indonesia,1
PLG-11285,36.0,Laki-laki,Yogyakarta,Standar,30,Bulanan,1,323,330.0,Transfer Bank,Tidak,Tidak,0.8,2,,2026-05-04,Indonesia,1
PLG-11287,34.0,Perempuan,Bandung,Standar,30,Bulanan,16,317,5089.0,E-Wallet,Tidak,Tidak,3.0,2,7.0,2025-02-03,Indonesia,1
PLG-11289,18.0,Perempuan,Semarang,Standar,30,Bulanan,12,323,3844.0,,Tidak,Tidak,3.4,0,6.0,2025-06-26,Indonesia,0
PLG-11290,38.0,Perempuan,Bandung,Premium,100,Bulanan,5,623,3009.0,Transfer Bank,Ya,Ya,0.4,0,7.0,2026-01-02,Indonesia,1
PLG-11291,26.0,Perempuan,Surabaya,Premium,100,Bulanan,1,549,555.0,Minimarket,Tidak,Tidak,1.0,1,8.0,2026-05-30,Indonesia,1
PLG-11293,50.0,Laki-laki,Jakarta,Premium,100,2 Tahun,33,533,17405.0,Minimarket,Tidak,Tidak,0.3,1,8.0,2023-09-15,Indonesia,0
PLG-11294,62.0,Laki-laki,Yogyakarta,Basic,10,2 Tahun,3,222,669.0,E-Wallet,Tidak,Tidak,2.8,5,4.0,2026-03-26,Indonesia,1
PLG-11296,51.0,Laki-laki,Bandung,Basic,10,2 Tahun,49,267,13598.0,E-Wallet,Tidak,Ya,0.5,0,8.0,2022-05-19,Indonesia,0
PLG-11298,28.0,Perempuan,Jakarta,Standar,30,Tahunan,23,433,10296.0,Transfer Bank,Tidak,Ya,0.3,1,9.0,2024-07-09,Indonesia,0
PLG-11299,34.0,Laki-laki,Yogyakarta,Standar,30,Tahunan,32,311,9719.0,Kartu Kredit,Tidak,Tidak,0.9,0,7.0,2023-10-22,Indonesia,0
PLG-11300,33.0,Laki-laki,Surabaya,Basic,10,Bulanan,20,216,4218.0,E-Wallet,Tidak,Tidak,0.7,0,9.0,2024-10-21,Indonesia,0
PLG-11301,49.0,Laki-laki,Denpasar,Basic,10,Bulanan,17,195,3193.0,Transfer Bank,Tidak,Tidak,0.8,2,9.0,2025-01-14,Indonesia,0
PLG-11302,51.0,Laki-laki,Jakarta,Basic,10,Bulanan,6,288,1696.0,Kartu Kredit,Ya,Ya,1.7,3,5.0,2025-12-22,Indonesia,1
PLG-11303,29.0,Perempuan,Semarang,Basic,10,Bulanan,14,291,4218.0,E-Wallet,Tidak,Ya,3.4,2,6.0,2025-04-24,Indonesia,1
PLG-11304,35.0,Laki-laki,Surabaya,Standar,30,Tahunan,41,329,13737.0,Minimarket,Tidak,Tidak,0.3,1,7.0,2023-01-17,Indonesia,0
PLG-11306,28.0,Laki-laki,Surabaya,Premium,100,Bulanan,7,636,4302.0,Transfer Bank,Tidak,Ya,0.7,1,9.0,2025-11-14,Indonesia,0
PLG-11307,37.0,Perempuan,Semarang,Premium,100,Bulanan,3,563,1671.0,Minimarket,Tidak,Tidak,0.2,0,9.0,2026-03-23,Indonesia,0
PLG-11308,51.0,Laki-laki,Medan,Premium,100,Bulanan,3,558,1731.0,E-Wallet,Tidak,Tidak,2.8,1,8.0,2026-03-24,Indonesia,1
PLG-11309,28.0,Perempuan,Semarang,Standar,30,Bulanan,3,423,1322.0,Transfer Bank,Tidak,Ya,4.6,3,4.0,2026-03-13,Indonesia,1
PLG-11310,39.0,Perempuan,Denpasar,Basic,10,Tahunan,29,212,5940.0,E-Wallet,Tidak,Tidak,1.5,1,8.0,2024-01-14,Indonesia,0
PLG-11311,29.0,Laki-laki,Surabaya,Standar,30,Tahunan,25,324,8062.0,Minimarket,Tidak,Tidak,1.1,0,7.0,2024-05-27,Indonesia,0
PLG-11313,48.0,Perempuan,semarang,Standar,30,2 Tahun,72,331,24691.0,Minimarket,Tidak,Tidak,2.7,2,6.0,2020-06-13,Indonesia,0
PLG-11314,0.0,Perempuan,Denpasar,Premium,100,Bulanan,5,574,2938.0,Transfer Bank,Tidak,Tidak,2.9,2,8.0,2026-01-07,Indonesia,1
PLG-11316,21.0,Perempuan,Denpasar,Standar,30,Bulanan,9,325,3002.0,Transfer Bank,Tidak,Tidak,0.9,0,6.0,2025-09-12,Indonesia,1
PLG-11317,45.0,Laki-laki,Medan,Standar,30,Tahunan,72,322,24252.0,Transfer Bank,Ya,Tidak,1.2,1,7.0,2020-06-07,Indonesia,0
PLG-11318,38.0,Perempuan,Surabaya,Basic,10,Bulanan,1,196,189.0,E-Wallet,Tidak,Tidak,1.3,0,6.0,2026-05-10,Indonesia,0
PLG-11319,52.0,Perempuan,Jakarta,Basic,10,2 Tahun,28,300,8017.0,Transfer Bank,Ya,Ya,0.5,2,7.0,2024-02-28,Indonesia,0
PLG-11320,22.0,Perempuan,Bandung,Basic,10,2 Tahun,72,188,14096.0,Transfer Bank,Ya,Tidak,4.7,3,2.0,2020-06-07,Indonesia,0
PLG-11321,29.0,Perempuan,Surabaya,Premium,100,Tahunan,23,636,15168.0,Transfer Bank,Tidak,Ya,2.4,0,9.0,2024-07-17,Indonesia,1
PLG-11322,28.0,Perempuan,Medan,Basic,10,Bulanan,6,199,1250.0,E-Wallet,Ya,Tidak,3.4,0,,2025-12-08,Indonesia,0
PLG-11323,32.0,Laki-laki,Surabaya,Basic,10,Bulanan,3,282,863.0,Minimarket,Tidak,Ya,0.5,0,8.0,2026-03-17,Indonesia,0
PLG-11324,55.0,Laki-laki,Jakarta,Premium,100,Bulanan,18,651,12252.0,E-Wallet,Tidak,Ya,0.8,2,7.0,2024-12-05,Indonesia,1
PLG-11325,39.0,Perempuan,Semarang,Standar,30,Tahunan,24,318,7357.0,Minimarket,Tidak,Tidak,1.1,2,7.0,2024-06-12,Indonesia,0
PLG-11327,18.0,Laki-laki,Jakarta,Premium,100,2 Tahun,24,636,15126.0,Transfer Bank,Ya,Ya,1.3,0,6.0,2024-06-20,Indonesia,0
PLG-11328,,Laki-laki,Denpasar,Basic,10,Bulanan,10,297,2975.0,Minimarket,Tidak,Ya,1.4,0,8.0,2025-08-16,Indonesia,0
PLG-11329,36.0,Perempuan,Bandung,Basic,10,Tahunan,32,299,9408.0,Transfer Bank,Tidak,Ya,2.2,2,6.0,2023-10-11,Indonesia,0
PLG-11330,55.0,Laki-laki,Surabaya,Standar,30,Bulanan,5,330,1713.0,E-Wallet,Tidak,Tidak,1.0,1,8.0,2026-01-21,Indonesia,1
PLG-11332,27.0,Perempuan,Medan,Basic,10,Bulanan,9,188,1748.0,Transfer Bank,Ya,Tidak,3.7,2,6.0,2025-09-27,Indonesia,0
PLG-11333,42.0,Laki-laki,Surabaya,Standar,30,Bulanan,14,412,5973.0,Transfer Bank,Ya,Ya,0.2,0,5.0,2025-04-03,Indonesia,0
PLG-11334,35.0,Perempuan,Denpasar,Basic,10,2 Tahun,16,287,4367.0,Minimarket,Tidak,Ya,2.2,5,6.0,2025-02-05,Indonesia,1
PLG-11335,39.0,Perempuan,Jakarta,Basic,10,2 Tahun,25,182,4654.0,Kartu Kredit,Ya,Tidak,1.2,1,,2024-05-09,Indonesia,0
PLG-11336,44.0,Laki-laki,Bandung,Standar,30,2 Tahun,37,350,12410.0,Transfer Bank,Ya,Tidak,0.6,0,7.0,2023-05-22,Indonesia,0
PLG-11337,49.0,Laki-laki,Yogyakarta,Premium,100,2 Tahun,5,562,2722.0,Transfer Bank,Tidak,Tidak,1.6,2,6.0,2026-01-02,Indonesia,0
PLG-11340,38.0,Laki-laki,Semarang,Standar,30,Bulanan,5,324,1558.0,E-Wallet,Ya,Tidak,0.6,0,,2026-01-06,Indonesia,0
PLG-11342,36.0,Laki-laki,Bandung,Standar,30,Tahunan,39,338,12893.0,E-Wallet,Tidak,Tidak,0.7,1,8.0,2023-03-10,Indonesia,0
PLG-11344,43.0,Laki-laki,Jakarta,Standar,30,Bulanan,31,332,9961.0,E-Wallet,Tidak,Tidak,0.4,0,9.0,2023-11-19,Indonesia,0
PLG-11344,43.0,Laki-laki,Jakarta,Standar,30,Bulanan,31,332,9961.0,E-Wallet,Tidak,Tidak,0.4,0,9.0,2023-11-19,Indonesia,0
PLG-11347,49.0,Perempuan,Semarang,Standar,30,Bulanan,32,313,9784.0,Transfer Bank,Tidak,Tidak,4.7,3,5.0,2023-10-08,Indonesia,0
PLG-11349,29.0,Perempuan,Surabaya,Standar,30,Tahunan,65,320,21521.0,Minimarket,Tidak,Tidak,0.2,0,7.0,2021-01-24,Indonesia,0
PLG-11351,24.0,Perempuan,Bandung,Standar,30,Bulanan,19,341,6786.0,Transfer Bank,Tidak,Tidak,2.6,1,3.0,2024-11-27,Indonesia,1
PLG-11352,62.0,Laki-laki,Bandung,Basic,10,Tahunan,6,298,1791.0,Minimarket,Tidak,Ya,2.4,1,5.0,2025-12-06,Indonesia,1
PLG-11355,64.0,Laki-laki,Makassar,Basic,10,Tahunan,41,274,10817.0,Transfer Bank,Ya,Ya,1.5,1,4.0,2023-01-21,Indonesia,0
PLG-11357,39.0,Laki-laki,Jakarta,Basic,10,Tahunan,12,213,2560.0,E-Wallet,Ya,Tidak,4.5,2,6.0,2025-06-10,Indonesia,0
PLG-11359,47.0,Perempuan,Bandung,Premium,100,Bulanan,4,576,2363.0,Transfer Bank,Ya,Tidak,1.3,1,7.0,2026-02-24,Indonesia,1
PLG-11360,47.0,Perempuan,Jakarta,Standar,30,Bulanan,8,324,2466.0,Transfer Bank,Ya,Tidak,1.5,0,6.0,2025-10-08,Indonesia,1
PLG-11361,53.0,Laki-laki,Jakarta,Basic,10,Tahunan,45,290,13089.0,E-Wallet,Tidak,Ya,1.7,2,6.0,2022-09-23,Indonesia,0
PLG-11363,43.0,Laki-laki,YOGYAKARTA,Standar,30,Bulanan,18,438,7750.0,Minimarket,Tidak,Ya,2.4,2,7.0,2024-12-02,Indonesia,1
PLG-11364,31.0,Laki-laki,Jakarta,Basic,10,Bulanan,14,209,3053.0,Transfer Bank,Tidak,Tidak,0.5,1,9.0,2025-04-26,Indonesia,0
PLG-11365,35.0,Perempuan,Surabaya,Premium,100,Bulanan,10,538,5623.0,E-Wallet,Tidak,Tidak,0.9,1,5.0,2025-08-14,Indonesia,1
PLG-11366,39.0,Perempuan,Yogyakarta,Standar,30,Bulanan,21,333,6824.0,E-Wallet,Tidak,Tidak,2.2,0,9.0,2024-09-12,Indonesia,0
PLG-11368,32.0,Laki-laki,Medan,Basic,10,Bulanan,8,201,1615.0,E-Wallet,Tidak,Tidak,3.6,3,4.0,2025-10-27,Indonesia,1
PLG-11369,25.0,Laki-laki,Jakarta,Basic,10,Tahunan,21,200,4158.0,E-Wallet,Tidak,Tidak,1.2,0,7.0,2024-09-19,Indonesia,0
PLG-11370,61.0,Laki-laki,Surabaya,Basic,10,2 Tahun,15,202,3114.0,Minimarket,Tidak,Tidak,0.5,1,6.0,2025-03-29,Indonesia,0
PLG-11371,40.0,Perempuan,Medan,Premium,100,2 Tahun,65,529,33896.0,Minimarket,Tidak,Tidak,2.8,0,,2021-01-10,Indonesia,0
PLG-11372,59.0,Perempuan,Denpasar,Standar,30,Bulanan,16,325,5300.0,Minimarket,Tidak,Tidak,0.5,1,8.0,2025-02-26,Indonesia,0
PLG-11373,46.0,Laki-laki,Jakarta,Standar,30,2 Tahun,32,419,14024.0,Transfer Bank,Tidak,Ya,2.0,2,7.0,2023-10-29,Indonesia,0
PLG-11375,20.0,Perempuan,Medan,Basic,10,Tahunan,8,300,,Transfer Bank,Tidak,Ya,2.6,1,6.0,2025-10-05,Indonesia,0
PLG-11376,31.0,Laki-laki,Denpasar,Premium,100,Tahunan,51,530,26883.0,Transfer Bank,Ya,Tidak,0.9,0,,2022-03-13,Indonesia,0
PLG-11377,20.0,Laki-laki,Denpasar,Standar,30,Bulanan,5,347,1770.0,Kartu Kredit,Tidak,Tidak,1.6,2,7.0,2026-01-10,Indonesia,1
PLG-11378,18.0,Perempuan,Jakarta,Standar,30,Bulanan,2,318,654.0,Transfer Bank,Tidak,Tidak,1.6,2,6.0,2026-04-24,Indonesia,1
PLG-11379,41.0,Laki-laki,Jakarta,Standar,30,Bulanan,13,403,5027.0,E-Wallet,Tidak,Ya,1.2,2,6.0,2025-05-29,Indonesia,1
PLG-11380,33.0,Perempuan,Jakarta,Basic,10,Tahunan,39,194,7258.0,Kartu Kredit,Ya,Tidak,5.0,4,5.0,2023-03-23,Indonesia,0
PLG-11382,42.0,Perempuan,Yogyakarta,Standar,30,Bulanan,13,310,4195.0,Minimarket,Tidak,Tidak,1.0,0,,2025-05-24,Indonesia,1
PLG-11383,18.0,Perempuan,Jakarta,Basic,10,Bulanan,1,283,272.0,,Ya,Ya,0.8,1,6.0,2026-05-26,Indonesia,0
PLG-11384,40.0,Perempuan,Jakarta,Premium,100,Bulanan,14,565,8040.0,Transfer Bank,Ya,Tidak,0.7,0,8.0,2025-04-06,Indonesia,0
PLG-11385,32.0,Laki-laki,Surabaya,Premium,100,Bulanan,6,544,3320.0,E-Wallet,Ya,Tidak,1.5,3,7.0,2025-12-04,Indonesia,1
PLG-11386,37.0,Perempuan,Surabaya,Standar,30,Bulanan,20,441,9106.0,Kartu Kredit,Ya,Ya,1.4,1,7.0,2024-10-11,Indonesia,0
PLG-11388,36.0,Laki-laki,Surabaya,Standar,30,Bulanan,17,323,5754.0,Minimarket,Tidak,Tidak,3.3,1,5.0,2025-01-14,Indonesia,1
PLG-11389,51.0,Laki-laki,Bandung,Standar,30,Tahunan,4,318,1235.0,E-Wallet,Ya,Tidak,1.4,2,,2026-02-13,Indonesia,1
PLG-11390,60.0,Laki-laki,Surabaya,Basic,10,Bulanan,4,193,765.0,Minimarket,Tidak,Tidak,2.4,1,,2026-02-07,Indonesia,1
PLG-11392,47.0,Laki-laki,Jakarta,Basic,10,2 Tahun,24,206,4893.0,Transfer Bank,Ya,Tidak,0.8,0,7.0,2024-06-08,Indonesia,0
PLG-11393,36.0,Laki-laki,Denpasar,Standar,30,Bulanan,6,313,1794.0,Minimarket,Tidak,Tidak,1.2,0,8.0,2025-12-24,Indonesia,1
PLG-11397,30.0,Laki-laki,Surabaya,Standar,30,Bulanan,16,335,5124.0,,Tidak,Tidak,0.6,1,6.0,2025-02-02,Indonesia,1
PLG-11398,38.0,Laki-laki,Jakarta,Standar,30,Bulanan,6,435,2596.0,Minimarket,Tidak,Ya,2.0,0,7.0,2025-12-05,Indonesia,1
PLG-11399,48.0,Laki-laki,Yogyakarta,Standar,30,2 Tahun,28,341,9670.0,Minimarket,Tidak,Tidak,2.6,4,7.0,2024-02-06,Indonesia,0
PLG-11400,46.0,Perempuan,Jakarta,Premium,100,Bulanan,7,573,3845.0,Transfer Bank,Tidak,Tidak,2.5,5,5.0,2025-11-08,Indonesia,1
PLG-11401,36.0,Laki-laki,Jakarta,Standar,30,Bulanan,5,399,2041.0,Minimarket,Tidak,Ya,2.4,3,6.0,2026-01-27,Indonesia,1
PLG-11402,30.0,Perempuan,Medan,Standar,30,Bulanan,15,400,6163.0,Transfer Bank,Ya,Ya,0.9,0,9.0,2025-03-10,Indonesia,0
PLG-11403,40.0,Perempuan,Makassar,Standar,30,2 Tahun,14,333,4801.0,Transfer Bank,Tidak,Tidak,8.5,7,,2025-04-09,Indonesia,1
PLG-11404,42.0,Perempuan,Jakarta,Premium,100,Tahunan,15,570,,Transfer Bank,Tidak,Tidak,0.8,0,9.0,2025-03-15,Indonesia,0
PLG-11405,41.0,Perempuan,Makassar,Basic,10,2 Tahun,34,193,6477.0,Minimarket,Tidak,Tidak,1.2,0,8.0,2023-08-15,Indonesia,0
PLG-11406,40.0,Laki-laki,Makassar,Basic,10,Bulanan,15,202,3023.0,Transfer Bank,Tidak,Tidak,7.8,4,,2025-03-17,Indonesia,1
PLG-11409,27.0,Laki-laki,Makassar,Standar,30,2 Tahun,22,331,7317.0,E-Wallet,Tidak,Tidak,2.6,1,7.0,2024-08-22,Indonesia,0
PLG-11410,37.0,Perempuan,Denpasar,Standar,30,Tahunan,8,325,2485.0,Kartu Kredit,Ya,Tidak,1.7,3,7.0,2025-10-10,Indonesia,0
PLG-11411,53.0,Perempuan,Jakarta,Basic,10,Bulanan,7,207,1462.0,Transfer Bank,Tidak,Tidak,0.0,0,7.0,2025-11-08,Indonesia,1
PLG-11412,54.0,Laki-laki,YOGYAKARTA,Standar,30,Tahunan,49,336,16892.0,Transfer Bank,Tidak,Tidak,3.9,1,5.0,2022-05-25,Indonesia,0
PLG-11413,28.0,Perempuan,Makassar,Basic,10,Tahunan,6,192,1184.0,Kartu Kredit,Ya,Tidak,0.3,2,,2025-12-29,Indonesia,0
PLG-11414,48.0,Laki-laki,Medan,Basic,10,2 Tahun,72,292,20865.0,Kartu Kredit,Ya,Ya,2.4,2,9.0,2020-06-12,Indonesia,0
PLG-11416,26.0,Laki-laki,Medan,Standar,30,Bulanan,6,405,2498.0,Minimarket,Tidak,Ya,0.3,0,9.0,2025-12-09,Indonesia,1
PLG-11417,55.0,Laki-laki,Surabaya,Premium,100,Bulanan,20,560,11062.0,E-Wallet,Ya,Tidak,0.1,0,,2024-10-04,Indonesia,1
PLG-11419,43.0,Laki-laki,Jakarta,Basic,10,Bulanan,14,274,3895.0,E-Wallet,Tidak,Ya,1.5,2,5.0,2025-04-12,Indonesia,1
PLG-11421,57.0,Laki-laki,Surabaya,Standar,30,Tahunan,11,323,3484.0,E-Wallet,Tidak,Tidak,2.6,1,7.0,2025-07-25,Indonesia,0
PLG-11422,34.0,Perempuan,Jakarta,Standar,30,Bulanan,4,329,1342.0,Transfer Bank,Tidak,Tidak,1.9,0,6.0,2026-02-17,Indonesia,1
PLG-11424,49.0,Laki-laki,Makassar,Standar,30,Bulanan,11,429,4624.0,Transfer Bank,Ya,Ya,0.1,1,8.0,2025-07-07,Indonesia,0
PLG-11425,26.0,Perempuan,Surabaya,Basic,10,Bulanan,4,187,745.0,,Ya,Tidak,0.5,0,8.0,2026-02-23,Indonesia,0
PLG-11426,21.0,Perempuan,Medan,Standar,30,Tahunan,14,409,5527.0,Minimarket,Tidak,Ya,3.9,1,5.0,2025-04-24,Indonesia,1
PLG-11427,27.0,Laki-laki,Makassar,Standar,30,2 Tahun,55,345,18089.0,Transfer Bank,Ya,Tidak,7.0,6,1.0,2021-11-13,Indonesia,0
PLG-11428,35.0,Perempuan,Medan,Premium,100,Tahunan,13,553,6943.0,Transfer Bank,Ya,Tidak,1.6,0,8.0,2025-05-12,Indonesia,0
PLG-11430,59.0,Laki-laki,Jakarta,Basic,10,Bulanan,11,210,2271.0,Transfer Bank,Ya,Tidak,1.5,3,6.0,2025-07-22,Indonesia,1
PLG-11433,50.0,Perempuan,Surabaya,Basic,10,2 Tahun,22,193,4322.0,Minimarket,Tidak,Tidak,0.5,1,6.0,2024-08-06,Indonesia,0
PLG-11434,25.0,Laki-laki,Surabaya,Premium,100,Tahunan,23,551,12878.0,Minimarket,Tidak,Tidak,0.5,3,6.0,2024-07-04,Indonesia,0
PLG-11437,38.0,Laki-laki,Surabaya,Basic,10,Bulanan,14,191,2573.0,Kartu Kredit,Ya,Tidak,2.3,1,6.0,2025-04-22,Indonesia,0
PLG-11438,49.0,Laki-laki,Jakarta,Premium,100,2 Tahun,42,557,23223.0,Kartu Kredit,Ya,Tidak,0.7,1,8.0,2022-12-18,Indonesia,0
PLG-11441,36.0,Laki-laki,Medan,Standar,30,2 Tahun,4,330,1264.0,Transfer Bank,Ya,Tidak,2.1,0,6.0,2026-02-02,Indonesia,0
PLG-11442,44.0,Laki-laki,Medan,Basic,10,Bulanan,22,201,4599.0,Minimarket,Tidak,Tidak,1.5,1,8.0,2024-08-24,Indonesia,0
PLG-11443,27.0,Perempuan,Surabaya,Basic,10,Bulanan,6,203,1240.0,Minimarket,Tidak,Tidak,4.2,2,6.0,2025-12-15,Indonesia,1
PLG-11444,33.0,Perempuan,Yogyakarta,Standar,30,Bulanan,12,341,4077.0,Minimarket,Tidak,Tidak,1.0,2,6.0,2025-06-18,Indonesia,0
PLG-11445,38.0,Perempuan,Medan,Premium,100,2 Tahun,67,554,37870.0,E-Wallet,Tidak,Tidak,1.0,0,6.0,2020-11-07,Indonesia,0
PLG-11446,52.0,Perempuan,Yogyakarta,Premium,100,Tahunan,44,553,23379.0,Transfer Bank,Tidak,Tidak,0.3,0,9.0,2022-10-29,Indonesia,0
PLG-11447,25.0,Laki-laki,Surabaya,Basic,10,Bulanan,21,287,6125.0,,Ya,Ya,2.7,0,8.0,2024-09-28,Indonesia,0
PLG-11448,45.0,Perempuan,Semarang,Basic,10,Tahunan,21,297,6375.0,E-Wallet,Tidak,Ya,1.0,1,10.0,2024-09-06,Indonesia,0
PLG-11449,32.0,Laki-laki,Surabaya,Standar,30,Bulanan,8,380,3163.0,E-Wallet,Tidak,Ya,0.7,0,7.0,2025-10-26,Indonesia,0
PLG-11453,27.0,Laki-laki,Bandung,Basic,10,Bulanan,4,184,730.0,Transfer Bank,Ya,Tidak,0.3,0,7.0,2026-02-04,Indonesia,0
PLG-11454,48.0,Perempuan,Surabaya,Basic,10,2 Tahun,43,191,8173.0,Transfer Bank,Tidak,Tidak,2.9,0,7.0,2022-11-06,Indonesia,0
PLG-11456,28.0,Perempuan,MAKASSAR,Standar,30,Tahunan,21,345,7333.0,Kartu Kredit,Ya,Tidak,2.1,1,9.0,2024-09-25,Indonesia,0
PLG-11459,24.0,Laki-laki,Surabaya,Premium,100,Tahunan,27,537,14125.0,Transfer Bank,Tidak,Tidak,1.0,2,6.0,2024-03-26,Indonesia,0
PLG-11461,24.0,Laki-laki,Semarang,Premium,100,Tahunan,14,656,9300.0,Kartu Kredit,Ya,Ya,0.1,0,9.0,2025-04-17,Indonesia,0
PLG-11463,21.0,Perempuan,Surabaya,Basic,10,Bulanan,14,204,2827.0,Transfer Bank,Ya,Tidak,3.2,2,7.0,2025-04-13,Indonesia,0
PLG-11465,53.0,Perempuan,Makassar,Basic,10,Bulanan,5,267,1322.0,Transfer Bank,Tidak,Ya,2.6,4,6.0,2026-01-29,Indonesia,1
PLG-11466,28.0,Laki-laki,Bandung,Basic,10,Bulanan,29,196,5427.0,E-Wallet,Tidak,Tidak,3.7,0,8.0,2024-01-26,Indonesia,0
PLG-11467,53.0,Laki-laki,Medan,Standar,30,Tahunan,25,439,10831.0,E-Wallet,Tidak,Ya,0.7,0,7.0,2024-05-03,Indonesia,0
PLG-11468,,Perempuan,Denpasar,Premium,100,Tahunan,5,649,3326.0,Transfer Bank,Tidak,Ya,3.5,2,6.0,2026-01-12,Indonesia,1
PLG-11469,25.0,Perempuan,Jakarta,Basic,10,Tahunan,56,266,14343.0,Transfer Bank,Ya,Ya,3.9,3,6.0,2021-10-05,Indonesia,0
PLG-11469,25.0,Perempuan,Jakarta,Basic,10,Tahunan,56,266,14343.0,Transfer Bank,Ya,Ya,3.9,3,6.0,2021-10-05,Indonesia,0
PLG-11471,41.0,Perempuan,Jakarta,Standar,30,Bulanan,2,427,881.0,E-Wallet,Tidak,Ya,4.5,7,,2026-04-04,Indonesia,1
PLG-11472,39.0,Perempuan,Bandung,Basic,10,2 Tahun,23,178,4250.0,Transfer Bank,Ya,Tidak,0.9,1,6.0,2024-07-13,Indonesia,0
PLG-11474,33.0,Laki-laki,Surabaya,Standar,30,Tahunan,62,375,22921.0,E-Wallet,Tidak,Ya,0.4,0,7.0,2021-04-25,Indonesia,0
PLG-11475,36.0,Laki-laki,Medan,Standar,30,Tahunan,16,327,5026.0,Minimarket,Tidak,Tidak,2.7,1,6.0,2025-02-15,Indonesia,0
PLG-11476,24.0,Laki-laki,Medan,Basic,10,Bulanan,1,288,292.0,,Tidak,Ya,2.4,2,,2026-05-11,Indonesia,1
PLG-11477,32.0,Perempuan,Semarang,Premium,100,Bulanan,5,555,2798.0,,Tidak,Tidak,0.4,0,8.0,2026-01-06,Indonesia,1
PLG-11478,47.0,Laki-laki,Yogyakarta,Premium,100,Tahunan,5,550,2660.0,Minimarket,Tidak,Tidak,3.0,4,5.0,2026-01-25,Indonesia,1
PLG-11479,31.0,Perempuan,Yogyakarta,Premium,100,Tahunan,40,564,21721.0,E-Wallet,Ya,Tidak,2.9,0,4.0,2023-02-09,Indonesia,0
PLG-11480,24.0,Laki-laki,Medan,Standar,30,Bulanan,13,336,4463.0,Minimarket,Tidak,Tidak,0.2,0,7.0,2025-05-21,Indonesia,0
PLG-11481,32.0,Perempuan,Jakarta,Basic,10,Tahunan,45,209,8953.0,Transfer Bank,Ya,Tidak,0.1,0,8.0,2022-09-16,Indonesia,0
PLG-11482,39.0,Perempuan,Bandung,Basic,10,2 Tahun,69,211,15039.0,E-Wallet,Ya,Tidak,1.1,1,7.0,2020-09-09,Indonesia,0
PLG-11483,38.0,Laki-laki,Medan,Basic,10,Bulanan,32,202,6263.0,Minimarket,Tidak,Tidak,2.9,1,6.0,2023-10-12,Indonesia,0
PLG-11485,40.0,Laki-laki,Denpasar,Basic,10,Tahunan,5,297,1418.0,Minimarket,Tidak,Ya,1.0,2,8.0,2026-01-28,Indonesia,0
PLG-11487,44.0,Laki-laki,Makassar,Standar,30,Tahunan,12,417,5240.0,Transfer Bank,Tidak,Ya,2.4,0,7.0,2025-06-04,Indonesia,0
PLG-11488,49.0,Perempuan,Bandung,Basic,10,2 Tahun,3,304,932.0,E-Wallet,Tidak,Ya,0.4,0,6.0,2026-03-09,Indonesia,0
PLG-11489,31.0,Laki-laki,Jakarta,Standar,30,Bulanan,5,333,1748.0,E-Wallet,Tidak,Tidak,0.9,0,8.0,2026-01-12,Indonesia,0
PLG-11490,33.0,Laki-laki,Semarang,Premium,100,Bulanan,1,544,546.0,Minimarket,Tidak,Tidak,0.6,0,8.0,2026-05-19,Indonesia,0
PLG-11490,33.0,Laki-laki,Semarang,Premium,100,Bulanan,1,544,546.0,Minimarket,Tidak,Tidak,0.6,0,8.0,2026-05-19,Indonesia,0
PLG-11491,59.0,Perempuan,Semarang,Premium,100,Bulanan,9,581,5124.0,Kartu Kredit,Tidak,Tidak,0.3,0,9.0,2025-09-21,Indonesia,0
PLG-11492,27.0,Perempuan,Jakarta,Standar,30,Bulanan,6,397,2308.0,Transfer Bank,Tidak,Ya,1.1,0,7.0,2025-12-19,Indonesia,1
PLG-11493,46.0,Perempuan,Jakarta,Standar,30,Tahunan,43,417,18386.0,,Tidak,Ya,0.4,1,7.0,2022-11-07,Indonesia,0
PLG-11494,42.0,Perempuan,Bandung,Basic,10,Tahunan,8,282,2263.0,Transfer Bank,Ya,Ya,0.6,0,8.0,2025-10-26,Indonesia,0
PLG-11495,40.0,Laki-laki,SEMARANG,Basic,10,Bulanan,24,300,6874.0,E-Wallet,Tidak,Ya,1.5,0,9.0,2024-06-25,Indonesia,0
PLG-11497,18.0,Perempuan,Denpasar,Premium,100,Bulanan,12,542,6674.0,Minimarket,Tidak,Tidak,1.1,1,8.0,2025-06-21,Indonesia,1
PLG-11498,18.0,Perempuan,Yogyakarta,Basic,10,2 Tahun,47,287,13433.0,Transfer Bank,Ya,Ya,0.2,1,8.0,2022-07-26,Indonesia,0
PLG-11500,25.0,Laki-laki,Surabaya,Standar,30,2 Tahun,12,346,4089.0,Minimarket,Tidak,Tidak,0.5,0,10.0,2025-06-19,Indonesia,0
PLG-11503,60.0,Laki-laki,Medan,Basic,10,Bulanan,11,274,2991.0,E-Wallet,Tidak,Ya,7.6,2,4.0,2025-07-11,Indonesia,1
PLG-11504,27.0,Perempuan,Surabaya,Premium,100,Bulanan,9,542,4880.0,Transfer Bank,Tidak,Tidak,0.8,0,8.0,2025-09-09,Indonesia,0
PLG-11507,37.0,Laki-laki,Semarang,Basic,10,Bulanan,6,201,,E-Wallet,Tidak,Tidak,1.9,3,7.0,2025-12-29,Indonesia,1
PLG-11508,38.0,Laki-laki,Makassar,Basic,10,Tahunan,52,196,10641.0,Transfer Bank,Ya,Tidak,2.6,0,7.0,2022-02-26,Indonesia,0
PLG-11510,39.0,Perempuan,Jakarta,Standar,30,Tahunan,41,341,14618.0,Transfer Bank,Ya,Tidak,4.6,1,4.0,2023-01-05,Indonesia,0
PLG-11511,52.0,Laki-laki,Jakarta,Standar,30,Tahunan,12,402,,E-Wallet,Tidak,Ya,0.3,1,6.0,2025-06-17,Indonesia,0
PLG-11512,42.0,Laki-laki,Surabaya,Premium,100,Tahunan,3,549,1577.0,Transfer Bank,Tidak,Tidak,1.7,2,6.0,2026-03-23,Indonesia,1
PLG-11513,42.0,Laki-laki,Surabaya,Basic,10,2 Tahun,29,185,5461.0,Transfer Bank,Ya,Tidak,2.7,1,7.0,2024-01-22,Indonesia,0
PLG-11516,27.0,Laki-laki,Denpasar,Basic,10,Bulanan,12,260,3153.0,E-Wallet,Tidak,Ya,1.8,2,5.0,2025-06-11,Indonesia,1
PLG-11518,21.0,Perempuan,semarang,Standar,30,Tahunan,35,421,14015.0,Transfer Bank,Ya,Ya,1.2,2,8.0,2023-07-22,Indonesia,1
PLG-11519,32.0,Perempuan,Bandung,Basic,10,2 Tahun,35,195,6503.0,E-Wallet,Tidak,Tidak,3.0,1,8.0,2023-07-21,Indonesia,0
PLG-11520,21.0,Perempuan,Medan ,Basic,10,Bulanan,19,308,5898.0,Transfer Bank,Ya,Ya,5.6,5,1.0,2024-11-25,Indonesia,1
PLG-11521,35.0,Perempuan,Medan,Standar,30,Tahunan,72,320,23811.0,E-Wallet,Tidak,Tidak,0.2,0,8.0,2020-06-29,Indonesia,0
PLG-11522,40.0,Perempuan,Yogyakarta,Basic,10,Tahunan,27,210,5627.0,Minimarket,Tidak,Tidak,2.1,3,4.0,2024-03-17,Indonesia,0
PLG-11523,40.0,Perempuan,Surabaya,Basic,10,Tahunan,29,204,5803.0,Transfer Bank,Tidak,Tidak,0.6,0,8.0,2024-01-11,Indonesia,0
PLG-11525,31.0,Laki-laki,Jakarta,Premium,100,Bulanan,7,549,3809.0,Kartu Kredit,Tidak,Tidak,1.0,1,8.0,2025-11-11,Indonesia,1
PLG-11526,21.0,Laki-laki,Bandung,Premium,100,Bulanan,7,565,4089.0,E-Wallet,Ya,Tidak,1.0,0,8.0,2025-11-07,Indonesia,0
PLG-11528,33.0,Perempuan,Jakarta,Basic,10,Bulanan,11,197,2173.0,Transfer Bank,Tidak,Tidak,3.4,1,6.0,2025-07-30,Indonesia,1
PLG-11529,43.0,Perempuan,Yogyakarta,Standar,30,Bulanan,3,308,952.0,E-Wallet,Tidak,Tidak,1.5,1,6.0,2026-03-07,Indonesia,0
PLG-11530,39.0,Laki-laki,Surabaya,Basic,10,2 Tahun,18,205,3823.0,E-Wallet,Tidak,Tidak,1.1,1,6.0,2024-12-18,Indonesia,0
PLG-11531,40.0,Perempuan,Jakarta,Basic,10,Bulanan,4,197,794.0,E-Wallet,Tidak,Tidak,1.4,1,9.0,2026-02-02,Indonesia,1
PLG-11532,25.0,Perempuan,Medan,Basic,10,Bulanan,13,290,3687.0,Kartu Kredit,Ya,Ya,4.9,4,2.0,2025-05-25,Indonesia,1
PLG-11533,72.0,Laki-laki,Jakarta,Standar,30,2 Tahun,27,322,8310.0,Transfer Bank,Ya,Tidak,3.9,3,7.0,2024-03-05,Indonesia,0
PLG-11534,31.0,Perempuan,Makassar,Premium,100,Tahunan,25,559,13923.0,Transfer Bank,Tidak,Tidak,0.8,0,10.0,2024-05-30,Indonesia,0
PLG-11536,28.0,Laki-laki,Bandung,Premium,100,Bulanan,20,618,12913.0,E-Wallet,Tidak,Ya,1.9,3,8.0,2024-10-16,Indonesia,1
PLG-11537,33.0,Laki-laki,Semarang,Basic,10,Tahunan,52,186,9311.0,Kartu Kredit,Ya,Tidak,2.9,0,8.0,2022-02-11,Indonesia,0
PLG-11538,23.0,Perempuan,Jakarta,Standar,30,Tahunan,28,328,9124.0,E-Wallet,Tidak,Tidak,1.4,0,9.0,2024-02-05,Indonesia,0
PLG-11539,39.0,Perempuan,Medan ,Premium,100,2 Tahun,33,649,20808.0,Transfer Bank,Tidak,Ya,6.5,1,5.0,2023-09-07,Indonesia,0
PLG-11540,28.0,Laki-laki,Denpasar,Standar,30,2 Tahun,29,339,10313.0,Kartu Kredit,Tidak,Tidak,1.0,0,7.0,2024-01-21,Indonesia,0
PLG-11542,,Laki-laki,Semarang,Standar,30,Bulanan,9,325,2989.0,Transfer Bank,Tidak,Tidak,4.8,2,5.0,2025-09-11,Indonesia,1
PLG-11543,19.0,Perempuan,Jakarta,Basic,10,Bulanan,13,275,3627.0,E-Wallet,Tidak,Ya,2.9,0,6.0,2025-05-18,Indonesia,1
PLG-11544,18.0,Laki-laki,Surabaya,Standar,30,Bulanan,21,328,6784.0,Transfer Bank,Ya,Tidak,1.6,2,6.0,2024-09-21,Indonesia,0
PLG-11545,30.0,Laki-laki,Semarang,Basic,10,Tahunan,17,220,3915.0,E-Wallet,Tidak,Tidak,0.6,1,6.0,2025-01-14,Indonesia,0
PLG-11546,35.0,Perempuan,Medan,Premium,100,Bulanan,7,559,4103.0,E-Wallet,Tidak,Tidak,1.4,0,6.0,2025-11-06,Indonesia,1
PLG-11547,44.0,Perempuan,Makassar,Basic,10,Bulanan,29,212,6257.0,Transfer Bank,Ya,Tidak,1.5,2,8.0,2024-01-10,Indonesia,0
PLG-11548,42.0,Perempuan,Jakarta,Premium,100,Tahunan,40,559,21804.0,Transfer Bank,Tidak,Tidak,1.1,1,8.0,2023-02-07,Indonesia,0
PLG-11550,27.0,Perempuan,Denpasar,Standar,30,Tahunan,25,332,8033.0,E-Wallet,Tidak,Tidak,1.2,1,5.0,2024-05-24,Indonesia,0
PLG-11551,30.0,Laki-laki,Semarang,Standar,30,Bulanan,4,321,1305.0,E-Wallet,Tidak,Tidak,1.3,0,8.0,2026-02-14,Indonesia,0
PLG-11552,43.0,Perempuan,Jakarta,Premium,100,Bulanan,5,578,,Minimarket,Tidak,Tidak,0.8,1,7.0,2026-01-11,Indonesia,1
PLG-11553,38.0,Laki-laki,Jakarta,Premium,100,Bulanan,7,631,4597.0,Minimarket,Tidak,Ya,1.0,0,9.0,2025-11-16,Indonesia,1
PLG-11554,39.0,Laki-laki,Medan,Basic,10,2 Tahun,22,191,4088.0,E-Wallet,Tidak,Tidak,0.1,0,9.0,2024-08-10,Indonesia,0
PLG-11556,32.0,Perempuan,Makassar,Standar,30,Bulanan,2,324,677.0,E-Wallet,Ya,Tidak,6.2,2,3.0,2026-04-05,Indonesia,1
PLG-11558,37.0,Laki-laki,Jakarta,Standar,30,Bulanan,23,384,8444.0,Minimarket,Tidak,Ya,0.2,0,4.0,2024-07-18,Indonesia,1
PLG-11559,29.0,Perempuan,Yogyakarta,Basic,10,Bulanan,14,305,4295.0,,Ya,Ya,1.8,0,7.0,2025-04-11,Indonesia,1
PLG-11560,64.0,Perempuan,Semarang,Standar,30,Bulanan,10,318,3234.0,,Tidak,Tidak,1.2,2,8.0,2025-08-07,Indonesia,0
PLG-11561,18.0,Perempuan,Bandung,Basic,10,Bulanan,9,218,1900.0,E-Wallet,Ya,Tidak,4.3,3,3.0,2025-09-25,Indonesia,1
PLG-11562,24.0,Perempuan,Semarang,Premium,100,Bulanan,6,545,3411.0,E-Wallet,Tidak,Tidak,0.9,1,4.0,2025-12-07,Indonesia,0
PLG-11563,32.0,Laki-laki,Semarang,Basic,10,2 Tahun,72,283,19901.0,Minimarket,Tidak,Ya,1.6,3,4.0,2020-06-05,Indonesia,0
PLG-11565,39.0,Perempuan,Bandung,Basic,10,Tahunan,34,300,10677.0,Kartu Kredit,Ya,Ya,3.3,0,8.0,2023-08-05,Indonesia,0
PLG-11566,30.0,Perempuan,Surabaya,Basic,10,Tahunan,5,181,889.0,E-Wallet,Tidak,Tidak,0.5,0,6.0,2026-01-02,Indonesia,0
PLG-11567,,Perempuan,Surabaya,Standar,30,Tahunan,27,338,9017.0,Minimarket,Tidak,Tidak,2.0,2,,2024-03-05,Indonesia,1
PLG-11568,22.0,Laki-laki,Medan,Basic,10,Tahunan,43,268,11632.0,Transfer Bank,Ya,Ya,1.2,2,,2022-11-18,Indonesia,0
PLG-11569,18.0,Laki-laki,Jakarta,Basic,10,Tahunan,43,282,12038.0,Transfer Bank,Tidak,Ya,3.9,0,7.0,2022-11-23,Indonesia,0
PLG-11570,48.0,Laki-laki,Surabaya,Standar,30,Tahunan,11,333,3608.0,Transfer Bank,Tidak,Tidak,1.3,0,6.0,2025-07-22,Indonesia,0
PLG-11571,18.0,Laki-laki,Jakarta,Basic,10,Bulanan,14,215,2906.0,Transfer Bank,Ya,Tidak,0.4,0,9.0,2025-04-03,Indonesia,0
PLG-11572,44.0,Perempuan,Bandung,Basic,10,Bulanan,3,188,581.0,Minimarket,Tidak,Tidak,3.8,3,,2026-03-05,Indonesia,1
PLG-11573,37.0,Laki-laki,Semarang,Basic,10,Tahunan,13,182,2415.0,Kartu Kredit,Ya,Tidak,3.1,1,7.0,2025-05-07,Indonesia,0
PLG-11574,26.0,Perempuan,Bandung,Basic,10,Tahunan,47,268,12179.0,Transfer Bank,Tidak,Ya,0.4,2,8.0,2022-07-26,Indonesia,0
PLG-11575,27.0,Perempuan,Jakarta,Standar,30,Bulanan,16,320,5159.0,Minimarket,Tidak,Tidak,2.5,3,4.0,2025-02-14,Indonesia,1
PLG-11576,32.0,Perempuan,Denpasar,Standar,30,Bulanan,10,324,3189.0,E-Wallet,Ya,Tidak,1.2,1,7.0,2025-08-30,Indonesia,1
PLG-11577,41.0,Laki-laki,Bandung,Premium,100,Bulanan,1,649,653.0,Minimarket,Tidak,Ya,0.2,1,7.0,2026-05-13,Indonesia,1
PLG-11578,35.0,Laki-laki,Bandung,Premium,100,Bulanan,5,556,2698.0,Kartu Kredit,Ya,Tidak,1.8,1,9.0,2026-01-16,Indonesia,1
PLG-11580,27.0,Laki-laki,Surabaya,Standar,30,Tahunan,22,392,8518.0,E-Wallet,Tidak,Ya,1.7,0,,2024-08-18,Indonesia,0
PLG-11582,28.0,Perempuan,Medan,Premium,100,Tahunan,26,541,13763.0,Minimarket,Tidak,Tidak,1.0,0,7.0,2024-04-21,Indonesia,0
PLG-11583,21.0,Laki-laki,Semarang,Standar,30,Tahunan,27,410,11119.0,E-Wallet,Tidak,Ya,3.0,2,6.0,2024-03-17,Indonesia,0
PLG-11584,46.0,Laki-laki,Surabaya,Standar,30,Tahunan,1,418,406.0,Transfer Bank,Tidak,Ya,0.3,0,6.0,2026-05-13,Indonesia,0
PLG-11585,21.0,Laki-laki,Yogyakarta,Standar,30,Bulanan,31,328,,Minimarket,Tidak,Tidak,0.4,1,9.0,2023-11-07,Indonesia,0
PLG-11586,43.0,Laki-laki,Jakarta,Standar,30,2 Tahun,44,328,14137.0,E-Wallet,Ya,Tidak,2.5,0,6.0,2022-10-16,Indonesia,0
PLG-11589,51.0,Perempuan,Denpasar,Basic,10,2 Tahun,28,207,5525.0,E-Wallet,Tidak,Tidak,1.3,0,6.0,2024-02-18,Indonesia,0
PLG-11590,18.0,Perempuan,Jakarta,Basic,10,2 Tahun,36,202,6964.0,Transfer Bank,Ya,Tidak,0.9,0,9.0,2023-06-27,Indonesia,0
PLG-11591,47.0,Laki-laki,Bandung,Basic,10,Bulanan,7,268,1968.0,Transfer Bank,Tidak,Ya,1.3,1,6.0,2025-11-26,Indonesia,1
PLG-11593,50.0,Laki-laki,Medan,Premium,100,2 Tahun,72,546,37461.0,Minimarket,Tidak,Tidak,5.8,4,3.0,2020-06-18,Indonesia,0
PLG-11594,45.0,Perempuan,Jakarta,Standar,30,Bulanan,35,311,10789.0,Transfer Bank,Ya,Tidak,3.4,3,5.0,2023-07-15,Indonesia,0
PLG-11597,51.0,Perempuan,Bandung,Basic,10,2 Tahun,55,172,9751.0,Transfer Bank,Ya,Tidak,2.2,0,7.0,2021-11-02,Indonesia,0
PLG-11598,23.0,Perempuan,Bandung,Basic,10,Bulanan,20,288,5810.0,E-Wallet,Ya,Ya,1.4,2,5.0,2024-10-13,Indonesia,1
PLG-11599,45.0,Perempuan,Jakarta,Standar,30,Tahunan,15,346,5156.0,Transfer Bank,Ya,Tidak,0.4,0,8.0,2025-03-10,Indonesia,0
PLG-11601,28.0,Perempuan,Makassar,Basic,10,Bulanan,9,269,2407.0,Kartu Kredit,Ya,Ya,1.5,1,7.0,2025-09-19,Indonesia,0
PLG-11602,28.0,Laki-laki,Jakarta,Standar,30,Bulanan,5,403,1923.0,Kartu Kredit,Ya,Ya,0.6,1,8.0,2026-01-07,Indonesia,0
PLG-11603,,Perempuan,Jakarta,Standar,30,Bulanan,9,323,2968.0,Transfer Bank,Ya,Tidak,1.2,1,7.0,2025-09-04,Indonesia,0
PLG-11604,50.0,Laki-laki,Surabaya,Basic,10,2 Tahun,69,281,19608.0,E-Wallet,Tidak,Ya,1.6,3,5.0,2020-09-21,Indonesia,0
PLG-11605,45.0,Laki-laki,Bandung,Premium,100,Bulanan,4,547,2266.0,E-Wallet,Tidak,Tidak,0.5,2,6.0,2026-02-09,Indonesia,1
PLG-11607,39.0,Laki-laki,BANDUNG,Premium,100,Tahunan,37,559,20652.0,Transfer Bank,Tidak,Tidak,0.9,1,8.0,2023-05-16,Indonesia,0
PLG-11608,35.0,Laki-laki,Makassar,Standar,30,Bulanan,21,406,8188.0,Kartu Kredit,Ya,Ya,1.5,3,4.0,2024-09-03,Indonesia,1
PLG-11609,31.0,Perempuan,Medan,Standar,30,Bulanan,5,396,2031.0,E-Wallet,Ya,Ya,1.1,1,9.0,2026-01-08,Indonesia,1
PLG-11611,38.0,Perempuan,Yogyakarta,Premium,100,Tahunan,22,547,12506.0,Transfer Bank,Ya,Tidak,1.2,2,7.0,2024-08-16,Indonesia,0
PLG-11612,42.0,Laki-laki,Bandung,Basic,10,Tahunan,19,197,3921.0,Transfer Bank,Tidak,Tidak,3.8,2,7.0,2024-11-24,Indonesia,0
PLG-11613,39.0,Perempuan,Semarang,Basic,10,Tahunan,37,203,7435.0,Transfer Bank,Tidak,Tidak,3.4,1,6.0,2023-05-07,Indonesia,0
PLG-11614,,Laki-laki,Jakarta,Basic,10,2 Tahun,51,266,,Kartu Kredit,Ya,Ya,1.5,0,,2022-03-24,Indonesia,0
PLG-11615,23.0,Laki-laki,Makassar,Standar,30,Bulanan,21,394,7925.0,E-Wallet,Ya,Ya,0.4,1,9.0,2024-09-19,Indonesia,0
PLG-11616,26.0,Laki-laki,Bandung,Standar,30,Tahunan,36,418,15417.0,E-Wallet,Tidak,Ya,0.9,0,8.0,2023-06-22,Indonesia,0
PLG-11617,39.0,Laki-laki,Bandung,Basic,10,Tahunan,4,282,1148.0,Transfer Bank,Ya,Ya,2.9,1,4.0,2026-02-20,Indonesia,0
PLG-11620,39.0,Laki-laki,Surabaya,Standar,30,Tahunan,65,334,21393.0,E-Wallet,Tidak,Tidak,0.6,1,6.0,2021-01-28,Indonesia,0
PLG-11621,49.0,Perempuan,Jakarta,Premium,100,Bulanan,12,547,6849.0,Minimarket,Tidak,Tidak,2.6,2,4.0,2025-06-18,Indonesia,1
PLG-11626,51.0,Laki-laki,Makassar ,Standar,30,Bulanan,13,335,4296.0,Minimarket,Tidak,Tidak,5.6,3,5.0,2025-05-20,Indonesia,1
PLG-11628,52.0,Perempuan,Jakarta,Standar,30,Bulanan,6,407,2488.0,Kartu Kredit,Ya,Ya,0.4,2,6.0,2025-12-19,Indonesia,0
PLG-11629,23.0,Perempuan,Jakarta,Basic,10,Bulanan,4,196,800.0,Minimarket,Tidak,Tidak,1.6,3,6.0,2026-02-28,Indonesia,1
PLG-11630,26.0,Laki-laki,Bandung,Basic,10,2 Tahun,72,195,14464.0,E-Wallet,Tidak,Tidak,1.9,1,8.0,2020-06-23,Indonesia,0
PLG-11631,43.0,Perempuan,Jakarta,Premium,100,2 Tahun,18,631,11484.0,Transfer Bank,Tidak,Ya,3.3,0,8.0,2024-12-03,Indonesia,0
PLG-11632,41.0,Laki-laki,Jakarta,Premium,100,Tahunan,35,620,20835.0,E-Wallet,Tidak,Ya,0.7,1,8.0,2023-07-22,Indonesia,0
PLG-11633,,Perempuan,Denpasar,Standar,30,Bulanan,2,416,822.0,Minimarket,Tidak,Ya,2.6,1,6.0,2026-04-13,Indonesia,1
PLG-11635,24.0,Laki-laki,Denpasar,Basic,10,Bulanan,10,205,1969.0,Minimarket,Tidak,Tidak,0.6,0,7.0,2025-08-10,Indonesia,0
PLG-11636,61.0,Laki-laki,Bandung,Standar,30,Tahunan,55,338,19352.0,Transfer Bank,Tidak,Tidak,0.4,2,7.0,2021-11-19,Indonesia,0
PLG-11637,34.0,Laki-laki,Yogyakarta,Standar,30,Bulanan,52,341,17173.0,Transfer Bank,Tidak,Tidak,0.1,0,7.0,2022-02-18,Indonesia,0
PLG-11639,50.0,Laki-laki,Yogyakarta,Basic,10,Bulanan,25,280,7148.0,Minimarket,Tidak,Ya,1.0,2,,2024-05-28,Indonesia,0
PLG-11640,26.0,Perempuan,Makassar,Premium,100,Bulanan,23,635,14144.0,Transfer Bank,Ya,Ya,3.5,0,8.0,2024-07-12,Indonesia,1
PLG-11642,47.0,Perempuan,Semarang,Premium,100,Tahunan,25,543,,E-Wallet,Tidak,Tidak,1.2,0,6.0,2024-05-15,Indonesia,0
PLG-11643,54.0,Perempuan,Surabaya,Standar,30,2 Tahun,9,320,2777.0,Minimarket,Tidak,Tidak,0.6,0,8.0,2025-09-15,Indonesia,0
PLG-11644,35.0,Perempuan,Bandung,Premium,100,Bulanan,4,546,2254.0,Transfer Bank,Ya,Tidak,3.2,1,5.0,2026-02-01,Indonesia,1
PLG-11645,26.0,Laki-laki,Semarang,Basic,10,2 Tahun,30,196,5941.0,Kartu Kredit,Tidak,Tidak,2.1,1,8.0,2023-12-08,Indonesia,0
PLG-11646,27.0,Laki-laki,Jakarta,Standar,30,Bulanan,12,340,4149.0,Transfer Bank,Ya,Tidak,0.5,0,7.0,2025-06-21,Indonesia,1
PLG-11647,36.0,Perempuan,Yogyakarta,Basic,10,Bulanan,7,205,1392.0,E-Wallet,Ya,Tidak,1.6,1,9.0,2025-11-16,Indonesia,0
PLG-11649,50.0,Perempuan,Makassar,Basic,10,Bulanan,21,198,4268.0,Transfer Bank,Tidak,Tidak,1.0,0,7.0,2024-09-02,Indonesia,0
PLG-11654,42.0,Laki-laki,Jakarta,Premium,100,Tahunan,54,563,31378.0,Kartu Kredit,Ya,Tidak,2.5,1,7.0,2021-12-10,Indonesia,0
PLG-11655,44.0,Perempuan,Medan,Basic,10,Tahunan,6,288,1662.0,E-Wallet,Tidak,Ya,3.3,4,7.0,2025-12-23,Indonesia,1
PLG-11657,30.0,Laki-laki,Jakarta,Premium,100,Tahunan,14,560,7529.0,E-Wallet,Ya,Tidak,2.3,2,6.0,2025-04-14,Indonesia,1
PLG-11659,59.0,Perempuan,Semarang,Basic,10,Bulanan,17,194,3255.0,E-Wallet,Ya,Tidak,2.7,2,6.0,2025-01-06,Indonesia,1
PLG-11660,51.0,Laki-laki,Yogyakarta,Standar,30,Tahunan,65,310,20596.0,E-Wallet,Tidak,Tidak,1.6,1,5.0,2021-01-09,Indonesia,0
PLG-11664,37.0,Perempuan,Makassar,Basic,10,Tahunan,13,193,2411.0,E-Wallet,Tidak,Tidak,1.4,0,8.0,2025-05-26,Indonesia,0
PLG-11665,47.0,Perempuan,Semarang,Standar,30,2 Tahun,13,331,4417.0,Kartu Kredit,Ya,Tidak,0.8,1,8.0,2025-05-29,Indonesia,0
PLG-11666,18.0,Perempuan,Jakarta,Standar,30,2 Tahun,41,338,13307.0,Transfer Bank,Tidak,Tidak,2.1,1,6.0,2023-01-04,Indonesia,0
PLG-11669,68.0,Laki-laki,Medan,Standar,30,2 Tahun,17,317,5285.0,Minimarket,Tidak,Tidak,1.5,3,5.0,2025-01-21,Indonesia,0
PLG-11670,0.0,Perempuan,Bandung,Premium,100,Tahunan,6,630,3933.0,Transfer Bank,Tidak,Ya,1.0,0,5.0,2025-12-12,Indonesia,1
PLG-11672,42.0,Laki-laki,Denpasar,Basic,10,Tahunan,46,283,13393.0,Transfer Bank,Tidak,Ya,4.3,5,5.0,2022-08-28,Indonesia,1
PLG-11673,34.0,Laki-laki,Yogyakarta,Standar,30,Tahunan,39,336,12565.0,E-Wallet,Ya,Tidak,1.9,1,8.0,2023-03-15,Indonesia,0
PLG-11674,35.0,Laki-laki,Jakarta,Basic,10,Bulanan,14,199,2768.0,E-Wallet,Ya,Tidak,0.9,2,5.0,2025-04-25,Indonesia,0
PLG-11675,18.0,Laki-laki,Medan,Standar,30,Bulanan,13,340,4332.0,Kartu Kredit,Ya,Tidak,2.1,2,4.0,2025-05-07,Indonesia,1
PLG-11676,25.0,Perempuan,Semarang,Premium,100,Bulanan,2,556,1157.0,Transfer Bank,Tidak,Tidak,1.5,1,7.0,2026-04-25,Indonesia,1
PLG-11678,36.0,Laki-laki,Jakarta,Basic,10,Bulanan,25,286,7421.0,Transfer Bank,Ya,Ya,0.7,0,,2024-05-10,Indonesia,0
PLG-11679,43.0,Perempuan,Semarang,Standar,30,2 Tahun,36,321,11591.0,E-Wallet,Tidak,Tidak,0.9,0,8.0,2023-06-23,Indonesia,0
PLG-11680,34.0,Perempuan,Jakarta,Standar,30,Bulanan,7,429,3149.0,Transfer Bank,Ya,Ya,2.6,2,6.0,2025-11-24,Indonesia,0
PLG-11681,34.0,Laki-laki,Surabaya,Premium,100,Bulanan,38,555,20776.0,Transfer Bank,Tidak,Tidak,2.6,1,,2023-04-29,Indonesia,1
PLG-11682,38.0,Laki-laki,Jakarta,Premium,100,Bulanan,17,561,9466.0,Kartu Kredit,Ya,Tidak,2.7,4,,2025-01-27,Indonesia,1
PLG-11683,32.0,Perempuan,Bandung,Basic,10,Bulanan,5,203,1026.0,Kartu Kredit,Ya,Tidak,2.0,4,4.0,2026-01-24,Indonesia,1
PLG-11684,54.0,Perempuan,Bandung,Basic,10,Bulanan,8,285,2230.0,Transfer Bank,Ya,Ya,0.8,2,8.0,2025-10-29,Indonesia,0
PLG-11685,49.0,Perempuan,Yogyakarta,Basic,10,Bulanan,16,288,4706.0,Minimarket,Tidak,Ya,0.4,0,6.0,2025-02-17,Indonesia,1
PLG-11687,54.0,Laki-laki,Denpasar,Premium,100,Bulanan,9,535,4937.0,E-Wallet,Tidak,Tidak,4.1,3,8.0,2025-09-20,Indonesia,1
PLG-11688,40.0,Laki-laki,Semarang,Standar,30,Bulanan,35,329,11012.0,Minimarket,Tidak,Tidak,0.1,1,7.0,2023-07-26,Indonesia,0
PLG-11689,40.0,Laki-laki,Jakarta,Premium,100,2 Tahun,14,547,7596.0,Transfer Bank,Ya,Tidak,1.1,1,8.0,2025-04-17,Indonesia,0
PLG-11690,38.0,Perempuan,Jakarta,Basic,10,Bulanan,10,181,1766.0,Transfer Bank,Tidak,Tidak,1.1,0,6.0,2025-08-03,Indonesia,0
PLG-11691,18.0,Laki-laki,Jakarta,Basic,10,Tahunan,10,223,2274.0,Transfer Bank,Tidak,Tidak,0.5,0,,2025-08-22,Indonesia,0
PLG-11692,67.0,Laki-laki,Bandung,Standar,30,Bulanan,7,307,2153.0,Transfer Bank,Tidak,Tidak,0.8,0,9.0,2025-11-03,Indonesia,0
PLG-11693,39.0,Laki-laki,Jakarta,Standar,30,Tahunan,43,325,14504.0,Kartu Kredit,Ya,Tidak,1.6,2,5.0,2022-11-24,Indonesia,0
PLG-11695,41.0,Laki-laki,Semarang,Standar,30,Bulanan,2,351,707.0,Transfer Bank,Tidak,Tidak,1.7,2,,2026-04-12,Indonesia,1
PLG-11696,19.0,Perempuan,Yogyakarta,Premium,100,Tahunan,21,622,12804.0,Transfer Bank,Tidak,Ya,1.6,3,4.0,2024-09-24,Indonesia,0
PLG-11697,55.0,Perempuan,Yogyakarta,Standar,30,Tahunan,50,318,16631.0,Transfer Bank,Ya,Tidak,2.1,1,5.0,2022-04-07,Indonesia,0
PLG-11698,31.0,Perempuan,Jakarta,Premium,100,Bulanan,12,566,6774.0,,Tidak,Tidak,2.4,1,6.0,2025-06-05,Indonesia,1
PLG-11699,41.0,Laki-laki,Jakarta,Standar,30,Bulanan,18,354,6571.0,Kartu Kredit,Tidak,Tidak,0.4,0,8.0,2024-12-09,Indonesia,0
PLG-11701,21.0,Perempuan,Surabaya,Basic,10,Bulanan,6,178,1059.0,Kartu Kredit,Ya,Tidak,0.6,0,7.0,2025-12-27,Indonesia,0
PLG-11703,44.0,Perempuan,Jakarta,Standar,30,Tahunan,7,328,2335.0,Transfer Bank,Ya,Tidak,0.7,1,,2025-11-11,Indonesia,0
PLG-11704,27.0,Perempuan,Bandung,Basic,10,Tahunan,32,210,6422.0,Minimarket,Tidak,Tidak,0.6,0,10.0,2023-10-04,Indonesia,0
PLG-11705,43.0,Perempuan,Medan,Basic,10,Bulanan,12,293,3682.0,Minimarket,Tidak,Ya,5.8,3,,2025-06-06,Indonesia,1
PLG-11706,40.0,Perempuan,Bandung,Standar,30,Tahunan,56,341,19150.0,Transfer Bank,Tidak,Tidak,1.0,0,8.0,2021-10-17,Indonesia,0
PLG-11707,39.0,Laki-laki,Denpasar,Premium,100,Bulanan,2,533,1021.0,Transfer Bank,Ya,Tidak,1.6,0,8.0,2026-04-10,Indonesia,1
PLG-11708,41.0,Laki-laki,Denpasar,Basic,10,Tahunan,55,292,16383.0,Minimarket,Tidak,Ya,2.7,2,7.0,2021-11-27,Indonesia,0
PLG-11709,18.0,Perempuan,Jakarta,Standar,30,Bulanan,8,317,2499.0,E-Wallet,Tidak,Tidak,2.5,1,,2025-10-23,Indonesia,1
PLG-11711,28.0,Laki-laki,Bandung,Standar,30,Tahunan,33,341,10703.0,Kartu Kredit,Tidak,Tidak,1.2,0,7.0,2023-09-18,Indonesia,0
PLG-11712,43.0,Laki-laki,Semarang,Basic,10,Tahunan,12,188,2300.0,Minimarket,Tidak,Tidak,0.9,0,7.0,2025-06-12,Indonesia,0
PLG-11713,34.0,Laki-laki,Bandung,Standar,30,Bulanan,5,329,1692.0,Minimarket,Tidak,Tidak,0.9,0,7.0,2026-01-24,Indonesia,1
PLG-11714,35.0,Perempuan,Bandung ,Standar,30,Bulanan,17,324,5365.0,Minimarket,Tidak,Tidak,0.9,1,7.0,2025-01-16,Indonesia,0
PLG-11715,38.0,Laki-laki,Bandung,Standar,30,2 Tahun,72,412,28403.0,E-Wallet,Tidak,Ya,2.0,2,5.0,2020-06-27,Indonesia,0
PLG-11716,52.0,Laki-laki,Jakarta,Basic,10,Bulanan,4,188,770.0,Transfer Bank,Ya,Tidak,3.0,1,5.0,2026-02-11,Indonesia,0
PLG-11717,49.0,Laki-laki,Surabaya,Basic,10,Bulanan,25,267,7003.0,E-Wallet,Ya,Ya,3.9,3,5.0,2024-05-27,Indonesia,0
PLG-11718,29.0,Laki-laki,Denpasar,Basic,10,Tahunan,40,205,8546.0,E-Wallet,Ya,Tidak,0.5,1,8.0,2023-02-10,Indonesia,0
PLG-11721,36.0,Perempuan,Semarang,Standar,30,2 Tahun,72,337,24096.0,Transfer Bank,Ya,Tidak,2.0,0,7.0,2020-06-09,Indonesia,0
PLG-11722,23.0,Perempuan,Surabaya,Basic,10,Bulanan,9,271,2397.0,E-Wallet,Tidak,Ya,0.5,2,10.0,2025-09-15,Indonesia,0
PLG-11723,28.0,Laki-laki,Makassar,Basic,10,Bulanan,23,199,4796.0,Minimarket,Tidak,Tidak,1.3,3,8.0,2024-07-09,Indonesia,0
PLG-11724,51.0,Laki-laki,Medan,Premium,100,Bulanan,43,580,25777.0,Kartu Kredit,Ya,Tidak,2.0,0,8.0,2022-11-07,Indonesia,0
PLG-11725,32.0,Perempuan,Denpasar,Basic,10,Bulanan,2,273,520.0,Minimarket,Tidak,Ya,0.6,1,8.0,2026-04-15,Indonesia,0
PLG-11726,23.0,Perempuan,Surabaya,Standar,30,2 Tahun,33,329,10476.0,Transfer Bank,Ya,Tidak,2.0,1,4.0,2023-09-03,Indonesia,0
PLG-11727,34.0,Perempuan,Jakarta,Basic,10,Tahunan,19,210,4045.0,Transfer Bank,Tidak,Tidak,0.7,1,,2024-11-20,Indonesia,0
PLG-11728,33.0,Laki-laki,Jakarta,Basic,10,Tahunan,34,214,7352.0,Transfer Bank,Ya,Tidak,0.9,1,9.0,2023-08-20,Indonesia,0
PLG-11729,33.0,Perempuan,Bandung,Basic,10,Tahunan,13,291,3640.0,Transfer Bank,Tidak,Ya,1.4,0,10.0,2025-05-11,Indonesia,0
PLG-11730,47.0,Laki-laki,Denpasar,Standar,30,Bulanan,5,349,1745.0,Transfer Bank,Tidak,Tidak,0.8,0,7.0,2026-01-13,Indonesia,0
PLG-11731,,Perempuan,Medan,Basic,10,Tahunan,4,293,1230.0,Minimarket,Tidak,Ya,1.5,0,8.0,2026-02-15,Indonesia,0
PLG-11732,33.0,Perempuan,Jakarta,Standar,30,Bulanan,6,413,2433.0,Kartu Kredit,Ya,Ya,2.6,3,7.0,2025-12-18,Indonesia,1
PLG-11733,46.0,Laki-laki,Makassar,Standar,30,Bulanan,27,421,11350.0,Minimarket,Tidak,Ya,0.2,0,9.0,2024-03-11,Indonesia,0
PLG-11734,54.0,Laki-laki,Yogyakarta,Basic,10,Bulanan,11,260,2720.0,E-Wallet,Tidak,Ya,0.3,0,10.0,2025-07-14,Indonesia,0
PLG-11735,42.0,Laki-laki,Bandung,Standar,30,Tahunan,5,329,1579.0,E-Wallet,Tidak,Tidak,2.3,3,5.0,2026-01-21,Indonesia,0
PLG-11738,23.0,Perempuan,Jakarta,Premium,100,2 Tahun,11,631,6621.0,Kartu Kredit,Ya,Ya,3.8,1,7.0,2025-07-13,Indonesia,1
PLG-11739,53.0,Perempuan,Semarang,Basic,10,Bulanan,8,182,1418.0,Transfer Bank,Tidak,Tidak,0.4,0,6.0,2025-10-12,Indonesia,0
PLG-11740,41.0,Perempuan,Jakarta,Standar,30,Bulanan,5,313,1553.0,E-Wallet,Ya,Tidak,0.3,0,10.0,2026-01-18,Indonesia,0
PLG-11741,43.0,Laki-laki,Yogyakarta,Standar,30,Tahunan,37,304,10701.0,Transfer Bank,Tidak,Tidak,1.4,0,5.0,2023-05-04,Indonesia,0
PLG-11742,28.0,Laki-laki,Bandung,Premium,100,Bulanan,2,571,1166.0,Minimarket,Tidak,Tidak,1.7,0,7.0,2026-04-17,Indonesia,1
PLG-11743,43.0,Perempuan,Denpasar,Premium,100,2 Tahun,13,539,7044.0,Kartu Kredit,Ya,Tidak,3.8,1,6.0,2025-05-15,Indonesia,0
PLG-11744,41.0,Laki-laki,Makassar,Standar,30,2 Tahun,72,327,22649.0,Transfer Bank,Ya,Tidak,2.7,0,7.0,2020-06-07,Indonesia,0
PLG-11745,39.0,Laki-laki,Jakarta,Basic,10,Tahunan,33,201,6928.0,Transfer Bank,Tidak,Tidak,0.9,0,,2023-09-16,Indonesia,0
PLG-11746,28.0,Perempuan,Makassar,Basic,10,Tahunan,48,214,10429.0,Minimarket,Tidak,Tidak,1.0,0,5.0,2022-06-05,Indonesia,0
PLG-11747,32.0,Laki-laki,Bandung ,Basic,10,Bulanan,4,308,1272.0,Minimarket,Tidak,Ya,2.0,1,6.0,2026-02-12,Indonesia,1
PLG-11748,36.0,Laki-laki,Jakarta,Premium,100,Bulanan,25,639,15954.0,Transfer Bank,Tidak,Ya,0.6,1,5.0,2024-05-10,Indonesia,1
PLG-11749,41.0,Perempuan,Jakarta,Basic,10,2 Tahun,70,222,16236.0,Transfer Bank,Tidak,Tidak,0.5,0,9.0,2020-08-15,Indonesia,0
PLG-11750,18.0,Laki-laki,Medan,Basic,10,Bulanan,9,191,1668.0,E-Wallet,Ya,Tidak,0.8,4,,2025-09-28,Indonesia,1
PLG-11751,43.0,Perempuan,Bandung,Standar,30,Tahunan,52,319,17377.0,Transfer Bank,Tidak,Tidak,2.2,2,4.0,2022-02-02,Indonesia,0
PLG-11752,35.0,Laki-laki,Bandung,Basic,10,Bulanan,15,274,4283.0,Minimarket,Tidak,Ya,0.6,0,6.0,2025-03-24,Indonesia,1
PLG-11754,40.0,Perempuan,Semarang,Standar,30,Bulanan,21,315,6606.0,Transfer Bank,Ya,Tidak,2.0,2,8.0,2024-09-23,Indonesia,0
PLG-11755,38.0,Perempuan,Bandung,Standar,30,Bulanan,8,426,3421.0,Kartu Kredit,Ya,Ya,1.8,2,8.0,2025-10-12,Indonesia,1
PLG-11756,33.0,Perempuan,Makassar,Premium,100,Bulanan,6,649,3844.0,Kartu Kredit,Ya,Ya,7.1,1,6.0,2025-12-12,Indonesia,1
PLG-11757,38.0,Laki-laki,Surabaya,Basic,10,2 Tahun,72,196,13440.0,Minimarket,Tidak,Tidak,3.0,0,9.0,2020-06-29,Indonesia,0
PLG-11757,38.0,Laki-laki,Surabaya,Basic,10,2 Tahun,72,196,13440.0,Minimarket,Tidak,Tidak,3.0,0,9.0,2020-06-29,Indonesia,0
PLG-11759,42.0,Laki-laki,Bandung,Premium,100,Bulanan,2,538,1036.0,E-Wallet,Ya,Tidak,0.3,2,,2026-04-30,Indonesia,1
PLG-11761,39.0,Perempuan,Jakarta,Standar,30,Tahunan,11,327,3693.0,E-Wallet,Ya,Tidak,1.8,5,5.0,2025-07-18,Indonesia,0
PLG-11762,37.0,Perempuan,Denpasar,Basic,10,Bulanan,8,226,1866.0,E-Wallet,Tidak,Tidak,0.2,1,9.0,2025-10-15,Indonesia,0
PLG-11763,22.0,Perempuan,Jakarta,Standar,30,Tahunan,44,312,13226.0,E-Wallet,Ya,Tidak,1.5,0,10.0,2022-10-24,Indonesia,0
PLG-11764,43.0,Perempuan,Semarang,Standar,30,Tahunan,12,408,5084.0,E-Wallet,Tidak,Ya,0.8,1,7.0,2025-06-17,Indonesia,0
PLG-11765,62.0,Perempuan,Makassar,Standar,30,Bulanan,8,330,2519.0,Minimarket,Tidak,Tidak,0.4,0,10.0,2025-10-29,Indonesia,0
PLG-11766,34.0,Laki-laki,Denpasar,Standar,30,Bulanan,6,420,2588.0,E-Wallet,Tidak,Ya,4.1,3,,2025-12-14,Indonesia,1
PLG-11768,41.0,Perempuan,Jakarta,Standar,30,Bulanan,14,317,4506.0,Transfer Bank,Ya,Tidak,1.1,2,,2025-04-14,Indonesia,0
PLG-11769,29.0,Laki-laki,Jakarta,Standar,30,2 Tahun,9,355,3239.0,Transfer Bank,Ya,Tidak,0.3,0,9.0,2025-09-03,Indonesia,0
PLG-11770,58.0,Laki-laki,Surabaya,Basic,10,Bulanan,2,201,400.0,Kartu Kredit,Tidak,Tidak,0.3,0,8.0,2026-04-07,Indonesia,0
PLG-11771,37.0,Perempuan,Medan,Standar,30,Bulanan,18,338,5903.0,Minimarket,Tidak,Tidak,6.3,4,2.0,2024-12-11,Indonesia,1
PLG-11772,21.0,Laki-laki,Bandung,Standar,30,Tahunan,11,344,,Minimarket,Tidak,Tidak,6.6,2,,2025-07-23,Indonesia,1
PLG-11775,22.0,Perempuan,Surabaya,Standar,30,Bulanan,19,311,,Transfer Bank,Ya,Tidak,3.0,1,5.0,2024-11-23,Indonesia,1
PLG-11776,48.0,Perempuan,Surabaya,Basic,10,Bulanan,25,199,4958.0,,Tidak,Tidak,0.1,1,8.0,2024-05-28,Indonesia,0
PLG-11777,51.0,Laki-laki,Medan,Basic,10,Tahunan,62,204,12136.0,Kartu Kredit,Tidak,Tidak,2.3,4,4.0,2021-04-16,Indonesia,0
PLG-11778,48.0,Perempuan,Surabaya,Standar,30,Bulanan,5,352,1705.0,E-Wallet,Tidak,Tidak,1.1,1,7.0,2026-01-02,Indonesia,1
PLG-11780,47.0,Perempuan,Jakarta,Standar,30,Bulanan,1,333,324.0,E-Wallet,Tidak,Tidak,0.8,0,,2026-05-26,Indonesia,0
PLG-11781,30.0,Laki-laki,Jakarta,Standar,30,Bulanan,4,340,1362.0,Transfer Bank,Ya,Tidak,2.4,2,4.0,2026-02-17,Indonesia,1
PLG-11782,27.0,Perempuan,Surabaya,Basic,10,Tahunan,16,220,3372.0,Minimarket,Tidak,Tidak,2.6,1,4.0,2025-02-18,Indonesia,0
PLG-11783,39.0,Perempuan,Semarang,Standar,30,Bulanan,26,345,8622.0,E-Wallet,Ya,Tidak,1.2,0,7.0,2024-04-30,Indonesia,0
PLG-11784,40.0,Laki-laki,Surabaya,Premium,100,2 Tahun,41,652,25573.0,Kartu Kredit,Ya,Ya,0.8,0,8.0,2023-01-06,Indonesia,0
PLG-11786,31.0,Laki-laki,Jakarta,Basic,10,Bulanan,19,209,3807.0,E-Wallet,Tidak,Tidak,0.9,1,5.0,2024-11-18,Indonesia,0
PLG-11788,51.0,Perempuan,Jakarta,Standar,30,Tahunan,62,339,21433.0,E-Wallet,Ya,Tidak,1.9,1,7.0,2021-04-08,Indonesia,0
PLG-11789,,Perempuan,Jakarta,Premium,100,Bulanan,6,560,3420.0,Transfer Bank,Tidak,Tidak,0.9,0,,2025-12-27,Indonesia,1
PLG-11791,33.0,Perempuan,Medan,Basic,10,Tahunan,18,196,3457.0,E-Wallet,Tidak,Tidak,0.3,0,7.0,2024-12-08,Indonesia,0
PLG-11792,49.0,Laki-laki,Jakarta,Basic,10,2 Tahun,50,191,9870.0,E-Wallet,Ya,Tidak,0.7,0,7.0,2022-04-30,Indonesia,0
PLG-11793,,Laki-laki,yogyakarta,Standar,30,Tahunan,21,349,7679.0,Transfer Bank,Ya,Tidak,1.4,0,7.0,2024-09-02,Indonesia,0
PLG-11794,38.0,Laki-laki,Surabaya,Premium,100,Tahunan,31,509,16285.0,E-Wallet,Tidak,Tidak,2.5,0,10.0,2023-11-12,Indonesia,0
PLG-11795,49.0,Laki-laki,Yogyakarta,Basic,10,Bulanan,27,207,5392.0,Transfer Bank,Tidak,Tidak,1.6,0,8.0,2024-03-16,Indonesia,0
PLG-11797,42.0,Perempuan,Semarang,Premium,100,Bulanan,14,558,7470.0,Transfer Bank,Tidak,Tidak,1.4,0,7.0,2025-04-21,Indonesia,1
PLG-11798,53.0,Perempuan,Jakarta,Standar,30,Tahunan,27,335,8812.0,Transfer Bank,Tidak,Tidak,0.5,0,7.0,2024-03-20,Indonesia,0
PLG-11800,42.0,Perempuan,Surabaya,Basic,10,2 Tahun,15,203,3142.0,Transfer Bank,Tidak,Tidak,2.7,1,4.0,2025-03-05,Indonesia,0
PLG-11801,46.0,Laki-laki,Bandung,Basic,10,Tahunan,57,289,,Transfer Bank,Tidak,Ya,1.6,0,6.0,2021-09-29,Indonesia,0
PLG-11803,44.0,Laki-laki,Jakarta,Premium,100,Tahunan,3,548,1626.0,Transfer Bank,Tidak,Tidak,2.1,1,8.0,2026-03-14,Indonesia,1
PLG-11804,49.0,Perempuan,Makassar,Standar,30,2 Tahun,4,414,1624.0,Kartu Kredit,Tidak,Ya,2.3,1,6.0,2026-02-11,Indonesia,0
PLG-11806,23.0,Perempuan,Surabaya,Standar,30,Bulanan,4,320,1262.0,Kartu Kredit,Ya,Tidak,3.9,1,5.0,2026-02-20,Indonesia,1
PLG-11808,31.0,Laki-laki,Makassar,Basic,10,Bulanan,4,293,1155.0,Transfer Bank,Tidak,Ya,0.6,1,6.0,2026-02-19,Indonesia,1
PLG-11809,24.0,Perempuan,Bandung,Standar,30,Bulanan,12,322,3835.0,E-Wallet,Tidak,Tidak,0.3,0,8.0,2025-06-24,Indonesia,0
PLG-11810,29.0,Perempuan,Yogyakarta,Basic,10,Tahunan,17,263,4564.0,Transfer Bank,Tidak,Ya,1.2,1,7.0,2025-01-14,Indonesia,0
PLG-11812,35.0,Laki-laki,Surabaya,Basic,10,Tahunan,51,209,10253.0,Transfer Bank,Tidak,Tidak,2.9,3,4.0,2022-03-22,Indonesia,0
PLG-11814,36.0,Laki-laki,Jakarta,Standar,30,Bulanan,6,416,2452.0,Transfer Bank,Ya,Ya,0.2,0,8.0,2025-12-16,Indonesia,0
PLG-11815,23.0,Perempuan,Makassar,Standar,30,2 Tahun,72,339,23244.0,E-Wallet,Tidak,Tidak,2.6,2,4.0,2020-06-28,Indonesia,0
PLG-11817,45.0,Perempuan,Makassar,Basic,10,Bulanan,15,290,4255.0,Minimarket,Tidak,Ya,1.0,1,,2025-03-17,Indonesia,1
PLG-11819,46.0,Laki-laki,Yogyakarta,Standar,30,Bulanan,2,396,795.0,Kartu Kredit,Ya,Ya,0.5,0,4.0,2026-04-11,Indonesia,1
PLG-11821,22.0,Laki-laki,Denpasar,Basic,10,2 Tahun,10,284,2931.0,Minimarket,Tidak,Ya,0.4,0,9.0,2025-08-22,Indonesia,0
PLG-11822,41.0,Perempuan,Jakarta,Premium,100,Bulanan,6,544,3145.0,E-Wallet,Tidak,Tidak,0.8,0,7.0,2025-12-02,Indonesia,1
PLG-11823,34.0,Perempuan,Denpasar,Premium,100,2 Tahun,47,554,25024.0,E-Wallet,Tidak,Tidak,4.7,2,6.0,2022-07-26,Indonesia,0
PLG-11824,19.0,Laki-laki,Bandung,Standar,30,2 Tahun,66,327,22080.0,Transfer Bank,Tidak,Tidak,1.5,0,7.0,2020-12-08,Indonesia,0
PLG-11825,18.0,Perempuan,Jakarta,Basic,10,Tahunan,26,189,5159.0,Kartu Kredit,Ya,Tidak,2.3,1,8.0,2024-04-29,Indonesia,0
PLG-11827,37.0,Perempuan,Bandung,Premium,100,Bulanan,6,526,3066.0,E-Wallet,Tidak,Tidak,1.0,1,6.0,2025-12-02,Indonesia,1
PLG-11828,31.0,Laki-laki,Makassar,Basic,10,2 Tahun,28,192,5321.0,Transfer Bank,Tidak,Tidak,1.5,1,9.0,2024-02-28,Indonesia,0
PLG-11829,39.0,Laki-laki,Jakarta,Standar,30,Tahunan,72,319,22177.0,E-Wallet,Ya,Tidak,2.8,2,4.0,2020-06-04,Indonesia,0
PLG-11830,41.0,Laki-laki,Bandung,Basic,10,Bulanan,37,188,7087.0,Transfer Bank,Ya,Tidak,1.3,0,4.0,2023-05-22,Indonesia,0
PLG-11832,46.0,Laki-laki,Bandung,Basic,10,Tahunan,9,272,2434.0,Transfer Bank,Tidak,Ya,1.0,1,9.0,2025-09-02,Indonesia,0
PLG-11835,29.0,Laki-laki,Makassar,Basic,10,Bulanan,2,199,404.0,Transfer Bank,Ya,Tidak,0.2,0,8.0,2026-04-25,Indonesia,0
PLG-11836,34.0,Perempuan,Yogyakarta,Basic,10,2 Tahun,33,293,9248.0,Kartu Kredit,Ya,Ya,0.7,1,7.0,2023-09-03,Indonesia,0
PLG-11839,45.0,Laki-laki,Jakarta,Standar,30,Bulanan,6,345,2009.0,Minimarket,Tidak,Tidak,1.7,0,9.0,2025-12-12,Indonesia,0
PLG-11843,,Perempuan,Surabaya,Basic,10,2 Tahun,54,191,10048.0,Transfer Bank,Tidak,Tidak,0.5,0,9.0,2021-12-28,Indonesia,0
PLG-11846,40.0,Perempuan,Jakarta,Basic,10,Bulanan,1,196,192.0,E-Wallet,Tidak,Tidak,0.9,1,8.0,2026-05-21,Indonesia,0
PLG-11847,27.0,Perempuan,Jakarta,Basic,10,Tahunan,32,292,8888.0,Transfer Bank,Tidak,Ya,1.7,0,7.0,2023-10-22,Indonesia,0
PLG-11848,31.0,Laki-laki,Medan,Standar,30,2 Tahun,21,340,7089.0,Transfer Bank,Ya,Tidak,1.3,0,8.0,2024-09-08,Indonesia,0
PLG-11849,44.0,Perempuan,Jakarta,Basic,10,Bulanan,21,213,4375.0,Transfer Bank,Tidak,Tidak,0.2,1,8.0,2024-09-02,Indonesia,0
PLG-11850,70.0,Laki-laki,Makassar,Basic,10,Bulanan,5,301,1512.0,Transfer Bank,Ya,Ya,1.0,1,8.0,2026-01-18,Indonesia,0
PLG-11851,42.0,Laki-laki,Makassar,Basic,10,Bulanan,13,178,2325.0,Kartu Kredit,Tidak,Tidak,1.0,1,8.0,2025-05-18,Indonesia,0
PLG-11852,30.0,Perempuan,Bandung,Standar,30,Tahunan,3,351,1010.0,Transfer Bank,Tidak,Tidak,0.3,0,6.0,2026-03-08,Indonesia,0
PLG-11856,36.0,Perempuan,Surabaya,Basic,10,Tahunan,47,210,9530.0,Minimarket,Tidak,Tidak,0.7,0,,2022-07-13,Indonesia,0
PLG-11857,38.0,Laki-laki,Jakarta,Premium,100,2 Tahun,57,550,29974.0,Transfer Bank,Tidak,Tidak,0.9,0,9.0,2021-09-27,Indonesia,0
PLG-11858,,Laki-laki,Jakarta,Premium,100,Tahunan,18,572,9792.0,E-Wallet,Tidak,Tidak,4.7,3,4.0,2024-12-13,Indonesia,1
PLG-11860,43.0,Laki-laki,Makassar,Premium,100,Tahunan,11,566,6313.0,E-Wallet,Tidak,Tidak,1.4,0,9.0,2025-07-17,Indonesia,0
PLG-11862,35.0,Perempuan,Jakarta,Premium,100,2 Tahun,16,584,8929.0,Minimarket,Tidak,Tidak,0.5,0,7.0,2025-02-27,Indonesia,0
PLG-11864,51.0,Perempuan,Surabaya,Standar,30,Bulanan,5,331,1680.0,Transfer Bank,Tidak,Tidak,0.5,0,8.0,2026-01-05,Indonesia,0
PLG-11865,37.0,Laki-laki,Bandung,Basic,10,Bulanan,16,276,4623.0,E-Wallet,Ya,Ya,1.0,1,,2025-02-13,Indonesia,0
PLG-11866,45.0,Perempuan,Medan,Basic,10,Bulanan,26,193,5203.0,Kartu Kredit,Tidak,Tidak,1.8,1,9.0,2024-04-13,Indonesia,0
PLG-11867,41.0,Laki-laki,Surabaya,Standar,30,Bulanan,11,324,3578.0,E-Wallet,Tidak,Tidak,0.6,1,10.0,2025-07-16,Indonesia,0
PLG-11868,55.0,Perempuan,Medan,Basic,10,Bulanan,15,197,2897.0,Kartu Kredit,Ya,Tidak,3.9,2,6.0,2025-03-18,Indonesia,0
PLG-11871,22.0,Perempuan,MEDAN,Premium,100,Bulanan,11,627,7230.0,Transfer Bank,Ya,Ya,6.2,4,2.0,2025-07-16,Indonesia,1
PLG-11872,45.0,Laki-laki,Surabaya,Standar,30,Bulanan,11,325,3744.0,Transfer Bank,Tidak,Tidak,0.9,0,8.0,2025-07-17,Indonesia,0
PLG-11873,35.0,Laki-laki,Makassar,Standar,30,Bulanan,17,404,6966.0,Kartu Kredit,Ya,Ya,1.6,0,7.0,2025-01-13,Indonesia,0
PLG-11874,44.0,Laki-laki,Surabaya,Basic,10,Bulanan,15,272,4032.0,E-Wallet,Tidak,Ya,1.4,0,8.0,2025-03-28,Indonesia,0
PLG-11876,21.0,Laki-laki,Yogyakarta,Standar,30,Tahunan,36,394,13513.0,Transfer Bank,Ya,Ya,0.3,0,6.0,2023-06-20,Indonesia,0
PLG-11877,35.0,Perempuan,Jakarta,Basic,10,Bulanan,22,201,4511.0,Minimarket,Tidak,Tidak,5.1,4,5.0,2024-08-14,Indonesia,1
PLG-11879,0.0,Perempuan,Bandung,Basic,10,2 Tahun,34,215,7070.0,Minimarket,Tidak,Tidak,0.2,0,8.0,2023-08-24,Indonesia,0
PLG-11880,30.0,Perempuan,Jakarta,Standar,30,Bulanan,9,340,2944.0,Minimarket,Tidak,Tidak,5.7,2,5.0,2025-09-21,Indonesia,1
PLG-11881,21.0,Perempuan,Bandung,Standar,30,2 Tahun,56,342,19340.0,Minimarket,Tidak,Tidak,1.4,0,8.0,2021-10-16,Indonesia,0
PLG-11883,18.0,Laki-laki,Medan,Basic,10,Bulanan,8,197,1583.0,E-Wallet,Ya,Tidak,0.2,1,7.0,2025-10-14,Indonesia,0
PLG-11885,58.0,Perempuan,Yogyakarta,Standar,30,Bulanan,11,414,4594.0,Transfer Bank,Tidak,Ya,1.0,1,,2025-07-25,Indonesia,1
PLG-11886,40.0,Laki-laki,Surabaya,Standar,30,Tahunan,49,333,15844.0,Kartu Kredit,Ya,Tidak,1.7,1,7.0,2022-05-18,Indonesia,0
PLG-11887,26.0,Laki-laki,Medan,Premium,100,Tahunan,25,561,14135.0,Transfer Bank,Tidak,Tidak,0.8,1,7.0,2024-05-28,Indonesia,0
PLG-11890,46.0,Laki-laki,Surabaya,Premium,100,Tahunan,23,633,14592.0,Minimarket,Tidak,Ya,0.3,0,8.0,2024-07-03,Indonesia,1
PLG-11891,53.0,Laki-laki,Medan,Standar,30,Bulanan,19,336,6513.0,Transfer Bank,Tidak,Tidak,1.2,4,5.0,2024-11-08,Indonesia,0
PLG-11893,37.0,Laki-laki,Jakarta,Basic,10,Bulanan,19,200,3973.0,E-Wallet,Tidak,Tidak,1.5,2,7.0,2024-11-19,Indonesia,1
PLG-11894,56.0,Laki-laki,Semarang,Basic,10,Bulanan,16,195,3189.0,E-Wallet,Tidak,Tidak,0.8,0,9.0,2025-02-16,Indonesia,0
PLG-11899,30.0,Laki-laki,Denpasar,Standar,30,Bulanan,4,336,1411.0,Minimarket,Tidak,Tidak,1.5,1,,2026-02-07,Indonesia,0
PLG-11902,50.0,Perempuan,Bandung,Standar,30,Bulanan,15,327,4910.0,Kartu Kredit,Ya,Tidak,0.4,2,,2025-03-11,Indonesia,1
PLG-11903,49.0,Laki-laki,Surabaya,Basic,10,Tahunan,33,281,9661.0,Transfer Bank,Tidak,Ya,1.2,1,,2023-09-07,Indonesia,0
PLG-11904,36.0,Laki-laki,Yogyakarta,Standar,30,Tahunan,25,416,10567.0,Minimarket,Tidak,Ya,0.7,0,6.0,2024-05-13,Indonesia,0
PLG-11905,,Perempuan,Jakarta,Standar,30,Tahunan,30,404,12459.0,Transfer Bank,Tidak,Ya,0.4,0,,2023-12-08,Indonesia,0
PLG-11906,34.0,Laki-laki,Jakarta,Standar,30,Tahunan,23,332,7619.0,Transfer Bank,Tidak,Tidak,3.9,1,7.0,2024-07-20,Indonesia,0
PLG-11907,22.0,Laki-laki,JAKARTA,Standar,30,Bulanan,2,335,669.0,Minimarket,Tidak,Tidak,2.3,1,,2026-04-21,Indonesia,1
PLG-11907,22.0,Laki-laki,JAKARTA,Standar,30,Bulanan,2,335,669.0,Minimarket,Tidak,Tidak,2.3,1,,2026-04-21,Indonesia,1
PLG-11908,41.0,Perempuan,Bandung,Basic,10,2 Tahun,4,207,791.0,Minimarket,Tidak,Tidak,0.3,0,9.0,2026-02-04,Indonesia,0
PLG-11912,40.0,Perempuan,Jakarta,Basic,10,Bulanan,13,194,2442.0,E-Wallet,Tidak,Tidak,0.5,1,8.0,2025-05-16,Indonesia,0
PLG-11913,,Perempuan,Semarang,Standar,30,Bulanan,24,321,7328.0,Minimarket,Tidak,Tidak,0.9,3,4.0,2024-06-20,Indonesia,1
PLG-11916,35.0,Laki-laki,Jakarta,Basic,10,Bulanan,14,208,2797.0,Transfer Bank,Ya,Tidak,0.3,0,9.0,2025-04-12,Indonesia,0
PLG-11917,25.0,Laki-laki,Surabaya,Premium,100,2 Tahun,23,534,12063.0,Transfer Bank,Ya,Tidak,1.4,0,9.0,2024-07-25,Indonesia,0
PLG-11918,50.0,Laki-laki,Jakarta,Standar,30,Tahunan,66,335,22654.0,E-Wallet,Tidak,Tidak,1.5,0,5.0,2020-12-05,Indonesia,0
PLG-11919,38.0,Laki-laki,Denpasar,Basic,10,Bulanan,7,291,1944.0,E-Wallet,Tidak,Ya,0.6,0,9.0,2025-11-06,Indonesia,0
PLG-11920,34.0,Perempuan,Jakarta,Basic,10,Tahunan,70,280,18961.0,Kartu Kredit,Tidak,Ya,1.4,1,,2020-08-19,Indonesia,0
PLG-11921,40.0,Laki-laki,Denpasar,Premium,100,Bulanan,24,632,15128.0,Minimarket,Tidak,Ya,0.9,1,7.0,2024-06-23,Indonesia,1
PLG-11924,,Perempuan,Yogyakarta,Basic,10,Bulanan,13,197,2521.0,E-Wallet,Tidak,Tidak,1.7,1,9.0,2025-05-21,Indonesia,0
PLG-11925,32.0,Laki-laki,Denpasar,Standar,30,Bulanan,21,415,8707.0,Minimarket,Tidak,Ya,2.3,0,,2024-09-26,Indonesia,1
PLG-11926,25.0,Laki-laki,Makassar,Premium,100,Tahunan,32,559,,Kartu Kredit,Ya,Tidak,2.5,2,5.0,2023-10-07,Indonesia,0
PLG-11927,34.0,Laki-laki,Surabaya,Standar,30,2 Tahun,34,426,13877.0,E-Wallet,Tidak,Ya,2.5,2,5.0,2023-08-16,Indonesia,0
PLG-11928,33.0,Perempuan,Makassar,Basic,10,Bulanan,5,192,988.0,Minimarket,Tidak,Tidak,1.3,3,,2026-01-18,Indonesia,1
PLG-11929,19.0,Laki-laki,Yogyakarta,Standar,30,2 Tahun,5,343,1796.0,E-Wallet,Tidak,Tidak,0.7,0,10.0,2026-01-17,Indonesia,0
PLG-11930,35.0,Laki-laki,Yogyakarta,Basic,10,Bulanan,28,189,5292.0,Kartu Kredit,Ya,Tidak,0.2,0,8.0,2024-02-20,Indonesia,0
PLG-11932,53.0,Perempuan,Jakarta,Basic,10,2 Tahun,27,302,8243.0,E-Wallet,Ya,Ya,0.4,0,8.0,2024-03-15,Indonesia,0
PLG-11933,42.0,Perempuan,Jakarta,Standar,30,2 Tahun,22,354,7763.0,,Ya,Tidak,2.8,1,9.0,2024-08-04,Indonesia,0
PLG-11934,33.0,Perempuan,Jakarta,Standar,30,Tahunan,30,334,9874.0,E-Wallet,Ya,Tidak,1.9,4,4.0,2023-12-21,Indonesia,0
PLG-11935,44.0,Perempuan,Bandung,Standar,30,Bulanan,27,343,8872.0,Kartu Kredit,Ya,Tidak,0.5,1,7.0,2024-03-11,Indonesia,0
PLG-11936,38.0,Laki-laki,Bandung,Standar,30,Tahunan,20,420,8574.0,Transfer Bank,Tidak,Ya,1.3,1,8.0,2024-10-23,Indonesia,0
PLG-11938,36.0,Perempuan,Medan,Premium,100,Bulanan,14,555,7489.0,Transfer Bank,Ya,Tidak,2.4,0,8.0,2025-04-06,Indonesia,0
PLG-11940,27.0,Laki-laki,Jakarta,Basic,10,Tahunan,33,210,7001.0,E-Wallet,Ya,Tidak,1.1,1,6.0,2023-09-28,Indonesia,0
PLG-11941,48.0,Perempuan,Surabaya,Premium,100,2 Tahun,17,537,8883.0,Transfer Bank,Tidak,Tidak,1.6,0,8.0,2025-01-20,Indonesia,0
PLG-11942,28.0,Laki-laki,Jakarta,Basic,10,Tahunan,40,197,8127.0,Kartu Kredit,Ya,Tidak,0.9,1,5.0,2023-02-01,Indonesia,0
PLG-11943,23.0,Laki-laki,Medan,Premium,100,Bulanan,1,627,611.0,E-Wallet,Tidak,Ya,2.4,1,6.0,2026-05-09,Indonesia,1
PLG-11944,42.0,Perempuan,Jakarta,Basic,10,Tahunan,7,188,1287.0,E-Wallet,Tidak,Tidak,0.7,1,6.0,2025-11-29,Indonesia,0
PLG-11946,39.0,Laki-laki,Makassar,Basic,10,Tahunan,33,186,6091.0,Transfer Bank,Tidak,Tidak,2.0,1,8.0,2023-09-29,Indonesia,0
PLG-11947,40.0,Perempuan,jakarta,Premium,100,2 Tahun,72,535,39584.0,Minimarket,Tidak,Tidak,0.2,0,7.0,2020-06-25,Indonesia,0
PLG-11949,48.0,Laki-laki,Jakarta,Standar,30,Tahunan,8,420,3514.0,Minimarket,Tidak,Ya,3.9,2,,2025-10-29,Indonesia,1
PLG-11951,35.0,Laki-laki,Makassar,Basic,10,Tahunan,34,201,6706.0,Minimarket,Tidak,Tidak,1.7,1,,2023-08-27,Indonesia,0
PLG-11952,36.0,Laki-laki,Semarang,Basic,10,Bulanan,10,231,2405.0,Minimarket,Tidak,Tidak,0.9,0,7.0,2025-08-18,Indonesia,0
PLG-11953,52.0,Laki-laki,Jakarta,Premium,100,Bulanan,4,625,2481.0,Minimarket,Tidak,Ya,0.5,0,,2026-02-06,Indonesia,1
PLG-11955,46.0,Laki-laki,Bandung,Standar,30,2 Tahun,33,318,10417.0,Kartu Kredit,Ya,Tidak,4.0,2,7.0,2023-09-27,Indonesia,0
PLG-11956,,Laki-laki,Surabaya,Basic,10,Tahunan,13,289,3719.0,Transfer Bank,Tidak,Ya,3.0,0,8.0,2025-05-30,Indonesia,0
PLG-11957,21.0,Laki-laki,Denpasar,Premium,100,2 Tahun,65,520,32237.0,Transfer Bank,Ya,Tidak,0.9,0,,2021-01-27,Indonesia,0
PLG-11958,,Laki-laki,JAKARTA,Standar,30,Bulanan,14,418,5880.0,Transfer Bank,Tidak,Ya,1.0,0,8.0,2025-04-22,Indonesia,1
PLG-11959,31.0,Laki-laki,Medan,Basic,10,2 Tahun,67,188,12775.0,Transfer Bank,Tidak,Tidak,1.6,2,5.0,2020-11-29,Indonesia,0
PLG-11960,57.0,Laki-laki,Surabaya,Premium,100,2 Tahun,36,538,19584.0,Kartu Kredit,Ya,Tidak,1.5,1,10.0,2023-06-16,Indonesia,0
PLG-11961,33.0,Laki-laki,Bandung,Premium,100,Bulanan,12,565,6578.0,Transfer Bank,Tidak,Tidak,2.7,1,5.0,2025-06-25,Indonesia,1
PLG-11962,56.0,Laki-laki,Bandung,Standar,30,2 Tahun,39,434,17118.0,E-Wallet,Tidak,Ya,1.0,0,6.0,2023-03-05,Indonesia,0
PLG-11963,33.0,Laki-laki,Semarang,Basic,10,Tahunan,8,286,2174.0,Kartu Kredit,Tidak,Ya,2.5,1,7.0,2025-10-07,Indonesia,0
PLG-11964,18.0,Perempuan,Semarang,Premium,100,2 Tahun,72,538,40129.0,Kartu Kredit,Ya,Tidak,0.9,0,7.0,2020-06-08,Indonesia,0
PLG-11965,34.0,Laki-laki,Semarang,Premium,100,Bulanan,11,636,7285.0,Minimarket,Tidak,Ya,1.5,2,7.0,2025-07-23,Indonesia,1
PLG-11968,43.0,Perempuan,Bandung,Standar,30,Tahunan,35,344,11635.0,E-Wallet,Tidak,Tidak,1.1,0,6.0,2023-07-23,Indonesia,0
PLG-11969,24.0,Perempuan,Jakarta,Premium,100,Bulanan,10,642,6126.0,Minimarket,Tidak,Ya,0.5,1,,2025-08-13,Indonesia,1
PLG-11970,,Laki-laki,Surabaya,Premium,100,Bulanan,12,541,6422.0,Minimarket,Tidak,Tidak,0.7,0,9.0,2025-06-11,Indonesia,1
PLG-11971,54.0,Perempuan,Jakarta,Standar,30,2 Tahun,72,330,23389.0,Minimarket,Tidak,Tidak,3.7,2,5.0,2020-06-18,Indonesia,0
PLG-11972,28.0,Laki-laki,Surabaya,Basic,10,Bulanan,18,292,5240.0,Transfer Bank,Ya,Ya,1.6,1,7.0,2024-12-21,Indonesia,0
PLG-11974,34.0,Laki-laki,Jakarta,Premium,100,Bulanan,16,568,8919.0,Transfer Bank,Ya,Tidak,2.0,1,7.0,2025-02-03,Indonesia,1
PLG-11975,27.0,Laki-laki,Makassar,Standar,30,2 Tahun,26,411,10734.0,Transfer Bank,Tidak,Ya,0.6,1,8.0,2024-04-27,Indonesia,0
PLG-11976,35.0,Perempuan,Bandung,Standar,30,Bulanan,7,409,2914.0,Minimarket,Tidak,Ya,0.7,1,9.0,2025-11-15,Indonesia,1
PLG-11977,47.0,Perempuan,Semarang,Basic,10,2 Tahun,13,226,2976.0,Minimarket,Tidak,Tidak,0.8,2,7.0,2025-05-19,Indonesia,0
PLG-11980,51.0,Laki-laki,Surabaya,Standar,30,Tahunan,53,320,16139.0,Transfer Bank,Tidak,Tidak,0.2,0,10.0,2022-01-25,Indonesia,0
PLG-11981,53.0,Perempuan,Surabaya ,Basic,10,Bulanan,13,237,3126.0,Minimarket,Tidak,Tidak,0.6,0,9.0,2025-05-20,Indonesia,1
PLG-11982,40.0,Laki-laki,Semarang,Basic,10,2 Tahun,47,201,,Transfer Bank,Tidak,Tidak,1.2,1,8.0,2022-07-18,Indonesia,0
PLG-11983,40.0,Perempuan,Surabaya,Basic,10,2 Tahun,72,199,14724.0,Transfer Bank,Ya,Tidak,3.9,1,8.0,2020-06-05,Indonesia,0
PLG-11984,30.0,Perempuan,Surabaya,Basic,10,2 Tahun,42,202,8690.0,Minimarket,Tidak,Tidak,3.1,0,6.0,2022-12-11,Indonesia,0
PLG-11985,23.0,Perempuan,Semarang,Premium,100,Tahunan,42,535,23372.0,Kartu Kredit,Tidak,Tidak,3.0,0,7.0,2022-12-03,Indonesia,0
PLG-11986,49.0,Laki-laki,Surabaya ,Standar,30,Bulanan,4,400,1636.0,Transfer Bank,Ya,Ya,0.6,1,6.0,2026-02-01,Indonesia,1
PLG-11988,,Laki-laki,Jakarta,Standar,30,Tahunan,26,407,10646.0,Transfer Bank,Tidak,Ya,1.9,4,,2024-04-27,Indonesia,0
PLG-11990,47.0,Laki-laki,Bandung,Basic,10,2 Tahun,20,230,4600.0,Transfer Bank,Tidak,Tidak,0.5,0,8.0,2024-10-20,Indonesia,0
PLG-11991,45.0,Laki-laki,Medan,Standar,30,Bulanan,11,409,4624.0,Transfer Bank,Tidak,Ya,1.5,2,7.0,2025-07-04,Indonesia,1
PLG-11993,20.0,Laki-laki,Jakarta,Standar,30,2 Tahun,50,334,16724.0,Transfer Bank,Ya,Tidak,0.9,0,7.0,2022-04-17,Indonesia,0
PLG-11994,35.0,Laki-laki,Makassar,Premium,100,Tahunan,16,536,8446.0,Transfer Bank,Ya,Tidak,1.7,1,6.0,2025-02-17,Indonesia,0
PLG-11995,54.0,Perempuan,Semarang,Premium,100,Tahunan,55,560,29989.0,E-Wallet,Ya,Tidak,0.5,0,6.0,2021-11-24,Indonesia,0
PLG-11996,49.0,Perempuan,Bandung,Standar,30,Bulanan,8,391,3020.0,Transfer Bank,Ya,Ya,1.9,0,4.0,2025-10-24,Indonesia,1
PLG-11997,34.0,Perempuan,Bandung,Basic,10,2 Tahun,51,283,13903.0,Minimarket,Tidak,Ya,0.3,0,7.0,2022-03-22,Indonesia,0
PLG-11998,43.0,Laki-laki,Makassar,Premium,100,Bulanan,7,544,3853.0,E-Wallet,Tidak,Tidak,0.6,2,7.0,2025-11-17,Indonesia,1
PLG-11999,44.0,Laki-laki,Bandung,Basic,10,Bulanan,7,201,1404.0,Kartu Kredit,Ya,Tidak,0.7,0,8.0,2025-11-29,Indonesia,0
PLG-12000,18.0,Laki-laki,Surabaya,Premium,100,Bulanan,9,554,5137.0,Transfer Bank,Tidak,Tidak,2.0,1,7.0,2025-09-02,Indonesia,1
PLG-12001,50.0,Laki-laki,Bandung,Premium,100,Tahunan,12,567,6668.0,Kartu Kredit,Ya,Tidak,0.9,0,7.0,2025-06-17,Indonesia,0
PLG-12002,46.0,Perempuan,Yogyakarta,Premium,100,Tahunan,7,615,4105.0,Transfer Bank,Tidak,Ya,0.8,0,,2025-11-29,Indonesia,0
PLG-12003,48.0,Perempuan,Makassar,Premium,100,Bulanan,6,551,3470.0,E-Wallet,Tidak,Tidak,3.8,3,4.0,2025-12-23,Indonesia,1
PLG-12004,29.0,Perempuan,Bandung,Basic,10,Tahunan,32,286,9060.0,E-Wallet,Tidak,Ya,1.2,1,6.0,2023-10-18,Indonesia,0
PLG-12005,36.0,Perempuan,Surabaya,Premium,100,2 Tahun,19,549,10422.0,Transfer Bank,Tidak,Tidak,0.4,1,6.0,2024-11-18,Indonesia,0
PLG-12008,25.0,Laki-laki,Bandung,Basic,10,Bulanan,14,186,2643.0,E-Wallet,Tidak,Tidak,0.6,0,8.0,2025-04-25,Indonesia,0
PLG-12009,31.0,Laki-laki,Jakarta,Basic,10,2 Tahun,6,202,1229.0,Minimarket,Tidak,Tidak,0.1,0,7.0,2025-12-05,Indonesia,0
PLG-12010,47.0,Perempuan,Medan,Basic,10,Tahunan,15,201,3125.0,Minimarket,Tidak,Tidak,1.4,2,,2025-03-17,Indonesia,0
PLG-12011,18.0,Perempuan,Surabaya,Basic,10,2 Tahun,49,186,8782.0,Kartu Kredit,Ya,Tidak,1.8,0,9.0,2022-05-18,Indonesia,0
PLG-12013,30.0,Laki-laki,Semarang,Premium,100,Tahunan,19,538,9803.0,E-Wallet,Tidak,Tidak,0.7,1,8.0,2024-11-14,Indonesia,0
PLG-12015,24.0,Perempuan,Denpasar,Standar,30,Bulanan,4,392,1521.0,Minimarket,Tidak,Ya,2.1,0,9.0,2026-02-16,Indonesia,0
PLG-12016,32.0,Perempuan,makassar,Premium,100,Bulanan,17,632,10552.0,Transfer Bank,Ya,Ya,1.9,0,8.0,2025-01-07,Indonesia,1
PLG-12017,44.0,Laki-laki,Makassar,Standar,30,Tahunan,44,402,17880.0,Transfer Bank,Tidak,Ya,2.5,2,5.0,2022-10-16,Indonesia,0
PLG-12019,24.0,Perempuan,Medan,Basic,10,Tahunan,42,206,8606.0,Kartu Kredit,Ya,Tidak,0.8,0,,2022-12-16,Indonesia,0
PLG-12021,56.0,Perempuan,Denpasar,Standar,30,Bulanan,8,327,2540.0,E-Wallet,Ya,Tidak,0.3,0,9.0,2025-10-12,Indonesia,0
PLG-12022,44.0,Laki-laki,Bandung,Standar,30,2 Tahun,53,361,19683.0,Transfer Bank,Ya,Tidak,2.5,0,6.0,2022-01-02,Indonesia,0
PLG-12023,24.0,Laki-laki,DENPASAR,Standar,30,2 Tahun,7,330,2223.0,Minimarket,Tidak,Tidak,2.9,1,5.0,2025-11-21,Indonesia,0
PLG-12024,62.0,Perempuan,Jakarta,Premium,100,Bulanan,13,566,,E-Wallet,Tidak,Tidak,3.7,4,4.0,2025-05-06,Indonesia,1
PLG-12028,29.0,Laki-laki,Semarang,Premium,100,Bulanan,9,558,5173.0,Transfer Bank,Tidak,Tidak,1.1,1,7.0,2025-09-21,Indonesia,1
PLG-12030,40.0,Perempuan,Bandung,Basic,10,Tahunan,4,188,732.0,Minimarket,Tidak,Tidak,0.3,1,10.0,2026-02-01,Indonesia,0
PLG-12031,45.0,Perempuan,Medan,Standar,30,Bulanan,6,342,1989.0,Kartu Kredit,Ya,Tidak,2.0,1,,2025-12-18,Indonesia,0
PLG-12032,52.0,Perempuan,Medan,Standar,30,Bulanan,4,426,1624.0,Kartu Kredit,Tidak,Ya,2.7,1,7.0,2026-02-11,Indonesia,1
PLG-12033,44.0,Laki-laki,Jakarta,Standar,30,Bulanan,3,351,1006.0,Transfer Bank,Tidak,Tidak,0.2,1,7.0,2026-03-18,Indonesia,1
PLG-12034,27.0,Laki-laki,Surabaya,Basic,10,Bulanan,11,202,2316.0,E-Wallet,Ya,Tidak,0.3,1,8.0,2025-07-24,Indonesia,0
PLG-12036,37.0,Laki-laki,Jakarta,Standar,30,Bulanan,12,325,3929.0,E-Wallet,Tidak,Tidak,1.8,0,8.0,2025-06-29,Indonesia,0
PLG-12037,35.0,Laki-laki,Bandung,Basic,10,2 Tahun,25,213,5495.0,Transfer Bank,Tidak,Tidak,0.8,0,9.0,2024-05-22,Indonesia,0
PLG-12040,34.0,Laki-laki,Bandung,Basic,10,Tahunan,41,201,8041.0,Transfer Bank,Tidak,Tidak,0.8,0,9.0,2023-01-12,Indonesia,0
PLG-12042,58.0,Laki-laki,Semarang,Premium,100,Bulanan,9,528,4567.0,Kartu Kredit,Tidak,Tidak,0.3,0,10.0,2025-09-03,Indonesia,0
PLG-12044,37.0,Perempuan,Jakarta,Standar,30,Bulanan,9,332,3031.0,Minimarket,Tidak,Tidak,0.9,1,7.0,2025-09-04,Indonesia,1
PLG-12047,33.0,Laki-laki,Bandung,Standar,30,Tahunan,13,416,5350.0,,Ya,Ya,0.9,1,7.0,2025-05-26,Indonesia,0
PLG-12048,27.0,Perempuan,Surabaya,Standar,30,Bulanan,4,328,1278.0,E-Wallet,Tidak,Tidak,2.2,2,5.0,2026-02-15,Indonesia,1
PLG-12050,18.0,Laki-laki,Surabaya,Standar,30,2 Tahun,49,440,20988.0,Minimarket,Tidak,Ya,1.6,0,9.0,2022-05-15,Indonesia,0
PLG-12051,54.0,Perempuan,Jakarta,Basic,10,Bulanan,18,282,4908.0,E-Wallet,Tidak,Ya,0.6,1,8.0,2024-12-26,Indonesia,0
PLG-12052,,Laki-laki,Surabaya,Premium,100,Bulanan,4,634,2535.0,,Ya,Ya,3.2,2,5.0,2026-02-11,Indonesia,1
PLG-12053,21.0,Laki-laki,Surabaya,Basic,10,Bulanan,6,184,1142.0,Transfer Bank,Ya,Tidak,3.2,2,6.0,2025-12-13,Indonesia,1
PLG-12055,36.0,Laki-laki,Bandung,Basic,10,Bulanan,9,194,1673.0,Transfer Bank,Tidak,Tidak,0.6,1,,2025-09-17,Indonesia,0
PLG-12057,26.0,Laki-laki,JAKARTA,Standar,30,Bulanan,3,421,,E-Wallet,Tidak,Ya,3.4,2,7.0,2026-03-04,Indonesia,1
PLG-12059,38.0,Laki-laki,Bandung,Premium,100,Bulanan,3,537,1534.0,E-Wallet,Tidak,Tidak,2.6,4,6.0,2026-03-18,Indonesia,1
PLG-12060,54.0,Perempuan,Denpasar,Standar,30,Bulanan,19,447,8575.0,Minimarket,Tidak,Ya,1.7,1,,2024-11-08,Indonesia,0
PLG-12061,48.0,Perempuan,Makassar,Standar,30,2 Tahun,26,324,8621.0,E-Wallet,Ya,Tidak,9.3,6,,2024-04-23,Indonesia,1
PLG-12062,41.0,Perempuan,Medan,Basic,10,Bulanan,5,184,894.0,Kartu Kredit,Ya,Tidak,4.1,1,7.0,2026-01-27,Indonesia,0
PLG-12065,34.0,Perempuan,Bandung,Basic,10,Bulanan,18,290,5478.0,E-Wallet,Tidak,Ya,3.6,1,5.0,2024-12-11,Indonesia,1
PLG-12066,31.0,Perempuan,Bandung,Premium,100,Tahunan,18,637,11088.0,Kartu Kredit,Ya,Ya,1.2,0,7.0,2024-12-25,Indonesia,0
PLG-12068,34.0,Laki-laki,Denpasar,Basic,10,Bulanan,23,197,4322.0,Minimarket,Tidak,Tidak,7.6,5,4.0,2024-07-10,Indonesia,1
PLG-12070,47.0,Perempuan,Surabaya,Basic,10,Bulanan,7,212,1440.0,Minimarket,Tidak,Tidak,1.8,0,7.0,2025-11-25,Indonesia,0
PLG-12071,38.0,Perempuan,Bandung,Premium,100,Bulanan,7,553,3809.0,,Tidak,Tidak,0.5,0,7.0,2025-11-08,Indonesia,1
PLG-12072,32.0,Laki-laki,Makassar ,Standar,30,Tahunan,61,423,24971.0,Transfer Bank,Ya,Ya,0.9,0,10.0,2021-05-26,Indonesia,0
PLG-12073,46.0,Laki-laki,Jakarta,Basic,10,Bulanan,9,273,2411.0,Transfer Bank,Tidak,Ya,0.3,0,8.0,2025-09-02,Indonesia,0
PLG-12074,26.0,Laki-laki,Jakarta,Basic,10,2 Tahun,27,195,5282.0,Transfer Bank,Tidak,Tidak,2.8,1,9.0,2024-03-22,Indonesia,0
PLG-12076,55.0,Perempuan,Makassar,Standar,30,Tahunan,22,415,8928.0,Kartu Kredit,Ya,Ya,1.8,0,10.0,2024-08-25,Indonesia,0
PLG-12077,36.0,Perempuan,Jakarta,Premium,100,Bulanan,8,633,4948.0,E-Wallet,Tidak,Ya,1.0,1,7.0,2025-10-10,Indonesia,1
PLG-12078,35.0,Perempuan,Bandung,Basic,10,Bulanan,9,177,1597.0,Transfer Bank,Ya,Tidak,0.5,0,7.0,2025-09-23,Indonesia,0
PLG-12079,46.0,Perempuan,Semarang,Standar,30,Bulanan,6,310,1832.0,Kartu Kredit,Ya,Tidak,0.8,1,9.0,2025-12-19,Indonesia,0
PLG-12080,44.0,Perempuan,Medan,Standar,30,Bulanan,8,336,2708.0,Transfer Bank,Ya,Tidak,0.7,1,10.0,2025-10-07,Indonesia,0
PLG-12082,38.0,Laki-laki,Surabaya,Basic,10,Tahunan,20,280,5808.0,Minimarket,Tidak,Ya,0.9,4,,2024-10-11,Indonesia,0
PLG-12084,27.0,Perempuan,Jakarta,Premium,100,Bulanan,15,560,8122.0,E-Wallet,Tidak,Tidak,1.5,0,8.0,2025-03-15,Indonesia,1
PLG-12085,30.0,Laki-laki,Semarang,Standar,30,Bulanan,13,316,4103.0,Kartu Kredit,Ya,Tidak,2.0,2,7.0,2025-05-09,Indonesia,1
PLG-12088,41.0,Laki-laki,Denpasar,Standar,30,Bulanan,17,418,7293.0,Minimarket,Tidak,Ya,0.8,1,6.0,2025-01-04,Indonesia,1
PLG-12090,36.0,Laki-laki,Jakarta,Standar,30,Bulanan,2,293,592.0,Kartu Kredit,Ya,Tidak,0.6,1,7.0,2026-04-05,Indonesia,1
PLG-12091,22.0,Laki-laki,Makassar,Standar,30,Bulanan,3,342,1039.0,Transfer Bank,Tidak,Tidak,1.5,3,7.0,2026-03-21,Indonesia,1
PLG-12092,30.0,Perempuan,Bandung,Premium,100,Bulanan,8,547,4474.0,Transfer Bank,Tidak,Tidak,2.6,0,9.0,2025-10-19,Indonesia,1
PLG-12093,33.0,Perempuan,Bandung,Basic,10,Tahunan,53,202,11126.0,Kartu Kredit,Ya,Tidak,1.7,0,7.0,2022-01-06,Indonesia,0
PLG-12095,26.0,Perempuan,Yogyakarta,Basic,10,Bulanan,5,183,938.0,E-Wallet,Ya,Tidak,1.8,1,7.0,2026-01-11,Indonesia,0
PLG-12096,24.0,Laki-laki,Jakarta,Standar,30,Bulanan,10,325,3342.0,E-Wallet,Tidak,Tidak,0.3,1,,2025-08-29,Indonesia,0
PLG-12097,22.0,Perempuan,Surabaya,Basic,10,2 Tahun,72,302,22139.0,E-Wallet,Ya,Ya,0.9,1,6.0,2020-06-21,Indonesia,0
PLG-12098,34.0,Perempuan,Bandung,Basic,10,Tahunan,14,302,4225.0,Kartu Kredit,Ya,Ya,2.6,0,4.0,2025-04-08,Indonesia,0
PLG-12099,44.0,Laki-laki,Surabaya,Standar,30,Tahunan,50,346,16677.0,Minimarket,Tidak,Tidak,0.6,2,5.0,2022-04-26,Indonesia,0
PLG-12100,26.0,Perempuan,Yogyakarta,Premium,100,Bulanan,7,559,3999.0,,Ya,Tidak,2.2,3,7.0,2025-11-04,Indonesia,1
PLG-12101,47.0,Laki-laki,Denpasar,Premium,100,Bulanan,4,544,2100.0,Minimarket,Tidak,Tidak,1.9,3,4.0,2026-02-27,Indonesia,1
PLG-12104,31.0,Perempuan,Jakarta,Basic,10,Tahunan,36,202,7096.0,E-Wallet,Ya,Tidak,0.6,1,6.0,2023-06-06,Indonesia,0
PLG-12105,30.0,Perempuan,Semarang,Standar,30,Bulanan,8,320,2620.0,Transfer Bank,Tidak,Tidak,2.1,0,8.0,2025-10-14,Indonesia,0
PLG-12106,63.0,Laki-laki,denpasar,Basic,10,Bulanan,15,311,4573.0,Transfer Bank,Ya,Ya,1.1,1,6.0,2025-03-18,Indonesia,0
PLG-12107,35.0,Laki-laki,Jakarta,Standar,30,Tahunan,66,414,27108.0,Kartu Kredit,Ya,Ya,0.5,0,10.0,2020-12-28,Indonesia,0
PLG-12109,,Perempuan,Yogyakarta,Premium,100,Tahunan,18,554,10266.0,Transfer Bank,Tidak,Tidak,0.3,0,10.0,2024-12-10,Indonesia,0
PLG-12110,34.0,Perempuan,medan,Premium,100,Bulanan,8,546,4353.0,Transfer Bank,Tidak,Tidak,2.0,1,4.0,2025-10-27,Indonesia,1
PLG-12111,51.0,Laki-laki,Jakarta,Standar,30,2 Tahun,27,406,10789.0,Transfer Bank,Ya,Ya,4.0,2,4.0,2024-03-13,Indonesia,0
PLG-12112,32.0,Laki-laki,Semarang,Standar,30,Bulanan,11,336,3626.0,Minimarket,Tidak,Tidak,2.4,3,3.0,2025-07-18,Indonesia,1
PLG-12114,49.0,Laki-laki,Jakarta,Premium,100,2 Tahun,42,632,26761.0,E-Wallet,Tidak,Ya,0.6,2,7.0,2022-12-10,Indonesia,0
PLG-12115,24.0,Perempuan,Bandung ,Basic,10,Tahunan,41,200,8127.0,Transfer Bank,Ya,Tidak,1.0,1,8.0,2023-01-24,Indonesia,0
PLG-12116,31.0,Laki-laki,Yogyakarta,Premium,100,Tahunan,58,537,30761.0,Transfer Bank,Tidak,Tidak,1.5,1,7.0,2021-08-12,Indonesia,0
PLG-12118,49.0,Laki-laki,Jakarta,Basic,10,2 Tahun,72,207,14938.0,E-Wallet,Tidak,Tidak,1.9,1,7.0,2020-06-25,Indonesia,0
PLG-12119,28.0,Laki-laki,Bandung,Basic,10,Bulanan,6,301,1858.0,Minimarket,Tidak,Ya,1.6,0,6.0,2025-12-20,Indonesia,1
PLG-12120,46.0,Perempuan,Surabaya,Premium,100,Bulanan,1,663,696.0,,Ya,Ya,3.8,1,6.0,2026-05-14,Indonesia,1
PLG-12123,33.0,Laki-laki,Makassar ,Standar,30,2 Tahun,28,395,11419.0,Minimarket,Tidak,Ya,2.9,2,5.0,2024-02-12,Indonesia,0
PLG-12124,32.0,Laki-laki,Bandung,Basic,10,2 Tahun,25,196,4800.0,E-Wallet,Tidak,Tidak,1.0,0,7.0,2024-05-17,Indonesia,0
PLG-12125,39.0,Perempuan,Jakarta,Standar,30,2 Tahun,11,421,4848.0,E-Wallet,Ya,Ya,2.0,3,6.0,2025-07-18,Indonesia,0
PLG-12126,39.0,Perempuan,Bandung,Standar,30,Bulanan,21,315,6642.0,Minimarket,Tidak,Tidak,0.4,0,9.0,2024-09-05,Indonesia,0
PLG-12127,47.0,Laki-laki,Denpasar,Basic,10,Bulanan,3,265,759.0,Transfer Bank,Tidak,Ya,2.1,0,10.0,2026-03-16,Indonesia,1
PLG-12128,42.0,Perempuan,Yogyakarta,Premium,100,2 Tahun,23,546,12585.0,Minimarket,Tidak,Tidak,1.8,2,5.0,2024-07-04,Indonesia,0
PLG-12129,38.0,Perempuan,Bandung,Standar,30,Bulanan,27,418,11412.0,E-Wallet,Tidak,Ya,3.1,5,3.0,2024-03-14,Indonesia,1
PLG-12130,27.0,Perempuan,Jakarta,Basic,10,Bulanan,18,278,5233.0,Transfer Bank,Ya,Ya,0.4,1,8.0,2024-12-02,Indonesia,0
PLG-12131,28.0,Perempuan,Yogyakarta,Standar,30,Bulanan,13,417,5184.0,Minimarket,Tidak,Ya,0.6,0,9.0,2025-05-08,Indonesia,1
PLG-12133,41.0,Laki-laki,Surabaya,Standar,30,Bulanan,9,409,3793.0,E-Wallet,Ya,Ya,2.5,2,5.0,2025-09-17,Indonesia,1
PLG-12133,41.0,Laki-laki,Surabaya,Standar,30,Bulanan,9,409,3793.0,E-Wallet,Ya,Ya,2.5,2,5.0,2025-09-17,Indonesia,1
PLG-12136,31.0,Laki-laki,Jakarta,Standar,30,Bulanan,15,317,4701.0,,Ya,Tidak,0.4,0,7.0,2025-03-11,Indonesia,0
PLG-12137,35.0,Perempuan,Semarang,Standar,30,Tahunan,6,412,2496.0,Transfer Bank,Tidak,Ya,0.9,1,7.0,2025-12-20,Indonesia,1
PLG-12139,39.0,Perempuan,Makassar,Standar,30,Bulanan,11,334,3689.0,Minimarket,Tidak,Tidak,3.0,2,4.0,2025-07-06,Indonesia,1
PLG-12141,46.0,Perempuan,Denpasar,Basic,10,2 Tahun,14,203,2782.0,Kartu Kredit,Ya,Tidak,1.3,2,6.0,2025-04-11,Indonesia,0
PLG-12142,37.0,Laki-laki,Surabaya,Basic,10,Bulanan,20,286,5661.0,E-Wallet,Ya,Ya,0.3,1,8.0,2024-10-02,Indonesia,0
PLG-12143,18.0,Laki-laki,Jakarta,Standar,30,Bulanan,18,430,7618.0,Transfer Bank,Tidak,Ya,0.8,2,,2024-12-11,Indonesia,1
PLG-12144,43.0,Laki-laki,Jakarta,Basic,10,Bulanan,16,286,4577.0,Kartu Kredit,Tidak,Ya,0.7,3,5.0,2025-02-21,Indonesia,1
PLG-12146,42.0,Laki-laki,Medan,Standar,30,Bulanan,6,335,1972.0,E-Wallet,Ya,Tidak,3.4,2,,2025-12-28,Indonesia,1
PLG-12148,20.0,Laki-laki,Makassar,Premium,100,2 Tahun,72,556,38600.0,E-Wallet,Tidak,Tidak,2.3,0,6.0,2020-06-14,Indonesia,0
PLG-12149,47.0,Perempuan,Surabaya,Basic,10,Bulanan,17,183,3162.0,Transfer Bank,Ya,Tidak,0.2,1,,2025-01-06,Indonesia,1
PLG-12150,63.0,Perempuan,Bandung,Basic,10,2 Tahun,14,189,2644.0,Transfer Bank,Tidak,Tidak,1.6,0,7.0,2025-04-22,Indonesia,0
PLG-12151,29.0,Laki-laki,Denpasar,Basic,10,2 Tahun,42,260,10750.0,Minimarket,Tidak,Ya,0.8,1,7.0,2022-12-05,Indonesia,0
PLG-12152,52.0,Perempuan,Jakarta,Standar,30,Bulanan,8,344,2692.0,E-Wallet,Ya,Tidak,1.3,2,7.0,2025-10-06,Indonesia,1
PLG-12153,62.0,Perempuan,Semarang,Basic,10,Bulanan,7,197,1330.0,Transfer Bank,Tidak,Tidak,5.2,0,5.0,2025-11-22,Indonesia,1
PLG-12154,37.0,Laki-laki,Yogyakarta,Standar,30,Bulanan,3,332,957.0,Minimarket,Tidak,Tidak,1.4,4,6.0,2026-03-27,Indonesia,1
PLG-12155,58.0,Laki-laki,Jakarta,Basic,10,Bulanan,23,192,4429.0,,Tidak,Tidak,0.1,0,8.0,2024-07-24,Indonesia,0
PLG-12157,24.0,Laki-laki,Bandung,Standar,30,Tahunan,13,308,4053.0,E-Wallet,Tidak,Tidak,0.7,0,8.0,2025-05-10,Indonesia,0
PLG-12159,26.0,Laki-laki,Jakarta,Basic,10,Bulanan,8,198,1535.0,E-Wallet,Tidak,Tidak,0.9,0,7.0,2025-10-15,Indonesia,0
PLG-12160,23.0,Laki-laki,Jakarta,Basic,10,Bulanan,4,253,1026.0,Minimarket,Tidak,Ya,1.6,0,6.0,2026-02-14,Indonesia,1
PLG-12161,40.0,Laki-laki,Medan,Premium,100,2 Tahun,31,621,19367.0,Kartu Kredit,Tidak,Ya,2.7,4,6.0,2023-11-22,Indonesia,1
PLG-12164,18.0,Laki-laki,Surabaya,Basic,10,Tahunan,13,215,2763.0,E-Wallet,Tidak,Tidak,1.4,0,,2025-05-26,Indonesia,0
PLG-12165,28.0,Laki-laki,Jakarta,Basic,10,Bulanan,11,187,2122.0,Minimarket,Tidak,Tidak,3.4,2,6.0,2025-07-15,Indonesia,1
PLG-12166,33.0,Perempuan,Jakarta,Standar,30,Bulanan,9,415,3691.0,Transfer Bank,Tidak,Ya,1.5,2,6.0,2025-09-18,Indonesia,1
PLG-12167,18.0,Laki-laki,Jakarta,Standar,30,Tahunan,70,341,24344.0,E-Wallet,Ya,Tidak,1.7,0,,2020-08-11,Indonesia,0
PLG-12168,36.0,Perempuan,Bandung,Standar,30,2 Tahun,47,416,20301.0,E-Wallet,Tidak,Ya,2.9,2,,2022-07-24,Indonesia,0
PLG-12169,19.0,Laki-laki,Jakarta,Standar,30,Bulanan,4,405,1637.0,E-Wallet,Tidak,Ya,3.6,0,7.0,2026-02-12,Indonesia,1
PLG-12170,37.0,Perempuan,Surabaya,Standar,30,Tahunan,26,335,8668.0,E-Wallet,Tidak,Tidak,1.4,2,7.0,2024-04-03,Indonesia,0
PLG-12174,54.0,Perempuan,Bandung,Basic,10,Tahunan,7,199,1401.0,E-Wallet,Tidak,Tidak,2.6,2,6.0,2025-11-15,Indonesia,0
PLG-12175,44.0,Laki-laki,Yogyakarta,Basic,10,Bulanan,3,200,581.0,Minimarket,Tidak,Tidak,1.4,1,7.0,2026-03-31,Indonesia,1
PLG-12178,26.0,Perempuan,Jakarta,Premium,100,Tahunan,64,539,33494.0,Kartu Kredit,Ya,Tidak,0.5,0,7.0,2021-02-19,Indonesia,0
PLG-12179,42.0,Perempuan,Surabaya,Basic,10,2 Tahun,24,204,4983.0,Transfer Bank,Tidak,Tidak,1.4,2,6.0,2024-06-08,Indonesia,0
PLG-12180,,Laki-laki,Semarang,Standar,30,Bulanan,39,444,17432.0,Transfer Bank,Tidak,Ya,2.7,1,5.0,2023-03-23,Indonesia,1
PLG-12182,45.0,Perempuan,Makassar,Basic,10,Bulanan,20,198,3947.0,E-Wallet,Tidak,Tidak,1.0,0,,2024-10-17,Indonesia,0
PLG-12183,45.0,Laki-laki,Jakarta,Basic,10,Bulanan,11,197,2113.0,Minimarket,Tidak,Tidak,2.1,1,6.0,2025-07-13,Indonesia,1
PLG-12185,35.0,Laki-laki,Bandung,Basic,10,Bulanan,3,202,613.0,Kartu Kredit,Ya,Tidak,2.0,0,8.0,2026-03-24,Indonesia,0
PLG-12186,50.0,Perempuan,denpasar,Basic,10,Bulanan,4,282,1079.0,E-Wallet,Ya,Ya,3.3,2,5.0,2026-02-07,Indonesia,1
PLG-12189,,Perempuan,Medan,Standar,30,Tahunan,56,420,23296.0,Kartu Kredit,Tidak,Ya,3.6,3,5.0,2021-10-24,Indonesia,0
PLG-12191,52.0,Laki-laki,Jakarta,Standar,30,Tahunan,44,321,13981.0,Minimarket,Tidak,Tidak,0.2,0,9.0,2022-10-17,Indonesia,0
PLG-12192,42.0,Laki-laki,Denpasar,Standar,30,Tahunan,19,309,5746.0,Minimarket,Tidak,Tidak,2.3,1,6.0,2024-11-05,Indonesia,0
PLG-12194,30.0,Perempuan,Jakarta,Premium,100,2 Tahun,8,543,4410.0,E-Wallet,Tidak,Tidak,1.0,1,,2025-10-29,Indonesia,0
PLG-12196,29.0,Laki-laki,Makassar,Premium,100,Bulanan,24,553,13921.0,Kartu Kredit,Ya,Tidak,1.3,3,6.0,2024-06-19,Indonesia,1
PLG-12197,22.0,Laki-laki,Bandung,Premium,100,Bulanan,17,538,8846.0,Kartu Kredit,Ya,Tidak,3.0,1,,2025-01-29,Indonesia,1
PLG-12198,37.0,Perempuan,Jakarta,Standar,30,Bulanan,20,394,7503.0,Transfer Bank,Tidak,Ya,2.5,0,8.0,2024-10-21,Indonesia,1
PLG-12199,34.0,Perempuan,Semarang,Standar,30,Tahunan,26,425,11507.0,Transfer Bank,Tidak,Ya,0.1,0,7.0,2024-04-19,Indonesia,0
PLG-12200,35.0,Laki-laki,Jakarta,Standar,30,2 Tahun,20,449,8602.0,Transfer Bank,Ya,Ya,0.8,2,6.0,2024-10-19,Indonesia,0
PLG-12201,53.0,Perempuan,Jakarta,Standar,30,Tahunan,48,326,15815.0,E-Wallet,Tidak,Tidak,6.3,1,5.0,2022-06-04,Indonesia,0
PLG-12202,18.0,Perempuan,Surabaya,Premium,100,Bulanan,7,538,3912.0,E-Wallet,Tidak,Tidak,1.4,0,8.0,2025-11-09,Indonesia,1
PLG-12203,34.0,Laki-laki,Surabaya,Basic,10,Tahunan,19,201,3706.0,Minimarket,Tidak,Tidak,2.3,0,6.0,2024-11-14,Indonesia,0
PLG-12205,37.0,Perempuan,Medan,Standar,30,Tahunan,11,320,3441.0,E-Wallet,Tidak,Tidak,2.8,2,6.0,2025-07-25,Indonesia,0
PLG-12207,38.0,Perempuan,Bandung,Basic,10,Bulanan,21,191,3986.0,Minimarket,Tidak,Tidak,3.6,2,7.0,2024-09-07,Indonesia,0
PLG-12208,18.0,Perempuan,Bandung,Premium,100,Bulanan,11,541,6141.0,E-Wallet,Tidak,Tidak,1.5,1,9.0,2025-07-24,Indonesia,1
PLG-12209,32.0,Laki-laki,Jakarta,Standar,30,Tahunan,14,342,4674.0,Kartu Kredit,Tidak,Tidak,1.1,1,6.0,2025-04-15,Indonesia,0
PLG-12210,,Laki-laki,Jakarta,Premium,100,2 Tahun,7,533,3798.0,Transfer Bank,Ya,Tidak,2.9,2,6.0,2025-11-20,Indonesia,0
PLG-12211,46.0,Perempuan,Makassar,Standar,30,Bulanan,15,319,4782.0,Transfer Bank,Ya,Tidak,1.4,2,7.0,2025-03-05,Indonesia,0
PLG-12213,,Laki-laki,Makassar,Standar,30,Tahunan,42,427,18759.0,Minimarket,Tidak,Ya,1.2,0,9.0,2022-12-27,Indonesia,0
PLG-12215,25.0,Perempuan,Yogyakarta,Basic,10,Bulanan,11,292,3140.0,Minimarket,Tidak,Ya,1.3,1,7.0,2025-07-14,Indonesia,0
PLG-12216,40.0,Perempuan,Jakarta,Basic,10,Bulanan,17,278,4783.0,Minimarket,Tidak,Ya,0.2,0,3.0,2025-01-19,Indonesia,0
PLG-12218,46.0,Laki-laki,Surabaya,Premium,100,2 Tahun,31,538,17012.0,E-Wallet,Ya,Tidak,1.6,1,8.0,2023-11-11,Indonesia,0
PLG-12220,39.0,Laki-laki,Surabaya,Standar,30,Tahunan,48,318,14826.0,Transfer Bank,Ya,Tidak,0.6,0,8.0,2022-06-15,Indonesia,0
PLG-12222,31.0,Perempuan,Jakarta,Standar,30,Bulanan,7,328,2196.0,E-Wallet,Tidak,Tidak,1.7,1,9.0,2025-11-08,Indonesia,0
PLG-12223,27.0,Laki-laki,Yogyakarta,Basic,10,Bulanan,9,284,2536.0,E-Wallet,Ya,Ya,1.3,2,7.0,2025-09-02,Indonesia,1
PLG-12224,41.0,Laki-laki,Makassar,Premium,100,Bulanan,4,552,2290.0,Transfer Bank,Tidak,Tidak,3.4,1,6.0,2026-02-01,Indonesia,1
PLG-12225,20.0,Laki-laki,Semarang,Standar,30,Tahunan,22,303,,Transfer Bank,Tidak,Tidak,3.1,2,4.0,2024-08-02,Indonesia,0
PLG-12230,52.0,Perempuan,Medan,Premium,100,2 Tahun,32,556,18133.0,E-Wallet,Tidak,Tidak,1.9,1,,2023-10-10,Indonesia,0
PLG-12231,48.0,Laki-laki,Semarang,Basic,10,Tahunan,44,212,9395.0,Kartu Kredit,Tidak,Tidak,1.0,0,6.0,2022-10-07,Indonesia,0
PLG-12235,31.0,Laki-laki,Denpasar,Basic,10,Bulanan,2,207,420.0,Minimarket,Tidak,Tidak,2.8,1,6.0,2026-04-03,Indonesia,0
PLG-12237,47.0,Laki-laki,Jakarta,Standar,30,Tahunan,12,343,4269.0,Transfer Bank,Tidak,Tidak,0.8,0,10.0,2025-06-24,Indonesia,0
PLG-12238,41.0,Laki-laki,Medan,Premium,100,Tahunan,46,549,25575.0,Minimarket,Tidak,Tidak,0.8,0,8.0,2022-08-22,Indonesia,0
PLG-12239,51.0,Laki-laki,Medan ,Standar,30,2 Tahun,72,321,22473.0,Transfer Bank,Tidak,Tidak,1.7,1,,2020-06-11,Indonesia,0
PLG-12243,61.0,Laki-laki,Makassar,Basic,10,2 Tahun,8,226,1762.0,E-Wallet,Tidak,Tidak,0.3,0,,2025-10-19,Indonesia,0
PLG-12244,26.0,Laki-laki,Bandung,Basic,10,Bulanan,4,190,755.0,Transfer Bank,Tidak,Tidak,2.8,3,6.0,2026-02-27,Indonesia,0
PLG-12245,43.0,Laki-laki,Jakarta,Premium,100,Bulanan,9,534,4685.0,Minimarket,Tidak,Tidak,2.1,2,6.0,2025-09-15,Indonesia,1
PLG-12246,25.0,Laki-laki,Jakarta,Premium,100,2 Tahun,50,539,26611.0,Minimarket,Tidak,Tidak,2.0,1,7.0,2022-04-21,Indonesia,0
PLG-12247,,Laki-laki,Bandung,Standar,30,Tahunan,24,429,10550.0,Minimarket,Tidak,Ya,1.7,0,,2024-06-07,Indonesia,0
PLG-12248,54.0,Laki-laki,Denpasar,Premium,100,2 Tahun,52,563,30456.0,Minimarket,Tidak,Tidak,0.2,1,,2022-02-08,Indonesia,0
PLG-12249,61.0,Perempuan,Surabaya,Premium,100,Bulanan,12,560,6799.0,E-Wallet,Tidak,Tidak,0.7,3,5.0,2025-06-14,Indonesia,1
PLG-12251,38.0,Perempuan,Bandung,Premium,100,2 Tahun,45,550,23660.0,Minimarket,Tidak,Tidak,0.1,0,,2022-09-08,Indonesia,0
PLG-12252,36.0,Perempuan,Surabaya,Standar,30,Tahunan,52,314,16649.0,Transfer Bank,Tidak,Tidak,0.5,0,8.0,2022-02-16,Indonesia,0
PLG-12255,58.0,Perempuan,Semarang,Premium,100,Bulanan,19,631,11913.0,Minimarket,Tidak,Ya,0.8,0,8.0,2024-11-05,Indonesia,1
PLG-12256,34.0,Perempuan,Jakarta,Standar,30,2 Tahun,18,327,5604.0,Transfer Bank,Tidak,Tidak,1.6,0,,2024-12-05,Indonesia,0
PLG-12258,33.0,Laki-laki,Jakarta,Basic,10,Tahunan,16,305,4866.0,Transfer Bank,Tidak,Ya,2.2,0,7.0,2025-02-25,Indonesia,0
PLG-12261,43.0,Perempuan,BANDUNG,Standar,30,Tahunan,22,308,7084.0,Kartu Kredit,Tidak,Tidak,1.7,1,6.0,2024-08-27,Indonesia,0
PLG-12262,32.0,Perempuan,Bandung,Basic,10,Tahunan,6,174,1067.0,Transfer Bank,Tidak,Tidak,0.1,0,8.0,2025-12-13,Indonesia,0
PLG-12264,35.0,Laki-laki,Jakarta,Premium,100,Bulanan,5,565,2939.0,E-Wallet,Tidak,Tidak,2.7,0,10.0,2026-01-14,Indonesia,0
PLG-12265,41.0,Perempuan,Jakarta,Standar,30,Bulanan,28,327,9174.0,E-Wallet,Tidak,Tidak,1.4,1,8.0,2024-02-16,Indonesia,1
PLG-12267,34.0,Perempuan,Surabaya,Basic,10,Bulanan,19,191,3801.0,Minimarket,Tidak,Tidak,1.0,0,8.0,2024-11-02,Indonesia,0
PLG-12268,31.0,Perempuan,Makassar,Standar,30,Tahunan,9,408,3675.0,E-Wallet,Ya,Ya,0.8,0,7.0,2025-09-24,Indonesia,0
PLG-12269,45.0,Laki-laki,Makassar,Standar,30,Bulanan,8,318,2631.0,,Tidak,Tidak,1.4,2,6.0,2025-10-17,Indonesia,0
PLG-12270,,Laki-laki,Jakarta,Premium,100,2 Tahun,54,556,29579.0,Minimarket,Tidak,Tidak,0.3,1,8.0,2021-12-12,Indonesia,0
PLG-12271,41.0,Perempuan,Jakarta,Basic,10,Tahunan,30,202,6062.0,Transfer Bank,Tidak,Tidak,1.8,1,5.0,2023-12-14,Indonesia,0
PLG-12272,39.0,Laki-laki,Yogyakarta,Premium,100,2 Tahun,21,621,12499.0,Kartu Kredit,Ya,Ya,2.7,2,7.0,2024-09-14,Indonesia,0
PLG-12273,43.0,Laki-laki,Semarang,Standar,30,Tahunan,42,418,18299.0,Transfer Bank,Ya,Ya,1.4,1,8.0,2022-12-26,Indonesia,0
PLG-12275,40.0,Laki-laki,Yogyakarta,Basic,10,Bulanan,10,203,2063.0,Kartu Kredit,Ya,Tidak,1.4,1,7.0,2025-08-07,Indonesia,0
PLG-12276,27.0,Laki-laki,Medan,Standar,30,Bulanan,13,342,4270.0,E-Wallet,Ya,Tidak,3.1,2,5.0,2025-05-23,Indonesia,1
PLG-12277,36.0,Perempuan,Jakarta,Standar,30,Bulanan,1,348,345.0,E-Wallet,Tidak,Tidak,0.6,4,3.0,2026-05-06,Indonesia,1
PLG-12278,,Perempuan,Bandung,Basic,10,Bulanan,11,202,2261.0,,Ya,Tidak,1.0,1,8.0,2025-07-25,Indonesia,0
PLG-12279,44.0,Laki-laki,Surabaya,Standar,30,2 Tahun,9,343,3152.0,Transfer Bank,Tidak,Tidak,0.9,0,8.0,2025-09-11,Indonesia,0
PLG-12279,44.0,Laki-laki,Surabaya,Standar,30,2 Tahun,9,343,3152.0,Transfer Bank,Tidak,Tidak,0.9,0,8.0,2025-09-11,Indonesia,0
PLG-12280,43.0,Laki-laki,Denpasar,Basic,10,Bulanan,13,184,,Kartu Kredit,Ya,Tidak,2.1,0,7.0,2025-05-29,Indonesia,0
PLG-12281,33.0,Laki-laki,Jakarta,Standar,30,Bulanan,19,327,6103.0,E-Wallet,Tidak,Tidak,1.1,0,7.0,2024-11-19,Indonesia,0
PLG-12282,46.0,Laki-laki,Semarang,Basic,10,Bulanan,29,211,5814.0,Kartu Kredit,Ya,Tidak,0.8,1,8.0,2024-01-22,Indonesia,0
PLG-12284,57.0,Perempuan,Jakarta,Basic,10,Bulanan,3,186,581.0,Kartu Kredit,Ya,Tidak,0.4,0,8.0,2026-03-13,Indonesia,0
PLG-12285,37.0,Laki-laki,Medan,Standar,30,Bulanan,5,393,1888.0,Transfer Bank,Tidak,Ya,1.9,0,8.0,2026-01-21,Indonesia,0
PLG-12286,31.0,Laki-laki,Yogyakarta,Basic,10,Tahunan,38,201,7362.0,E-Wallet,Tidak,Tidak,1.7,1,,2023-04-20,Indonesia,0
PLG-12287,40.0,Laki-laki,Medan,Standar,30,Bulanan,6,415,2401.0,Kartu Kredit,Tidak,Ya,2.9,1,4.0,2025-12-03,Indonesia,1
PLG-12288,49.0,Laki-laki,Surabaya,Standar,30,2 Tahun,11,334,3551.0,Transfer Bank,Tidak,Tidak,1.5,0,7.0,2025-07-24,Indonesia,0
PLG-12289,43.0,Laki-laki,Surabaya,Basic,10,2 Tahun,53,210,11424.0,Minimarket,Tidak,Tidak,0.4,1,6.0,2022-01-07,Indonesia,0
PLG-12291,40.0,Perempuan,Denpasar,Standar,30,Tahunan,34,305,10063.0,Transfer Bank,Tidak,Tidak,0.9,0,7.0,2023-08-04,Indonesia,0
PLG-12292,31.0,Perempuan,Surabaya,Premium,100,Tahunan,9,525,4709.0,Minimarket,Tidak,Tidak,1.1,1,8.0,2025-09-07,Indonesia,0
PLG-12294,30.0,Laki-laki,Makassar,Standar,30,Bulanan,2,337,700.0,E-Wallet,Tidak,Tidak,2.9,3,3.0,2026-04-22,Indonesia,1
PLG-12295,33.0,Laki-laki,Bandung,Standar,30,Bulanan,7,411,2958.0,Minimarket,Tidak,Ya,1.2,4,7.0,2025-11-20,Indonesia,1
PLG-12297,46.0,Perempuan,Jakarta ,Standar,30,Bulanan,14,323,4645.0,Transfer Bank,Ya,Tidak,1.2,2,5.0,2025-04-03,Indonesia,1
PLG-12299,31.0,Perempuan,Jakarta,Standar,30,Bulanan,5,326,1583.0,Transfer Bank,Tidak,Tidak,3.6,0,7.0,2026-01-20,Indonesia,0
PLG-12300,38.0,Laki-laki,Jakarta,Basic,10,Tahunan,47,290,13157.0,E-Wallet,Ya,Ya,2.3,2,5.0,2022-07-26,Indonesia,0
PLG-12303,36.0,Perempuan,Semarang,Standar,30,2 Tahun,32,429,13473.0,,Tidak,Ya,0.4,0,8.0,2023-10-19,Indonesia,0
PLG-12304,59.0,Perempuan,Semarang,Standar,30,Tahunan,22,332,7111.0,Transfer Bank,Ya,Tidak,0.6,0,8.0,2024-08-02,Indonesia,0
PLG-12305,49.0,Laki-laki,Makassar,Standar,30,Bulanan,17,332,5721.0,Minimarket,Tidak,Tidak,1.6,2,8.0,2025-01-06,Indonesia,1
PLG-12307,32.0,Laki-laki,Bandung,Basic,10,Tahunan,4,212,847.0,Transfer Bank,Tidak,Tidak,1.2,0,8.0,2026-02-27,Indonesia,0
PLG-12308,31.0,Laki-laki,semarang,Standar,30,Bulanan,18,329,5963.0,E-Wallet,Ya,Tidak,1.5,0,,2024-12-10,Indonesia,0
PLG-12310,35.0,Laki-laki,Surabaya,Basic,10,2 Tahun,64,197,12031.0,Kartu Kredit,Ya,Tidak,0.6,1,9.0,2021-02-28,Indonesia,0
PLG-12311,48.0,Laki-laki,Denpasar,Standar,30,Bulanan,6,334,2100.0,E-Wallet,Tidak,Tidak,1.4,1,8.0,2025-12-03,Indonesia,0
PLG-12312,39.0,Laki-laki,Bandung,Standar,30,Tahunan,6,309,1937.0,E-Wallet,Tidak,Tidak,1.5,1,7.0,2025-12-06,Indonesia,0
PLG-12313,18.0,Laki-laki,Semarang,Basic,10,2 Tahun,2,212,445.0,Transfer Bank,Tidak,Tidak,0.6,0,6.0,2026-04-21,Indonesia,0
PLG-12314,52.0,Laki-laki,Jakarta,Basic,10,Tahunan,32,185,5946.0,E-Wallet,Tidak,Tidak,1.4,1,6.0,2023-10-18,Indonesia,0
PLG-12316,37.0,Laki-laki,Jakarta ,Premium,100,Bulanan,13,549,7335.0,E-Wallet,Tidak,Tidak,0.7,0,9.0,2025-05-03,Indonesia,0
PLG-12317,56.0,Perempuan,Yogyakarta,Basic,10,2 Tahun,46,205,9476.0,Transfer Bank,Tidak,Tidak,0.4,0,9.0,2022-08-10,Indonesia,0
PLG-12318,40.0,Perempuan,Makassar,Premium,100,2 Tahun,72,549,37628.0,Kartu Kredit,Ya,Tidak,3.9,3,7.0,2020-06-10,Indonesia,0
PLG-12319,24.0,Perempuan,Surabaya,Standar,30,Bulanan,3,333,1026.0,Transfer Bank,Ya,Tidak,1.4,2,,2026-03-24,Indonesia,1
PLG-12321,18.0,Perempuan,Bandung,Standar,30,Tahunan,35,343,11654.0,Transfer Bank,Tidak,Tidak,0.7,0,9.0,2023-07-04,Indonesia,0
PLG-12322,32.0,Perempuan,Semarang,Premium,100,Bulanan,4,560,2291.0,E-Wallet,Tidak,Tidak,0.1,1,9.0,2026-02-07,Indonesia,0
PLG-12323,22.0,Perempuan,Medan,Standar,30,Bulanan,11,323,3503.0,Transfer Bank,Tidak,Tidak,1.8,0,,2025-07-23,Indonesia,1
PLG-12324,39.0,Laki-laki,Jakarta,Premium,100,Bulanan,13,557,7542.0,E-Wallet,Tidak,Tidak,3.5,2,7.0,2025-05-20,Indonesia,1
PLG-12325,30.0,Laki-laki,Makassar,Basic,10,Bulanan,10,290,2962.0,Transfer Bank,Ya,Ya,0.9,1,8.0,2025-08-12,Indonesia,0
PLG-12328,57.0,Laki-laki,Denpasar,Basic,10,2 Tahun,14,188,2747.0,E-Wallet,Tidak,Tidak,2.7,3,7.0,2025-04-19,Indonesia,0
PLG-12329,52.0,Perempuan,Bandung,Standar,30,Bulanan,5,409,2125.0,E-Wallet,Tidak,Ya,0.2,0,8.0,2026-01-25,Indonesia,1
PLG-12330,45.0,Laki-laki,Yogyakarta,Standar,30,2 Tahun,5,347,1821.0,Transfer Bank,Tidak,Tidak,0.5,0,7.0,2026-01-10,Indonesia,0
PLG-12331,38.0,Laki-laki,Bandung,Basic,10,2 Tahun,13,202,2712.0,Transfer Bank,Ya,Tidak,1.2,0,7.0,2025-05-14,Indonesia,0
PLG-12332,,Laki-laki,Surabaya,Standar,30,Tahunan,19,425,8422.0,Transfer Bank,Ya,Ya,0.6,0,,2024-11-19,Indonesia,0
PLG-12333,30.0,Laki-laki,Jakarta,Standar,30,Tahunan,7,326,2366.0,Transfer Bank,Tidak,Tidak,0.4,0,9.0,2025-11-20,Indonesia,0
PLG-12335,33.0,Laki-laki,Bandung,Standar,30,Bulanan,13,330,4504.0,E-Wallet,Ya,Tidak,0.5,0,7.0,2025-05-14,Indonesia,0
PLG-12336,27.0,Perempuan,Jakarta,Standar,30,Bulanan,7,333,2400.0,Transfer Bank,Ya,Tidak,1.9,0,7.0,2025-11-22,Indonesia,0
PLG-12337,36.0,Perempuan,Yogyakarta,Basic,10,Tahunan,24,200,5001.0,Minimarket,Tidak,Tidak,1.6,0,6.0,2024-06-05,Indonesia,0
PLG-12338,30.0,Perempuan,Semarang,Premium,100,Bulanan,15,562,8023.0,E-Wallet,Tidak,Tidak,1.7,0,,2025-03-07,Indonesia,1
PLG-12339,52.0,Laki-laki,Yogyakarta,Standar,30,Bulanan,17,414,7269.0,Transfer Bank,Ya,Ya,2.9,1,6.0,2025-01-07,Indonesia,1
PLG-12340,36.0,Perempuan,Jakarta,Standar,30,Bulanan,8,335,2753.0,E-Wallet,Tidak,Tidak,1.3,0,,2025-10-29,Indonesia,1
PLG-12341,47.0,Laki-laki,Jakarta,Basic,10,Tahunan,4,203,790.0,E-Wallet,Tidak,Tidak,0.7,1,7.0,2026-02-15,Indonesia,0
PLG-12342,31.0,Perempuan,Jakarta,Basic,10,2 Tahun,54,208,,E-Wallet,Tidak,Tidak,0.7,0,8.0,2021-12-04,Indonesia,0
PLG-12343,39.0,Laki-laki,Jakarta ,Basic,10,Bulanan,7,268,1809.0,Minimarket,Tidak,Ya,0.7,3,7.0,2025-11-05,Indonesia,1
PLG-12345,,Laki-laki,Jakarta,Basic,10,Bulanan,24,199,4847.0,E-Wallet,Tidak,Tidak,0.2,0,,2024-06-03,Indonesia,0
PLG-12347,42.0,Laki-laki,DENPASAR,Basic,10,Tahunan,15,195,2916.0,Transfer Bank,Ya,Tidak,0.1,1,9.0,2025-03-11,Indonesia,0
PLG-12349,29.0,Perempuan,Yogyakarta,Standar,30,Bulanan,4,414,1712.0,Transfer Bank,Tidak,Ya,0.6,0,6.0,2026-02-21,Indonesia,0
PLG-12350,28.0,Perempuan,Bandung,Premium,100,Bulanan,13,555,6908.0,Minimarket,Tidak,Tidak,3.0,0,,2025-05-13,Indonesia,0
PLG-12352,27.0,Laki-laki,Denpasar,Standar,30,2 Tahun,40,343,14142.0,Minimarket,Tidak,Tidak,3.6,3,5.0,2023-02-25,Indonesia,0
PLG-12353,35.0,Perempuan,Semarang,Standar,30,Tahunan,43,307,13621.0,Minimarket,Tidak,Tidak,1.6,1,9.0,2022-11-18,Indonesia,0
PLG-12356,19.0,Laki-laki,Medan,Standar,30,Tahunan,27,318,8543.0,Transfer Bank,Ya,Tidak,1.1,3,7.0,2024-03-23,Indonesia,0
PLG-12357,18.0,Perempuan,Surabaya,Standar,30,Tahunan,35,316,11359.0,Transfer Bank,Tidak,Tidak,0.1,0,8.0,2023-07-17,Indonesia,0
PLG-12358,45.0,Laki-laki,Surabaya,Premium,100,Tahunan,14,524,7488.0,Kartu Kredit,Tidak,Tidak,1.7,0,7.0,2025-04-13,Indonesia,0
PLG-12359,47.0,Laki-laki,Bandung,Premium,100,Bulanan,13,541,7062.0,E-Wallet,Ya,Tidak,0.7,0,10.0,2025-05-04,Indonesia,0
PLG-12360,41.0,Laki-laki,Jakarta,Premium,100,Tahunan,34,539,18032.0,E-Wallet,Tidak,Tidak,0.4,0,7.0,2023-08-29,Indonesia,0
PLG-12361,25.0,Perempuan,Bandung,Standar,30,Bulanan,6,403,2340.0,E-Wallet,Tidak,Ya,0.8,0,6.0,2025-12-24,Indonesia,1
PLG-12362,30.0,Perempuan,Semarang,Standar,30,Bulanan,3,430,1236.0,E-Wallet,Tidak,Ya,0.8,0,10.0,2026-03-24,Indonesia,0
PLG-12363,47.0,Laki-laki,Medan,Basic,10,Bulanan,6,306,1754.0,Transfer Bank,Tidak,Ya,2.1,2,7.0,2025-12-05,Indonesia,1
PLG-12364,51.0,Perempuan,Makassar,Basic,10,2 Tahun,21,296,6206.0,Kartu Kredit,Ya,Ya,0.4,1,8.0,2024-09-10,Indonesia,0
PLG-12366,26.0,Perempuan,Medan,Standar,30,Tahunan,8,325,2477.0,Minimarket,Tidak,Tidak,2.5,3,5.0,2025-10-14,Indonesia,0
PLG-12368,47.0,Perempuan,Medan,Standar,30,Tahunan,51,397,20420.0,Transfer Bank,Tidak,Ya,2.0,1,6.0,2022-03-10,Indonesia,0
PLG-12369,32.0,Perempuan,Makassar ,Basic,10,Bulanan,13,296,3713.0,Transfer Bank,Tidak,Ya,1.7,0,8.0,2025-05-29,Indonesia,0
PLG-12371,32.0,Perempuan,Surabaya,Standar,30,Bulanan,22,410,9183.0,Transfer Bank,Ya,Ya,1.4,4,5.0,2024-08-02,Indonesia,1
PLG-12372,19.0,Perempuan,Makassar,Standar,30,Bulanan,4,343,1425.0,Minimarket,Tidak,Tidak,2.2,2,,2026-02-17,Indonesia,1
PLG-12373,54.0,Perempuan,Yogyakarta,Standar,30,Tahunan,11,320,3445.0,Minimarket,Tidak,Tidak,2.2,1,6.0,2025-07-26,Indonesia,0
PLG-12374,24.0,Perempuan,Jakarta,Standar,30,Bulanan,47,432,20116.0,E-Wallet,Tidak,Ya,1.1,2,7.0,2022-07-20,Indonesia,0
PLG-12375,,Laki-laki,Jakarta,Basic,10,Bulanan,2,206,428.0,Transfer Bank,Tidak,Tidak,0.2,0,6.0,2026-04-09,Indonesia,1
PLG-12376,36.0,Laki-laki,Jakarta,Basic,10,2 Tahun,19,304,5769.0,E-Wallet,Ya,Ya,0.7,0,9.0,2024-11-23,Indonesia,0
PLG-12377,39.0,Perempuan,Surabaya,Basic,10,Bulanan,18,188,3540.0,Kartu Kredit,Ya,Tidak,1.5,4,5.0,2024-12-19,Indonesia,1
PLG-12378,55.0,Laki-laki,Makassar,Premium,100,Tahunan,33,639,20734.0,Transfer Bank,Ya,Ya,9.2,6,1.0,2023-09-02,Indonesia,1
PLG-12380,23.0,Laki-laki,Jakarta,Standar,30,Bulanan,16,353,5755.0,Minimarket,Tidak,Tidak,1.4,2,7.0,2025-02-26,Indonesia,1
PLG-12381,33.0,Laki-laki,Jakarta,Basic,10,Tahunan,33,308,10210.0,Transfer Bank,Ya,Ya,0.7,2,,2023-09-15,Indonesia,0
PLG-12385,36.0,Perempuan,Jakarta,Standar,30,Tahunan,4,319,1269.0,E-Wallet,Tidak,Tidak,0.4,1,7.0,2026-02-08,Indonesia,0
PLG-12387,36.0,Laki-laki,Semarang,Basic,10,Tahunan,15,272,4085.0,Minimarket,Tidak,Ya,1.0,1,7.0,2025-03-12,Indonesia,0
PLG-12390,27.0,Perempuan,Jakarta,Standar,30,Tahunan,54,334,17534.0,Kartu Kredit,Ya,Tidak,2.1,0,8.0,2021-12-20,Indonesia,0
PLG-12391,18.0,Laki-laki,Jakarta,Standar,30,Tahunan,46,343,15722.0,Minimarket,Tidak,Tidak,0.6,1,8.0,2022-08-24,Indonesia,0
PLG-12392,39.0,Perempuan,Yogyakarta,Basic,10,2 Tahun,30,203,5902.0,Transfer Bank,Tidak,Tidak,0.7,0,8.0,2023-12-14,Indonesia,0
PLG-12393,32.0,Perempuan,Jakarta,Standar,30,2 Tahun,23,394,9276.0,Transfer Bank,Tidak,Ya,2.2,1,6.0,2024-07-22,Indonesia,0
PLG-12394,39.0,Laki-laki,Surabaya,Standar,30,2 Tahun,26,405,10021.0,Transfer Bank,Tidak,Ya,0.9,0,6.0,2024-04-10,Indonesia,0
PLG-12395,33.0,Perempuan,Jakarta,Standar,30,Tahunan,70,321,23463.0,Transfer Bank,Ya,Tidak,0.2,0,7.0,2020-08-17,Indonesia,0
PLG-12396,60.0,Perempuan,Jakarta,Standar,30,Bulanan,13,409,5084.0,Transfer Bank,Tidak,Ya,0.9,0,7.0,2025-05-13,Indonesia,1
PLG-12397,64.0,Perempuan,Semarang,Standar,30,Tahunan,48,337,15491.0,Minimarket,Tidak,Tidak,1.7,1,7.0,2022-06-14,Indonesia,0
PLG-12399,37.0,Perempuan,Denpasar,Premium,100,Bulanan,2,555,1156.0,E-Wallet,Ya,Tidak,2.2,1,6.0,2026-04-05,Indonesia,1
PLG-12402,55.0,Perempuan,Bandung,Basic,10,Bulanan,25,199,4759.0,Minimarket,Tidak,Tidak,2.9,2,5.0,2024-05-06,Indonesia,1
PLG-12404,34.0,Perempuan,Surabaya,Standar,30,Tahunan,12,418,4964.0,Transfer Bank,Tidak,Ya,3.7,0,7.0,2025-06-26,Indonesia,0
PLG-12405,32.0,Laki-laki,Medan,Standar,30,Tahunan,7,384,2678.0,Kartu Kredit,Ya,Ya,4.8,3,6.0,2025-11-26,Indonesia,1
PLG-12406,51.0,Laki-laki,Medan,Basic,10,2 Tahun,50,274,14001.0,Transfer Bank,Tidak,Ya,2.9,0,8.0,2022-04-06,Indonesia,0
PLG-12409,32.0,Perempuan,Jakarta,Standar,30,Tahunan,17,310,5084.0,Kartu Kredit,Tidak,Tidak,0.9,0,9.0,2025-01-20,Indonesia,0
PLG-12410,26.0,Perempuan,Surabaya,Standar,30,Bulanan,12,328,4077.0,Transfer Bank,Ya,Tidak,0.8,1,,2025-06-19,Indonesia,0
PLG-12413,,Perempuan,Bandung,Basic,10,2 Tahun,49,289,14052.0,Minimarket,Tidak,Ya,0.1,0,7.0,2022-05-11,Indonesia,0
PLG-12414,50.0,Laki-laki,Yogyakarta,Premium,100,Bulanan,10,540,5253.0,,Tidak,Tidak,1.5,0,,2025-08-06,Indonesia,1
PLG-12416,43.0,Perempuan,BANDUNG,Premium,100,Tahunan,37,540,20557.0,Kartu Kredit,Ya,Tidak,1.9,1,6.0,2023-05-20,Indonesia,0
PLG-12417,29.0,Laki-laki,Jakarta,Premium,100,Bulanan,6,549,3270.0,Minimarket,Tidak,Tidak,0.4,1,9.0,2025-12-16,Indonesia,0
PLG-12418,31.0,Laki-laki,Medan,Standar,30,Bulanan,11,414,4706.0,Transfer Bank,Tidak,Ya,3.6,1,,2025-07-11,Indonesia,1
PLG-12420,50.0,Laki-laki,Jakarta,Basic,10,Bulanan,7,210,1456.0,Minimarket,Tidak,Tidak,1.1,1,9.0,2025-11-27,Indonesia,0
PLG-12421,43.0,Laki-laki,Bandung,Standar,30,Bulanan,6,413,2591.0,Transfer Bank,Ya,Ya,0.7,1,5.0,2025-12-19,Indonesia,1
PLG-12422,35.0,Laki-laki,Surabaya,Standar,30,Bulanan,9,320,2995.0,Minimarket,Tidak,Tidak,4.6,3,5.0,2025-09-24,Indonesia,1
PLG-12425,33.0,Perempuan,Surabaya,Premium,100,Bulanan,24,541,12987.0,Minimarket,Tidak,Tidak,1.3,2,9.0,2024-06-14,Indonesia,1
PLG-12426,,Laki-laki,Bandung,Basic,10,Bulanan,20,277,5674.0,Transfer Bank,Tidak,Ya,1.8,1,5.0,2024-10-28,Indonesia,1
PLG-12427,29.0,Laki-laki,Yogyakarta,Standar,30,Bulanan,7,312,2273.0,Minimarket,Tidak,Tidak,5.6,2,4.0,2025-11-13,Indonesia,1
PLG-12428,56.0,Perempuan,Denpasar,Basic,10,Bulanan,13,270,3346.0,Minimarket,Tidak,Ya,1.9,2,2.0,2025-05-13,Indonesia,1
PLG-12430,55.0,Perempuan,Yogyakarta,Basic,10,2 Tahun,29,281,7918.0,Kartu Kredit,Ya,Ya,1.4,1,6.0,2024-01-21,Indonesia,0
PLG-12432,34.0,Laki-laki,Medan,Standar,30,Tahunan,26,431,11150.0,E-Wallet,Tidak,Ya,0.3,1,6.0,2024-04-21,Indonesia,0
PLG-12433,42.0,Laki-laki,Bandung,Basic,10,Tahunan,36,185,6492.0,Transfer Bank,Ya,Tidak,2.6,2,5.0,2023-06-11,Indonesia,0
PLG-12435,26.0,Laki-laki,Jakarta,Standar,30,Bulanan,25,334,8645.0,Transfer Bank,Ya,Tidak,3.5,1,7.0,2024-05-25,Indonesia,0
PLG-12437,25.0,Laki-laki,Jakarta,Standar,30,Bulanan,12,329,4033.0,E-Wallet,Tidak,Tidak,1.7,2,4.0,2025-06-14,Indonesia,1
PLG-12438,18.0,Perempuan,Medan,Standar,30,2 Tahun,18,418,7557.0,Transfer Bank,Tidak,Ya,1.6,2,7.0,2024-12-27,Indonesia,0
PLG-12439,18.0,Laki-laki,Denpasar,Premium,100,Tahunan,9,642,5696.0,Minimarket,Tidak,Ya,6.5,2,3.0,2025-09-27,Indonesia,1
PLG-12440,35.0,Laki-laki,Semarang,Premium,100,Tahunan,8,635,5224.0,Transfer Bank,Ya,Ya,1.8,3,7.0,2025-10-25,Indonesia,1
PLG-12441,45.0,Perempuan,Surabaya,Standar,30,Bulanan,8,346,2671.0,Transfer Bank,Tidak,Tidak,2.5,2,7.0,2025-10-08,Indonesia,1
PLG-12443,39.0,Perempuan,Jakarta,Premium,100,2 Tahun,48,573,28446.0,Transfer Bank,Ya,Tidak,0.4,1,9.0,2022-06-11,Indonesia,0
PLG-12445,32.0,Laki-laki,Bandung,Basic,10,Bulanan,21,191,3865.0,Kartu Kredit,Tidak,Tidak,2.4,0,6.0,2024-09-03,Indonesia,0
PLG-12446,41.0,Laki-laki,Jakarta,Basic,10,Tahunan,27,298,7870.0,Kartu Kredit,Ya,Ya,4.0,1,6.0,2024-03-13,Indonesia,0
PLG-12447,60.0,Laki-laki,Semarang,Premium,100,Bulanan,5,554,2779.0,Minimarket,Tidak,Tidak,1.4,1,7.0,2026-01-21,Indonesia,0
PLG-12448,23.0,Perempuan,Jakarta,Standar,30,Bulanan,6,331,2074.0,E-Wallet,Tidak,Tidak,0.1,0,8.0,2025-12-29,Indonesia,0
PLG-12449,46.0,Laki-laki,Medan,Basic,10,Tahunan,53,202,11115.0,Transfer Bank,Ya,Tidak,1.4,2,7.0,2022-01-13,Indonesia,0
PLG-12450,36.0,Laki-laki,Surabaya,Basic,10,Bulanan,18,290,5461.0,Kartu Kredit,Ya,Ya,1.7,2,6.0,2024-12-25,Indonesia,1
PLG-12451,37.0,Laki-laki,Makassar,Standar,30,Bulanan,8,343,2734.0,Transfer Bank,Tidak,Tidak,1.1,1,5.0,2025-10-06,Indonesia,0
PLG-12452,29.0,Perempuan,Jakarta,Premium,100,Bulanan,12,629,7662.0,Kartu Kredit,Tidak,Ya,0.9,1,10.0,2025-06-16,Indonesia,1
PLG-12453,42.0,Perempuan,Semarang,Premium,100,Tahunan,58,528,29135.0,Minimarket,Tidak,Tidak,0.9,1,,2021-08-05,Indonesia,0
PLG-12454,43.0,Laki-laki,Surabaya,Premium,100,Bulanan,4,558,2301.0,Transfer Bank,Ya,Tidak,0.9,0,8.0,2026-02-15,Indonesia,1
PLG-12455,52.0,Perempuan,Jakarta,Standar,30,2 Tahun,20,343,7087.0,Transfer Bank,Tidak,Tidak,1.5,1,8.0,2024-10-18,Indonesia,0
PLG-12456,53.0,Perempuan,Yogyakarta,Standar,30,Tahunan,49,452,22898.0,Transfer Bank,Tidak,Ya,0.4,0,6.0,2022-05-22,Indonesia,0
PLG-12457,52.0,Laki-laki,Medan,Standar,30,Bulanan,10,355,3465.0,Transfer Bank,Ya,Tidak,0.2,0,8.0,2025-08-22,Indonesia,0
PLG-12460,45.0,Perempuan,Medan,Premium,100,Bulanan,19,554,10646.0,Kartu Kredit,Ya,Tidak,1.2,1,7.0,2024-11-04,Indonesia,1
PLG-12461,48.0,Perempuan,Bandung,Premium,100,Bulanan,5,571,2810.0,Kartu Kredit,Ya,Tidak,0.2,0,8.0,2026-01-29,Indonesia,0
PLG-12462,50.0,Laki-laki,Surabaya,Basic,10,2 Tahun,46,303,14171.0,Transfer Bank,Ya,Ya,0.1,0,6.0,2022-08-24,Indonesia,0
PLG-12463,33.0,Perempuan,Jakarta,Premium,100,Tahunan,18,559,10170.0,Transfer Bank,Tidak,Tidak,0.4,0,9.0,2024-12-03,Indonesia,0
PLG-12464,26.0,Perempuan,Jakarta,Basic,10,Tahunan,33,196,6377.0,Minimarket,Tidak,Tidak,1.1,2,6.0,2023-09-13,Indonesia,0
PLG-12465,30.0,Perempuan,Denpasar,Basic,10,Bulanan,11,291,3075.0,Transfer Bank,Ya,Ya,0.6,0,9.0,2025-07-28,Indonesia,0
PLG-12466,49.0,Perempuan,Denpasar,Basic,10,Bulanan,12,278,3210.0,E-Wallet,Ya,Ya,1.0,0,10.0,2025-06-08,Indonesia,0
PLG-12467,39.0,Laki-laki,Denpasar,Standar,30,Bulanan,4,340,1336.0,Minimarket,Tidak,Tidak,1.6,2,5.0,2026-02-15,Indonesia,1
PLG-12468,48.0,Perempuan,Medan,Basic,10,Bulanan,10,208,2020.0,Minimarket,Tidak,Tidak,0.5,1,7.0,2025-08-11,Indonesia,0
PLG-12469,42.0,Laki-laki,Jakarta,Standar,30,Bulanan,6,341,2099.0,Minimarket,Tidak,Tidak,1.4,0,8.0,2025-12-26,Indonesia,0
PLG-12472,32.0,Laki-laki,Semarang,Basic,10,2 Tahun,64,198,12434.0,Kartu Kredit,Ya,Tidak,2.9,0,7.0,2021-02-03,Indonesia,0
PLG-12473,37.0,Laki-laki,Makassar,Standar,30,2 Tahun,17,413,6726.0,Transfer Bank,Ya,Ya,1.2,3,5.0,2025-01-03,Indonesia,0
PLG-12474,37.0,Perempuan,Bandung ,Premium,100,Bulanan,18,640,11711.0,E-Wallet,Tidak,Ya,2.0,2,,2024-12-04,Indonesia,1
PLG-12475,25.0,Laki-laki,Medan,Premium,100,Bulanan,6,540,3143.0,Minimarket,Tidak,Tidak,1.2,0,6.0,2025-12-26,Indonesia,1
PLG-12476,40.0,Laki-laki,Medan,Basic,10,Bulanan,10,187,1932.0,Kartu Kredit,Ya,Tidak,1.8,2,,2025-08-23,Indonesia,1
PLG-12476,40.0,Laki-laki,Medan,Basic,10,Bulanan,10,187,1932.0,Kartu Kredit,Ya,Tidak,1.8,2,,2025-08-23,Indonesia,1
PLG-12477,32.0,Laki-laki,Semarang,Premium,100,2 Tahun,37,560,20041.0,Kartu Kredit,Ya,Tidak,0.2,0,8.0,2023-05-08,Indonesia,0
PLG-12478,37.0,Laki-laki,Semarang,Basic,10,Bulanan,11,213,2257.0,Minimarket,Tidak,Tidak,2.0,0,7.0,2025-07-24,Indonesia,0
PLG-12480,26.0,Perempuan,Makassar,Standar,30,Bulanan,29,324,9170.0,Kartu Kredit,Ya,Tidak,1.8,0,,2024-01-12,Indonesia,0
PLG-12482,23.0,Perempuan,Jakarta,Premium,100,Bulanan,30,575,16976.0,Transfer Bank,Ya,Tidak,3.3,4,3.0,2023-12-21,Indonesia,1
PLG-12483,40.0,Perempuan,Semarang,Basic,10,Bulanan,11,285,3080.0,E-Wallet,Ya,Ya,1.4,2,9.0,2025-07-08,Indonesia,0
PLG-12484,58.0,Laki-laki,Medan,Standar,30,Bulanan,23,313,7511.0,Transfer Bank,Tidak,Tidak,1.4,2,6.0,2024-07-19,Indonesia,1
PLG-12486,49.0,Perempuan,Surabaya,Premium,100,Bulanan,8,559,4583.0,E-Wallet,Tidak,Tidak,0.5,1,6.0,2025-10-23,Indonesia,1
PLG-12488,28.0,Perempuan,Bandung,Basic,10,2 Tahun,25,180,4577.0,Kartu Kredit,Ya,Tidak,1.2,1,5.0,2024-05-05,Indonesia,0
PLG-12489,33.0,Laki-laki,Jakarta,Basic,10,Bulanan,27,286,8027.0,Kartu Kredit,Ya,Ya,1.1,0,7.0,2024-03-29,Indonesia,0
PLG-12491,43.0,Laki-laki,Bandung,Standar,30,Bulanan,5,330,1691.0,E-Wallet,Ya,Tidak,2.7,2,5.0,2026-01-05,Indonesia,0
PLG-12492,39.0,Perempuan,Yogyakarta,Standar,30,2 Tahun,32,324,10281.0,Transfer Bank,Tidak,Tidak,3.3,0,7.0,2023-10-10,Indonesia,0
PLG-12493,34.0,Perempuan,MAKASSAR,Premium,100,Bulanan,4,547,2204.0,E-Wallet,Tidak,Tidak,2.3,2,,2026-02-17,Indonesia,1
PLG-12494,56.0,Perempuan,Bandung,Basic,10,Bulanan,3,278,843.0,E-Wallet,Ya,Ya,0.6,0,8.0,2026-03-13,Indonesia,0
PLG-12495,40.0,Laki-laki,Bandung,Basic,10,2 Tahun,1,199,204.0,Kartu Kredit,Ya,Tidak,0.1,0,,2026-05-25,Indonesia,0
PLG-12496,46.0,Laki-laki,Jakarta,Standar,30,Bulanan,13,319,4282.0,Transfer Bank,Tidak,Tidak,1.8,0,6.0,2025-05-25,Indonesia,0
PLG-12497,36.0,Laki-laki,Semarang,Standar,30,Bulanan,9,427,3653.0,Transfer Bank,Tidak,Ya,0.4,1,6.0,2025-09-23,Indonesia,1
PLG-12499,22.0,Laki-laki,Denpasar,Standar,30,Tahunan,13,349,4636.0,E-Wallet,Tidak,Tidak,2.5,3,6.0,2025-05-29,Indonesia,1
PLG-12500,37.0,Perempuan,Jakarta,Basic,10,2 Tahun,40,265,11024.0,Minimarket,Tidak,Ya,1.7,2,8.0,2023-02-19,Indonesia,0
PLG-12501,19.0,Perempuan,Bandung,Basic,10,Tahunan,26,284,7679.0,E-Wallet,Ya,Ya,2.3,2,6.0,2024-04-24,Indonesia,0
PLG-12502,29.0,Laki-laki,Denpasar,Basic,10,2 Tahun,31,195,5842.0,Transfer Bank,Tidak,Tidak,0.9,1,7.0,2023-11-16,Indonesia,0
PLG-12506,42.0,Laki-laki,Denpasar,Standar,30,2 Tahun,70,401,29360.0,Transfer Bank,Tidak,Ya,1.1,0,10.0,2020-08-08,Indonesia,0
PLG-12508,66.0,Perempuan,Jakarta,Standar,30,Bulanan,14,325,4433.0,E-Wallet,Tidak,Tidak,0.7,0,7.0,2025-04-03,Indonesia,0
PLG-12509,34.0,Laki-laki,Surabaya,Standar,30,Tahunan,6,344,2029.0,Minimarket,Tidak,Tidak,0.3,1,8.0,2025-12-21,Indonesia,0
PLG-12510,53.0,Perempuan,SURABAYA,Premium,100,Bulanan,13,555,6880.0,Kartu Kredit,Ya,Tidak,0.9,0,9.0,2025-05-20,Indonesia,0
PLG-12512,,Perempuan,Yogyakarta,Standar,30,Bulanan,3,413,1191.0,E-Wallet,Tidak,Ya,0.6,1,8.0,2026-03-10,Indonesia,1
PLG-12513,50.0,Perempuan,Surabaya,Standar,30,Bulanan,11,329,3489.0,Minimarket,Tidak,Tidak,1.0,1,8.0,2025-07-29,Indonesia,1
PLG-12515,35.0,Perempuan,Jakarta ,Standar,30,Bulanan,30,346,10323.0,Minimarket,Tidak,Tidak,1.1,3,7.0,2023-12-16,Indonesia,0
PLG-12516,37.0,Perempuan,Medan,Basic,10,Tahunan,7,185,1295.0,Minimarket,Tidak,Tidak,2.3,0,7.0,2025-11-19,Indonesia,0
PLG-12518,,Laki-laki,Yogyakarta,Basic,10,2 Tahun,18,180,3101.0,Transfer Bank,Tidak,Tidak,0.5,0,8.0,2024-12-10,Indonesia,0
PLG-12520,51.0,Perempuan,Makassar,Premium,100,Bulanan,20,545,10771.0,Transfer Bank,Tidak,Tidak,4.7,3,,2024-10-05,Indonesia,1
PLG-12521,39.0,Perempuan,Bandung,Basic,10,Bulanan,14,182,2525.0,Minimarket,Tidak,Tidak,3.1,1,,2025-04-07,Indonesia,1
PLG-12522,20.0,Laki-laki,Medan,Basic,10,Bulanan,16,285,4639.0,Transfer Bank,Tidak,Ya,0.4,2,3.0,2025-02-12,Indonesia,1
PLG-12524,28.0,Perempuan,Bandung,Basic,10,Bulanan,1,311,300.0,E-Wallet,Tidak,Ya,1.9,0,7.0,2026-05-30,Indonesia,0
PLG-12526,50.0,Laki-laki,Jakarta,Basic,10,Tahunan,57,217,12006.0,Transfer Bank,Ya,Tidak,0.6,0,9.0,2021-09-28,Indonesia,0
PLG-12527,61.0,Perempuan,Denpasar,Standar,30,Tahunan,19,322,6190.0,Transfer Bank,Tidak,Tidak,0.6,1,7.0,2024-11-11,Indonesia,0
PLG-12528,31.0,Laki-laki,Bandung,Premium,100,Bulanan,6,536,3206.0,E-Wallet,Tidak,Tidak,0.8,0,10.0,2025-12-06,Indonesia,0
PLG-12529,39.0,Laki-laki,Medan,Basic,10,Tahunan,13,197,2549.0,E-Wallet,Ya,Tidak,2.1,2,6.0,2025-05-06,Indonesia,0
PLG-12530,36.0,Laki-laki,Jakarta,Premium,100,Bulanan,3,623,1886.0,Minimarket,Tidak,Ya,0.4,1,8.0,2026-03-18,Indonesia,1
PLG-12531,25.0,Laki-laki,Jakarta,Basic,10,2 Tahun,17,177,2988.0,Transfer Bank,Ya,Tidak,0.2,0,8.0,2025-01-19,Indonesia,0
PLG-12533,32.0,Laki-laki,Jakarta,Premium,100,Bulanan,9,637,5644.0,Minimarket,Tidak,Ya,0.9,1,,2025-09-09,Indonesia,1
PLG-12534,41.0,Perempuan,Surabaya,Standar,30,2 Tahun,26,345,8955.0,Transfer Bank,Tidak,Tidak,4.1,0,7.0,2024-04-26,Indonesia,0
PLG-12535,32.0,Perempuan,Bandung,Basic,10,Tahunan,18,203,3756.0,E-Wallet,Tidak,Tidak,1.0,0,6.0,2024-12-11,Indonesia,0
PLG-12536,38.0,Perempuan,Makassar,Standar,30,Bulanan,8,413,3240.0,Transfer Bank,Tidak,Ya,2.6,1,8.0,2025-10-24,Indonesia,1
PLG-12537,35.0,Perempuan,Medan,Premium,100,Bulanan,27,550,14178.0,Kartu Kredit,Ya,Tidak,2.8,1,8.0,2024-03-29,Indonesia,1
PLG-12538,33.0,Perempuan,Yogyakarta,Premium,100,2 Tahun,50,541,26643.0,E-Wallet,Tidak,Tidak,4.9,3,,2022-04-25,Indonesia,0
PLG-12540,49.0,Perempuan,Jakarta,Premium,100,Tahunan,10,555,5332.0,Minimarket,Tidak,Tidak,1.1,1,6.0,2025-08-28,Indonesia,1
PLG-12541,43.0,Laki-laki,Jakarta,Premium,100,Tahunan,36,585,21010.0,E-Wallet,Tidak,Tidak,1.0,1,6.0,2023-06-03,Indonesia,0
PLG-12544,69.0,Laki-laki,Jakarta,Premium,100,2 Tahun,55,566,30455.0,E-Wallet,Tidak,Tidak,0.6,0,8.0,2021-11-09,Indonesia,0
PLG-12545,44.0,Laki-laki,Semarang,Basic,10,Tahunan,7,204,1393.0,Kartu Kredit,Ya,Tidak,1.3,4,4.0,2025-11-23,Indonesia,0
PLG-12546,46.0,Perempuan,Medan,Basic,10,2 Tahun,48,210,9757.0,Minimarket,Tidak,Tidak,2.3,0,,2022-06-11,Indonesia,0
PLG-12549,41.0,Perempuan,Surabaya,Standar,30,Bulanan,6,333,1917.0,E-Wallet,Ya,Tidak,2.2,1,5.0,2025-12-29,Indonesia,1
PLG-12551,54.0,Laki-laki,Jakarta,Standar,30,Bulanan,14,331,4461.0,E-Wallet,Tidak,Tidak,2.3,2,5.0,2025-04-28,Indonesia,1
PLG-12552,44.0,Laki-laki,Jakarta,Basic,10,Bulanan,29,266,7923.0,E-Wallet,Tidak,Ya,7.0,5,,2024-01-04,Indonesia,1
PLG-12553,42.0,Perempuan,Surabaya,Premium,100,Bulanan,5,553,2774.0,Transfer Bank,Tidak,Tidak,3.9,2,7.0,2026-01-22,Indonesia,1
PLG-12555,39.0,Perempuan,Surabaya,Basic,10,Bulanan,6,291,1699.0,E-Wallet,Ya,Ya,1.1,1,6.0,2025-12-14,Indonesia,0
PLG-12556,29.0,Laki-laki,Yogyakarta,Standar,30,Bulanan,5,302,1526.0,Transfer Bank,Tidak,Tidak,1.0,1,10.0,2026-01-24,Indonesia,0
PLG-12558,27.0,Laki-laki,Jakarta,Premium,100,Bulanan,4,546,2124.0,Kartu Kredit,Ya,Tidak,0.4,0,7.0,2026-02-12,Indonesia,0
PLG-12559,51.0,Perempuan,Medan,Basic,10,Tahunan,38,204,8113.0,Transfer Bank,Tidak,Tidak,0.1,0,6.0,2023-04-16,Indonesia,0
PLG-12560,56.0,Perempuan,Denpasar,Basic,10,Bulanan,8,271,2087.0,Transfer Bank,Ya,Ya,0.4,0,,2025-10-12,Indonesia,0
PLG-12561,45.0,Perempuan,Semarang,Standar,30,Bulanan,12,430,4967.0,Transfer Bank,Ya,Ya,1.3,0,6.0,2025-06-21,Indonesia,1
PLG-12562,38.0,Laki-laki,Surabaya,Premium,100,Bulanan,5,638,3335.0,Transfer Bank,Tidak,Ya,1.3,2,,2026-01-10,Indonesia,1
PLG-12563,41.0,Laki-laki,Bandung,Premium,100,Tahunan,8,549,4426.0,Kartu Kredit,Ya,Tidak,0.4,0,7.0,2025-10-06,Indonesia,0
PLG-12564,31.0,Perempuan,Yogyakarta,Basic,10,2 Tahun,32,199,6169.0,Minimarket,Tidak,Tidak,1.4,1,8.0,2023-10-04,Indonesia,0
PLG-12567,23.0,Perempuan,Yogyakarta,Standar,30,Bulanan,12,310,3541.0,E-Wallet,Tidak,Tidak,1.3,3,,2025-06-12,Indonesia,1
PLG-12569,42.0,Laki-laki,Medan,Basic,10,Bulanan,3,199,586.0,Transfer Bank,Tidak,Tidak,1.3,1,6.0,2026-03-26,Indonesia,0
PLG-12570,,Perempuan,Surabaya,Basic,10,Tahunan,10,192,1949.0,Transfer Bank,Tidak,Tidak,0.4,0,8.0,2025-08-13,Indonesia,0
PLG-12571,32.0,Laki-laki,Jakarta,Standar,30,Tahunan,30,326,9712.0,Kartu Kredit,Ya,Tidak,1.9,0,7.0,2023-12-09,Indonesia,0
PLG-12573,,Laki-laki,Semarang,Standar,30,Bulanan,7,406,2902.0,E-Wallet,Tidak,Ya,2.5,1,6.0,2025-11-24,Indonesia,1
PLG-12575,37.0,Laki-laki,Bandung,Basic,10,Bulanan,10,292,3021.0,Kartu Kredit,Ya,Ya,0.5,0,6.0,2025-08-03,Indonesia,0
PLG-12576,44.0,Laki-laki,Yogyakarta,Basic,10,Tahunan,12,280,3522.0,,Ya,Ya,1.6,2,5.0,2025-06-29,Indonesia,0
PLG-12577,31.0,Laki-laki,Jakarta,Basic,10,Tahunan,24,208,4839.0,E-Wallet,Tidak,Tidak,1.0,0,9.0,2024-06-06,Indonesia,0
PLG-12579,36.0,Perempuan,Jakarta,Basic,10,Bulanan,3,224,673.0,E-Wallet,Tidak,Tidak,1.6,0,7.0,2026-03-05,Indonesia,0
PLG-12580,27.0,Perempuan,Jakarta,Basic,10,Tahunan,25,190,4744.0,Transfer Bank,Ya,Tidak,1.8,0,8.0,2024-05-28,Indonesia,0
PLG-12581,23.0,Perempuan,Yogyakarta,Basic,10,Tahunan,3,201,575.0,E-Wallet,Ya,Tidak,0.9,0,6.0,2026-03-27,Indonesia,0
PLG-12582,36.0,Perempuan,Jakarta,Standar,30,Bulanan,12,397,4989.0,E-Wallet,Tidak,Ya,0.9,1,8.0,2025-06-09,Indonesia,0
PLG-12583,45.0,Laki-laki,Bandung,Premium,100,Tahunan,32,639,20371.0,Minimarket,Tidak,Ya,1.4,0,8.0,2023-10-05,Indonesia,0
PLG-12584,44.0,Perempuan,Jakarta,Basic,10,Bulanan,10,203,2026.0,E-Wallet,Tidak,Tidak,2.6,5,6.0,2025-08-25,Indonesia,1
PLG-12585,58.0,Perempuan,Makassar,Standar,30,Bulanan,2,334,641.0,Transfer Bank,Tidak,Tidak,2.5,2,7.0,2026-04-03,Indonesia,1
PLG-12588,34.0,Perempuan,Bandung,Standar,30,2 Tahun,8,419,3309.0,Kartu Kredit,Tidak,Ya,2.8,2,8.0,2025-10-16,Indonesia,0
PLG-12590,40.0,Perempuan,Yogyakarta,Premium,100,Bulanan,27,540,14869.0,Transfer Bank,Ya,Tidak,3.6,4,5.0,2024-03-29,Indonesia,0
PLG-12591,45.0,Laki-laki,Jakarta,Basic,10,Bulanan,4,194,792.0,E-Wallet,Tidak,Tidak,1.4,2,8.0,2026-02-06,Indonesia,1
PLG-12592,32.0,Laki-laki,Jakarta,Premium,100,2 Tahun,2,626,1237.0,E-Wallet,Tidak,Ya,2.1,2,5.0,2026-04-04,Indonesia,0
PLG-12593,42.0,Laki-laki,Jakarta,Basic,10,2 Tahun,5,260,1247.0,Kartu Kredit,Ya,Ya,3.3,3,5.0,2026-01-12,Indonesia,0
PLG-12596,50.0,Perempuan,Semarang,Standar,30,Bulanan,37,342,12293.0,Kartu Kredit,Tidak,Tidak,0.1,1,7.0,2023-05-11,Indonesia,0
PLG-12597,62.0,Perempuan,Jakarta ,Premium,100,Tahunan,46,548,26458.0,Minimarket,Tidak,Tidak,0.3,0,10.0,2022-08-07,Indonesia,0
PLG-12598,28.0,Perempuan,Makassar,Standar,30,Tahunan,66,425,28684.0,Minimarket,Tidak,Ya,0.6,1,9.0,2020-12-18,Indonesia,0
PLG-12599,47.0,Perempuan,Semarang,Standar,30,Bulanan,32,404,12513.0,Transfer Bank,Ya,Ya,1.1,0,9.0,2023-10-12,Indonesia,0
PLG-12600,22.0,Laki-laki,Yogyakarta,Standar,30,Tahunan,48,330,15951.0,E-Wallet,Ya,Tidak,0.4,0,9.0,2022-06-25,Indonesia,0
PLG-12601,31.0,Perempuan,Denpasar,Standar,30,2 Tahun,28,338,9917.0,Transfer Bank,Tidak,Tidak,2.5,1,8.0,2024-02-04,Indonesia,0
PLG-12602,39.0,Perempuan,Jakarta,Standar,30,2 Tahun,68,408,27447.0,Kartu Kredit,Tidak,Ya,0.5,1,5.0,2020-10-23,Indonesia,0
PLG-12604,,Perempuan,Bandung,Basic,10,Bulanan,21,294,6076.0,E-Wallet,Tidak,Ya,0.7,0,7.0,2024-09-11,Indonesia,0
PLG-12605,35.0,Perempuan,Yogyakarta,Basic,10,2 Tahun,15,193,2766.0,Transfer Bank,Tidak,Tidak,4.4,0,,2025-03-08,Indonesia,0
PLG-12607,47.0,Perempuan,Makassar,Basic,10,Bulanan,21,187,,Transfer Bank,Ya,Tidak,3.9,5,4.0,2024-09-06,Indonesia,1
PLG-12608,47.0,Perempuan,Bandung,Basic,10,Tahunan,21,213,4567.0,Kartu Kredit,Ya,Tidak,3.1,1,6.0,2024-09-28,Indonesia,0
PLG-12609,39.0,Perempuan,Bandung,Standar,30,Bulanan,10,350,3339.0,Transfer Bank,Tidak,Tidak,1.1,2,,2025-08-09,Indonesia,1
PLG-12611,58.0,Perempuan,Jakarta,Premium,100,Bulanan,2,548,1097.0,Transfer Bank,Ya,Tidak,0.8,0,7.0,2026-04-04,Indonesia,0
PLG-12613,52.0,Laki-laki,Jakarta,Premium,100,Bulanan,3,611,1742.0,Transfer Bank,Tidak,Ya,1.0,0,,2026-03-25,Indonesia,1
PLG-12617,38.0,Perempuan,Denpasar,Standar,30,Bulanan,10,329,3207.0,E-Wallet,Ya,Tidak,0.9,1,6.0,2025-08-08,Indonesia,0
PLG-12619,43.0,Laki-laki,Bandung,Standar,30,Bulanan,26,403,10568.0,Minimarket,Tidak,Ya,0.4,1,7.0,2024-04-16,Indonesia,1
PLG-12620,,Perempuan,Surabaya,Basic,10,Tahunan,69,205,14802.0,E-Wallet,Tidak,Tidak,0.3,1,9.0,2020-09-21,Indonesia,0
PLG-12624,36.0,Perempuan,Jakarta,Basic,10,Bulanan,16,205,3210.0,Transfer Bank,Tidak,Tidak,0.7,1,,2025-02-04,Indonesia,1
PLG-12625,53.0,Perempuan,Jakarta,Premium,100,Tahunan,51,633,32837.0,Transfer Bank,Tidak,Ya,2.4,1,6.0,2022-03-15,Indonesia,0
PLG-12626,25.0,Perempuan,Denpasar,Premium,100,Bulanan,14,544,7310.0,Transfer Bank,Tidak,Tidak,0.6,1,9.0,2025-04-05,Indonesia,1
PLG-12628,43.0,Laki-laki,Yogyakarta,Standar,30,2 Tahun,35,340,11539.0,Minimarket,Tidak,Tidak,2.0,1,,2023-07-30,Indonesia,0
PLG-12629,32.0,Laki-laki,Jakarta,Standar,30,Bulanan,2,332,665.0,Minimarket,Tidak,Tidak,0.1,1,8.0,2026-04-22,Indonesia,0
PLG-12631,21.0,Perempuan,Jakarta,Standar,30,Bulanan,2,345,666.0,Transfer Bank,Tidak,Tidak,0.9,0,6.0,2026-04-29,Indonesia,1
PLG-12632,35.0,Perempuan,Bandung,Standar,30,Bulanan,5,336,1650.0,Minimarket,Tidak,Tidak,0.1,1,7.0,2026-01-27,Indonesia,0
PLG-12634,35.0,Laki-laki,Denpasar,Basic,10,Tahunan,72,202,14705.0,Kartu Kredit,Ya,Tidak,1.4,2,6.0,2020-06-04,Indonesia,0
PLG-12636,37.0,Laki-laki,Surabaya,Basic,10,Tahunan,52,204,10319.0,Transfer Bank,Ya,Tidak,0.4,0,9.0,2022-02-12,Indonesia,0
PLG-12637,32.0,Laki-laki,Bandung,Standar,30,Bulanan,2,394,761.0,,Ya,Ya,2.5,1,5.0,2026-04-25,Indonesia,1
PLG-12638,43.0,Perempuan,Jakarta,Standar,30,2 Tahun,35,335,11970.0,Minimarket,Tidak,Tidak,1.6,1,6.0,2023-07-16,Indonesia,0
PLG-12639,52.0,Perempuan,Bandung,Standar,30,Bulanan,12,331,3863.0,E-Wallet,Tidak,Tidak,0.4,2,5.0,2025-06-03,Indonesia,1
PLG-12640,,Perempuan,Medan,Basic,10,Bulanan,33,214,7102.0,Transfer Bank,Tidak,Tidak,2.9,2,,2023-09-29,Indonesia,1
PLG-12642,,Laki-laki,Medan,Standar,30,Tahunan,29,328,9590.0,Transfer Bank,Ya,Tidak,1.2,0,7.0,2024-01-19,Indonesia,0
PLG-12644,32.0,Laki-laki,Bandung,Standar,30,2 Tahun,54,408,22333.0,Minimarket,Tidak,Ya,1.3,1,5.0,2021-12-29,Indonesia,0
PLG-12646,39.0,Perempuan,Medan,Standar,30,Tahunan,24,395,9135.0,Kartu Kredit,Ya,Ya,0.0,0,7.0,2024-06-06,Indonesia,0
PLG-12649,40.0,Perempuan,jakarta,Standar,30,Bulanan,5,340,1669.0,Kartu Kredit,Tidak,Tidak,2.4,2,7.0,2026-01-16,Indonesia,1
PLG-12650,38.0,Laki-laki,Jakarta,Standar,30,2 Tahun,12,405,4673.0,Minimarket,Tidak,Ya,0.8,2,4.0,2025-06-05,Indonesia,0
PLG-12652,30.0,Perempuan,Jakarta,Premium,100,Bulanan,5,642,3334.0,Kartu Kredit,Ya,Ya,0.6,0,9.0,2026-01-21,Indonesia,0
PLG-12656,25.0,Perempuan,Surabaya,Standar,30,Tahunan,19,355,6620.0,E-Wallet,Ya,Tidak,2.1,0,8.0,2024-11-05,Indonesia,0
PLG-12658,55.0,Perempuan,Semarang,Basic,10,Bulanan,12,181,2151.0,Transfer Bank,Ya,Tidak,2.5,2,5.0,2025-06-26,Indonesia,1
PLG-12660,47.0,Laki-laki,Medan,Standar,30,2 Tahun,54,319,17146.0,Kartu Kredit,Tidak,Tidak,1.6,0,7.0,2021-12-14,Indonesia,0
PLG-12661,34.0,Laki-laki,Surabaya,Basic,10,Bulanan,6,200,1208.0,Transfer Bank,Tidak,Tidak,0.9,3,5.0,2025-12-15,Indonesia,1
PLG-12663,33.0,Perempuan,Jakarta,Standar,30,Bulanan,14,431,5855.0,Kartu Kredit,Tidak,Ya,1.3,1,8.0,2025-04-20,Indonesia,0
PLG-12665,50.0,Laki-laki,Jakarta,Basic,10,Bulanan,5,198,969.0,E-Wallet,Tidak,Tidak,1.1,1,9.0,2026-01-26,Indonesia,0
PLG-12667,32.0,Perempuan,Surabaya,Basic,10,Tahunan,28,177,4738.0,Transfer Bank,Tidak,Tidak,0.7,1,7.0,2024-02-07,Indonesia,0
PLG-12668,28.0,Laki-laki,Yogyakarta,Standar,30,Tahunan,11,335,3636.0,Transfer Bank,Tidak,Tidak,0.9,0,8.0,2025-07-24,Indonesia,0
PLG-12668,28.0,Laki-laki,Yogyakarta,Standar,30,Tahunan,11,335,3636.0,Transfer Bank,Tidak,Tidak,0.9,0,8.0,2025-07-24,Indonesia,0
PLG-12669,45.0,Laki-laki,Surabaya,Standar,30,Tahunan,10,318,3333.0,Transfer Bank,Tidak,Tidak,0.2,0,9.0,2025-08-09,Indonesia,0
PLG-12672,35.0,Laki-laki,Jakarta,Premium,100,Bulanan,9,629,5862.0,E-Wallet,Tidak,Ya,0.8,2,4.0,2025-09-13,Indonesia,1
PLG-12673,46.0,Laki-laki,Medan,Basic,10,Bulanan,12,263,3045.0,E-Wallet,Tidak,Ya,0.7,0,8.0,2025-06-05,Indonesia,0
PLG-12675,41.0,Laki-laki,Semarang,Basic,10,Bulanan,25,205,4964.0,Transfer Bank,Tidak,Tidak,0.2,1,5.0,2024-05-23,Indonesia,0
PLG-12676,,Perempuan,YOGYAKARTA,Basic,10,Bulanan,19,193,3715.0,E-Wallet,Ya,Tidak,0.7,0,10.0,2024-11-12,Indonesia,0
PLG-12677,26.0,Perempuan,Surabaya,Premium,100,Tahunan,9,549,4794.0,Minimarket,Tidak,Tidak,1.0,2,8.0,2025-09-10,Indonesia,0
PLG-12678,41.0,Perempuan,Yogyakarta,Basic,10,Bulanan,8,188,,E-Wallet,Ya,Tidak,3.0,0,6.0,2025-10-26,Indonesia,0
PLG-12679,46.0,Perempuan,Bandung,Basic,10,Tahunan,34,201,6679.0,Transfer Bank,Ya,Tidak,1.1,1,7.0,2023-08-08,Indonesia,0
PLG-12680,25.0,Perempuan,Makassar,Basic,10,Tahunan,11,198,2263.0,Transfer Bank,Ya,Tidak,2.4,0,5.0,2025-07-04,Indonesia,0
PLG-12682,37.0,Laki-laki,Medan,Basic,10,2 Tahun,72,278,19057.0,Transfer Bank,Tidak,Ya,1.5,3,8.0,2020-06-04,Indonesia,0
PLG-12683,28.0,Laki-laki,Jakarta,Premium,100,2 Tahun,50,544,27084.0,Minimarket,Tidak,Tidak,1.5,0,8.0,2022-04-23,Indonesia,0
PLG-12684,27.0,Perempuan,Bandung,Premium,100,2 Tahun,31,541,17106.0,Transfer Bank,Ya,Tidak,1.7,0,7.0,2023-11-18,Indonesia,0
PLG-12687,38.0,Perempuan,Bandung,Basic,10,Bulanan,39,203,7761.0,Kartu Kredit,Ya,Tidak,2.7,1,7.0,2023-03-23,Indonesia,0
PLG-12689,57.0,Laki-laki,DENPASAR,Standar,30,Tahunan,21,403,8681.0,Kartu Kredit,Ya,Ya,0.6,1,8.0,2024-09-08,Indonesia,0
PLG-12690,45.0,Perempuan,Surabaya,Basic,10,Bulanan,8,197,1588.0,Kartu Kredit,Ya,Tidak,0.2,0,9.0,2025-10-18,Indonesia,0
PLG-12692,45.0,Perempuan,Medan,Basic,10,Tahunan,16,182,3057.0,Kartu Kredit,Ya,Tidak,1.6,0,7.0,2025-02-25,Indonesia,0
PLG-12693,,Laki-laki,Makassar,Basic,10,Tahunan,21,175,3631.0,Kartu Kredit,Ya,Tidak,3.6,4,5.0,2024-09-03,Indonesia,0
PLG-12694,30.0,Perempuan,Yogyakarta,Standar,30,2 Tahun,31,327,10431.0,Transfer Bank,Tidak,Tidak,1.5,0,8.0,2023-11-15,Indonesia,0
PLG-12696,42.0,Perempuan,Denpasar,Basic,10,Tahunan,50,203,10419.0,Transfer Bank,Ya,Tidak,2.2,0,7.0,2022-04-26,Indonesia,0
PLG-12697,32.0,Perempuan,Yogyakarta,Standar,30,2 Tahun,72,343,23776.0,E-Wallet,Tidak,Tidak,0.9,1,8.0,2020-06-20,Indonesia,0
PLG-12698,36.0,Perempuan,Medan,Standar,30,Bulanan,7,345,2358.0,Transfer Bank,Tidak,Tidak,2.2,0,,2025-11-28,Indonesia,1
PLG-12699,48.0,Laki-laki,Bandung,Standar,30,Bulanan,8,405,3229.0,E-Wallet,Tidak,Ya,1.0,1,6.0,2025-10-05,Indonesia,1
PLG-12702,46.0,Perempuan,Semarang,Standar,30,Tahunan,15,331,4839.0,Transfer Bank,Ya,Tidak,2.7,1,5.0,2025-03-13,Indonesia,0
PLG-12703,39.0,Laki-laki,Medan,Premium,100,Bulanan,41,546,22597.0,Transfer Bank,Tidak,Tidak,1.6,2,5.0,2023-01-13,Indonesia,1
PLG-12704,24.0,Laki-laki,semarang,Standar,30,Tahunan,45,416,18432.0,Kartu Kredit,Tidak,Ya,4.3,0,6.0,2022-09-25,Indonesia,0
PLG-12706,50.0,Perempuan,Denpasar,Standar,30,Bulanan,9,319,2953.0,Transfer Bank,Tidak,Tidak,1.7,0,10.0,2025-09-05,Indonesia,0
PLG-12707,44.0,Laki-laki,Bandung,Premium,100,Bulanan,4,640,,E-Wallet,Tidak,Ya,4.1,0,6.0,2026-02-19,Indonesia,1
PLG-12708,42.0,Perempuan,Jakarta,Premium,100,Bulanan,10,540,5214.0,E-Wallet,Ya,Tidak,1.2,2,6.0,2025-08-19,Indonesia,1
PLG-12709,18.0,Laki-laki,Semarang,Basic,10,2 Tahun,72,286,21385.0,Kartu Kredit,Ya,Ya,1.7,1,6.0,2020-06-07,Indonesia,0
PLG-12710,39.0,Laki-laki,Yogyakarta,Premium,100,Bulanan,9,537,4643.0,Transfer Bank,Tidak,Tidak,2.4,2,4.0,2025-09-25,Indonesia,1
PLG-12711,18.0,Laki-laki,Bandung,Standar,30,Bulanan,15,407,6313.0,Transfer Bank,Tidak,Ya,0.2,0,7.0,2025-03-25,Indonesia,1
PLG-12712,49.0,Perempuan,Jakarta,Basic,10,Bulanan,7,181,1274.0,E-Wallet,Ya,Tidak,1.0,2,7.0,2025-11-10,Indonesia,0
PLG-12713,57.0,Laki-laki,Jakarta,Premium,100,Tahunan,23,537,12584.0,Transfer Bank,Tidak,Tidak,1.0,1,7.0,2024-07-15,Indonesia,0
PLG-12714,51.0,Perempuan,Denpasar,Standar,30,Tahunan,30,316,9148.0,Transfer Bank,Ya,Tidak,1.6,2,,2023-12-22,Indonesia,0
PLG-12716,56.0,Laki-laki,Jakarta,Standar,30,Tahunan,13,397,5373.0,Transfer Bank,Ya,Ya,3.0,0,8.0,2025-05-19,Indonesia,0
PLG-12718,49.0,Laki-laki,Bandung,Standar,30,Bulanan,17,420,7262.0,Kartu Kredit,Ya,Ya,0.5,0,8.0,2025-01-10,Indonesia,0
PLG-12719,45.0,Perempuan,Makassar,Basic,10,Tahunan,41,196,7866.0,Transfer Bank,Tidak,Tidak,1.4,0,8.0,2023-01-07,Indonesia,0
PLG-12720,40.0,Perempuan,Semarang,Premium,100,Bulanan,15,632,9456.0,Transfer Bank,Tidak,Ya,0.4,0,,2025-03-18,Indonesia,1
PLG-12722,25.0,Perempuan,Medan,Standar,30,2 Tahun,20,423,8604.0,Transfer Bank,Ya,Ya,1.3,1,6.0,2024-10-13,Indonesia,0
PLG-12724,55.0,Laki-laki,Bandung,Standar,30,Tahunan,16,394,,E-Wallet,Tidak,Ya,0.8,0,6.0,2025-02-18,Indonesia,0
PLG-12725,39.0,Perempuan,Makassar,Premium,100,Bulanan,17,541,9506.0,Minimarket,Tidak,Tidak,2.1,2,,2025-01-24,Indonesia,1
PLG-12726,44.0,Laki-laki,Jakarta,Premium,100,Bulanan,29,547,16027.0,E-Wallet,Ya,Tidak,2.5,5,5.0,2024-01-05,Indonesia,1
PLG-12727,53.0,Perempuan,Makassar,Premium,100,Tahunan,26,536,14583.0,Kartu Kredit,Tidak,Tidak,6.2,2,2.0,2024-04-16,Indonesia,1
PLG-12728,25.0,Perempuan,Medan,Basic,10,Tahunan,31,204,6607.0,Transfer Bank,Ya,Tidak,2.2,1,7.0,2023-11-04,Indonesia,0
PLG-12729,33.0,Perempuan,Yogyakarta,Standar,30,Tahunan,24,412,9785.0,,Ya,Ya,2.1,2,8.0,2024-06-08,Indonesia,0
PLG-12731,65.0,Perempuan,Yogyakarta,Premium,100,2 Tahun,41,620,24738.0,E-Wallet,Tidak,Ya,1.6,2,5.0,2023-01-16,Indonesia,0
PLG-12733,22.0,Laki-laki,Semarang,Standar,30,Bulanan,10,329,3220.0,Minimarket,Tidak,Tidak,0.7,0,8.0,2025-08-03,Indonesia,1
PLG-12734,64.0,Perempuan,Medan,Basic,10,Tahunan,17,299,5099.0,Kartu Kredit,Ya,Ya,1.5,1,4.0,2025-01-13,Indonesia,0
PLG-12735,28.0,Perempuan,Surabaya,Basic,10,Bulanan,6,305,1824.0,Minimarket,Tidak,Ya,0.3,0,9.0,2025-12-27,Indonesia,0
PLG-12736,51.0,Perempuan,Jakarta,Basic,10,Bulanan,25,294,7102.0,Transfer Bank,Tidak,Ya,1.8,0,7.0,2024-05-28,Indonesia,0
PLG-12737,45.0,Perempuan,Bandung,Standar,30,Tahunan,1,406,407.0,E-Wallet,Tidak,Ya,3.7,2,5.0,2026-05-23,Indonesia,1
PLG-12739,39.0,Perempuan,Jakarta,Basic,10,2 Tahun,19,179,3461.0,Transfer Bank,Tidak,Tidak,1.8,2,3.0,2024-11-12,Indonesia,0
PLG-12740,29.0,Perempuan,Surabaya,Premium,100,2 Tahun,20,578,11697.0,Transfer Bank,Ya,Tidak,0.1,0,5.0,2024-10-26,Indonesia,0
PLG-12741,18.0,Perempuan,Jakarta,Premium,100,Tahunan,33,642,21255.0,,Tidak,Ya,1.7,0,7.0,2023-09-05,Indonesia,0
PLG-12742,35.0,Perempuan,Semarang,Standar,30,Bulanan,28,331,9656.0,E-Wallet,Tidak,Tidak,1.8,1,4.0,2024-02-08,Indonesia,0
PLG-12743,30.0,Laki-laki,Bandung,Basic,10,2 Tahun,58,199,11573.0,Transfer Bank,Tidak,Tidak,4.9,2,6.0,2021-08-26,Indonesia,0
PLG-12746,31.0,Laki-laki,Jakarta,Standar,30,Bulanan,8,320,2683.0,Transfer Bank,Tidak,Tidak,0.4,0,8.0,2025-10-04,Indonesia,0
PLG-12748,,Laki-laki,Surabaya,Basic,10,Bulanan,18,185,3490.0,Kartu Kredit,Ya,Tidak,0.4,1,4.0,2024-12-18,Indonesia,0
PLG-12749,36.0,Laki-laki,Bandung,Basic,10,Bulanan,6,273,1605.0,Kartu Kredit,Tidak,Ya,3.0,3,6.0,2025-12-12,Indonesia,1
PLG-12751,,Laki-laki,Jakarta,Basic,10,2 Tahun,49,201,10314.0,E-Wallet,Ya,Tidak,1.1,3,4.0,2022-05-05,Indonesia,0
PLG-12752,35.0,Perempuan,Yogyakarta,Basic,10,Tahunan,9,194,1803.0,E-Wallet,Tidak,Tidak,2.7,5,5.0,2025-09-26,Indonesia,1
PLG-12754,48.0,Laki-laki,Makassar,Premium,100,Bulanan,23,540,11983.0,E-Wallet,Tidak,Tidak,2.3,2,5.0,2024-07-18,Indonesia,1
PLG-12755,150.0,Laki-laki,Jakarta,Standar,30,Tahunan,7,408,2881.0,Transfer Bank,Ya,Ya,1.7,5,5.0,2025-11-14,Indonesia,1
PLG-12757,35.0,Perempuan,Jakarta,Premium,100,Tahunan,28,630,16826.0,Transfer Bank,Tidak,Ya,0.5,0,8.0,2024-02-09,Indonesia,0
PLG-12759,42.0,Perempuan,Bandung,Standar,30,2 Tahun,51,312,15120.0,E-Wallet,Tidak,Tidak,0.6,0,6.0,2022-03-29,Indonesia,0
PLG-12760,30.0,Laki-laki,Yogyakarta,Basic,10,Bulanan,15,205,2954.0,Minimarket,Tidak,Tidak,4.9,1,,2025-03-07,Indonesia,1
PLG-12761,49.0,Laki-laki,Surabaya,Premium,100,Bulanan,2,545,1105.0,Transfer Bank,Ya,Tidak,0.9,1,7.0,2026-04-29,Indonesia,1
PLG-12763,19.0,Perempuan,Bandung,Basic,10,Bulanan,4,191,748.0,Minimarket,Tidak,Tidak,0.8,0,7.0,2026-02-23,Indonesia,0
PLG-12764,32.0,Laki-laki,Jakarta,Basic,10,2 Tahun,41,206,8174.0,E-Wallet,Tidak,Tidak,0.4,0,7.0,2023-01-24,Indonesia,0
PLG-12766,49.0,Laki-laki,Jakarta,Basic,10,2 Tahun,71,282,20232.0,E-Wallet,Tidak,Ya,3.9,0,8.0,2020-07-26,Indonesia,0
PLG-12767,41.0,Laki-laki,Bandung,Basic,10,2 Tahun,53,264,13768.0,Kartu Kredit,Ya,Ya,0.5,1,6.0,2022-01-08,Indonesia,0
PLG-12768,21.0,Perempuan,Yogyakarta,Standar,30,Tahunan,10,413,4187.0,E-Wallet,Ya,Ya,1.8,2,,2025-08-18,Indonesia,1
PLG-12769,38.0,Laki-laki,Jakarta,Premium,100,Bulanan,7,554,3900.0,Transfer Bank,Tidak,Tidak,2.2,0,9.0,2025-11-14,Indonesia,1
PLG-12770,51.0,Perempuan,Semarang,Standar,30,Tahunan,47,323,15526.0,Kartu Kredit,Ya,Tidak,1.1,0,8.0,2022-07-15,Indonesia,0
PLG-12772,,Laki-laki,Surabaya,Standar,30,2 Tahun,45,414,18234.0,Transfer Bank,Ya,Ya,2.5,1,8.0,2022-09-24,Indonesia,0
PLG-12774,40.0,Laki-laki,Yogyakarta,Standar,30,2 Tahun,17,392,6556.0,Kartu Kredit,Ya,Ya,0.8,1,5.0,2025-01-28,Indonesia,0
PLG-12775,37.0,Perempuan,Surabaya,Basic,10,Bulanan,8,205,1631.0,Transfer Bank,Ya,Tidak,2.1,3,6.0,2025-10-15,Indonesia,1
PLG-12777,40.0,Perempuan,Bandung,Standar,30,Tahunan,48,430,19959.0,Transfer Bank,Tidak,Ya,1.6,2,8.0,2022-06-30,Indonesia,0
PLG-12778,42.0,Perempuan,Surabaya,Standar,30,2 Tahun,71,320,23363.0,Minimarket,Tidak,Tidak,0.8,0,10.0,2020-07-30,Indonesia,0
PLG-12779,37.0,Laki-laki,Yogyakarta,Standar,30,Bulanan,3,308,899.0,Transfer Bank,Tidak,Tidak,1.0,1,8.0,2026-03-28,Indonesia,1
PLG-12781,30.0,Laki-laki,Surabaya ,Basic,10,Bulanan,5,206,984.0,E-Wallet,Ya,Tidak,0.4,0,9.0,2026-01-19,Indonesia,0
PLG-12782,30.0,Perempuan,Bandung,Standar,30,Tahunan,34,397,13833.0,Kartu Kredit,Ya,Ya,3.5,1,6.0,2023-08-28,Indonesia,0
PLG-12784,47.0,Perempuan,Jakarta,Basic,10,Tahunan,20,190,3723.0,,Tidak,Tidak,2.5,3,4.0,2024-10-10,Indonesia,0
PLG-12786,40.0,Perempuan,Denpasar,Premium,100,Bulanan,7,636,4328.0,E-Wallet,Tidak,Ya,0.8,0,6.0,2025-11-14,Indonesia,0
PLG-12787,31.0,Perempuan,Semarang ,Basic,10,Tahunan,46,196,9224.0,Minimarket,Tidak,Tidak,2.1,0,9.0,2022-08-26,Indonesia,0
PLG-12788,28.0,Laki-laki,Jakarta,Basic,10,Bulanan,4,259,1079.0,Kartu Kredit,Ya,Ya,0.3,1,6.0,2026-02-19,Indonesia,0
PLG-12789,32.0,Perempuan,Bandung,Basic,10,Bulanan,10,271,2626.0,E-Wallet,Tidak,Ya,1.9,2,5.0,2025-08-23,Indonesia,0
PLG-12790,36.0,Laki-laki,Surabaya,Basic,10,2 Tahun,18,272,4739.0,E-Wallet,Tidak,Ya,3.5,4,5.0,2024-12-20,Indonesia,0
PLG-12791,19.0,Laki-laki,Jakarta,Standar,30,Bulanan,13,332,4496.0,Transfer Bank,Tidak,Tidak,2.5,2,4.0,2025-05-05,Indonesia,1
PLG-12792,18.0,Laki-laki,Semarang,Standar,30,Tahunan,2,418,823.0,Minimarket,Tidak,Ya,0.3,0,8.0,2026-04-07,Indonesia,0
PLG-12793,39.0,Perempuan,Denpasar,Basic,10,Bulanan,1,270,265.0,Transfer Bank,Ya,Ya,1.3,0,10.0,2026-05-14,Indonesia,0
PLG-12794,27.0,Laki-laki,Semarang,Standar,30,Bulanan,4,324,1278.0,E-Wallet,Tidak,Tidak,0.2,1,7.0,2026-02-06,Indonesia,0
PLG-12795,37.0,Laki-laki,Makassar,Basic,10,2 Tahun,72,285,21394.0,Transfer Bank,Tidak,Ya,1.6,1,7.0,2020-06-24,Indonesia,0
PLG-12796,49.0,Laki-laki,Jakarta,Premium,100,Tahunan,23,562,12624.0,,Ya,Tidak,0.5,1,6.0,2024-07-05,Indonesia,0
PLG-12798,29.0,Perempuan,Medan,Basic,10,Bulanan,12,192,2411.0,Transfer Bank,Tidak,Tidak,0.6,0,7.0,2025-06-14,Indonesia,0
PLG-12801,36.0,Laki-laki,Jakarta,Basic,10,Tahunan,20,276,5551.0,E-Wallet,Tidak,Ya,0.8,0,5.0,2024-10-25,Indonesia,0
PLG-12802,32.0,Perempuan,Surabaya,Premium,100,Bulanan,5,547,2833.0,E-Wallet,Tidak,Tidak,1.1,2,8.0,2026-01-13,Indonesia,1
PLG-12803,55.0,Laki-laki,Medan,Standar,30,Bulanan,22,420,9138.0,E-Wallet,Tidak,Ya,2.0,1,6.0,2024-08-22,Indonesia,1
PLG-12804,40.0,Laki-laki,jakarta,Standar,30,2 Tahun,2,338,648.0,Minimarket,Tidak,Tidak,0.1,1,5.0,2026-04-15,Indonesia,0
PLG-12805,36.0,Laki-laki,Denpasar,Premium,100,Bulanan,46,546,25785.0,Transfer Bank,Tidak,Tidak,1.0,2,8.0,2022-08-27,Indonesia,1
PLG-12807,38.0,Perempuan,Bandung,Basic,10,Tahunan,12,218,2543.0,Minimarket,Tidak,Tidak,2.3,1,7.0,2025-06-07,Indonesia,1
PLG-12809,31.0,Perempuan,Denpasar,Basic,10,Tahunan,60,213,13246.0,Minimarket,Tidak,Tidak,4.6,4,3.0,2021-06-19,Indonesia,0
PLG-12810,28.0,Laki-laki,Surabaya,Standar,30,Bulanan,4,339,,Minimarket,Tidak,Tidak,1.0,1,,2026-02-07,Indonesia,1
PLG-12812,29.0,Laki-laki,Yogyakarta,Standar,30,Bulanan,17,330,5839.0,Kartu Kredit,Ya,Tidak,1.6,1,6.0,2025-01-11,Indonesia,0
PLG-12813,44.0,Laki-laki,Surabaya,Standar,30,Bulanan,5,435,2249.0,Kartu Kredit,Tidak,Ya,0.7,0,9.0,2026-01-22,Indonesia,0
PLG-12814,19.0,Laki-laki,Semarang,Basic,10,Tahunan,24,295,7429.0,Transfer Bank,Tidak,Ya,2.7,3,4.0,2024-06-26,Indonesia,1
PLG-12815,34.0,Perempuan,Jakarta,Standar,30,Tahunan,15,394,5793.0,E-Wallet,Tidak,Ya,1.0,1,6.0,2025-03-18,Indonesia,0
PLG-12819,49.0,Laki-laki,denpasar,Basic,10,Bulanan,17,202,3469.0,E-Wallet,Tidak,Tidak,3.2,1,3.0,2025-01-10,Indonesia,1
PLG-12820,41.0,Perempuan,Yogyakarta,Basic,10,2 Tahun,51,199,9845.0,,Tidak,Tidak,1.8,2,7.0,2022-03-31,Indonesia,0
PLG-12823,33.0,Perempuan,Jakarta,Standar,30,Tahunan,22,306,6694.0,Transfer Bank,Tidak,Tidak,1.6,1,6.0,2024-08-23,Indonesia,0
PLG-12824,26.0,Perempuan,Medan,Standar,30,Tahunan,18,398,7318.0,Minimarket,Tidak,Ya,1.1,1,6.0,2024-12-16,Indonesia,0
PLG-12825,40.0,Laki-laki,Jakarta,Standar,30,Bulanan,9,425,3643.0,Minimarket,Tidak,Ya,0.8,0,7.0,2025-09-12,Indonesia,1
PLG-12826,30.0,Laki-laki,Jakarta,Basic,10,Bulanan,11,199,2250.0,Transfer Bank,Tidak,Tidak,1.9,0,,2025-07-20,Indonesia,0
PLG-12827,34.0,Laki-laki,Jakarta,Basic,10,Bulanan,1,292,282.0,Kartu Kredit,Ya,Ya,1.5,1,7.0,2026-05-13,Indonesia,0
PLG-12829,20.0,Perempuan,Denpasar,Basic,10,2 Tahun,8,210,1678.0,Kartu Kredit,Ya,Tidak,3.6,1,,2025-10-05,Indonesia,0
PLG-12830,30.0,Laki-laki,Makassar,Basic,10,Bulanan,6,278,1691.0,Minimarket,Tidak,Ya,6.1,5,,2025-12-21,Indonesia,1
PLG-12831,34.0,Perempuan,Jakarta,Standar,30,2 Tahun,46,344,16397.0,Transfer Bank,Tidak,Tidak,4.7,3,3.0,2022-08-30,Indonesia,0
PLG-12832,29.0,Perempuan,Jakarta,Standar,30,Bulanan,28,435,12133.0,Transfer Bank,Ya,Ya,3.8,5,5.0,2024-02-13,Indonesia,1
PLG-12833,60.0,Perempuan,Jakarta,Basic,10,Bulanan,9,203,1888.0,Minimarket,Tidak,Tidak,1.2,0,5.0,2025-09-15,Indonesia,0
PLG-12834,31.0,Laki-laki,Yogyakarta,Premium,100,Bulanan,6,550,3267.0,E-Wallet,Tidak,Tidak,3.0,3,2.0,2025-12-22,Indonesia,1
PLG-12835,25.0,Perempuan,Jakarta,Standar,30,Bulanan,17,346,5721.0,,Ya,Tidak,1.2,0,9.0,2025-01-04,Indonesia,0
PLG-12836,20.0,Perempuan,denpasar,Premium,100,2 Tahun,72,536,38427.0,E-Wallet,Tidak,Tidak,0.8,0,5.0,2020-06-13,Indonesia,0
PLG-12838,35.0,Perempuan,Semarang,Basic,10,2 Tahun,31,287,8597.0,Kartu Kredit,Ya,Ya,4.3,2,3.0,2023-11-12,Indonesia,0
PLG-12839,42.0,Perempuan,Bandung,Basic,10,Bulanan,1,180,171.0,Kartu Kredit,Ya,Tidak,0.6,0,7.0,2026-05-19,Indonesia,0
PLG-12840,43.0,Perempuan,Jakarta,Standar,30,2 Tahun,30,319,9217.0,E-Wallet,Ya,Tidak,2.5,2,7.0,2023-12-28,Indonesia,0
PLG-12842,35.0,Perempuan,Jakarta,Standar,30,Tahunan,40,341,13057.0,E-Wallet,Tidak,Tidak,1.9,3,6.0,2023-02-08,Indonesia,0
PLG-12844,31.0,Laki-laki,Denpasar,Basic,10,Bulanan,3,187,,E-Wallet,Tidak,Tidak,0.2,1,10.0,2026-03-26,Indonesia,0
PLG-12845,32.0,Perempuan,Bandung,Basic,10,2 Tahun,12,290,3449.0,Kartu Kredit,Tidak,Ya,1.5,2,9.0,2025-06-19,Indonesia,0
PLG-12846,26.0,Perempuan,Jakarta,Basic,10,Tahunan,49,194,9219.0,,Tidak,Tidak,1.6,1,7.0,2022-05-05,Indonesia,0
PLG-12847,27.0,Perempuan,Surabaya,Standar,30,Tahunan,28,331,8806.0,Minimarket,Tidak,Tidak,0.4,0,8.0,2024-02-25,Indonesia,0
PLG-12851,18.0,Laki-laki,Medan,Standar,30,Bulanan,7,327,2274.0,Kartu Kredit,Ya,Tidak,2.8,0,5.0,2025-11-14,Indonesia,1
PLG-12852,45.0,Laki-laki,Yogyakarta,Premium,100,Bulanan,18,528,9766.0,Kartu Kredit,Ya,Tidak,3.3,2,8.0,2024-12-06,Indonesia,1
PLG-12853,31.0,Perempuan,Jakarta,Basic,10,Bulanan,10,208,2020.0,Transfer Bank,Tidak,Tidak,0.6,0,6.0,2025-08-20,Indonesia,1
PLG-12854,39.0,Perempuan,Surabaya,Standar,30,Bulanan,17,403,7088.0,E-Wallet,Tidak,Ya,2.8,0,8.0,2025-01-28,Indonesia,0
PLG-12856,30.0,Laki-laki,Surabaya,Basic,10,2 Tahun,53,198,10944.0,Minimarket,Tidak,Tidak,1.0,0,5.0,2022-01-26,Indonesia,0
PLG-12858,47.0,Perempuan,Jakarta,Standar,30,Tahunan,29,439,12573.0,Minimarket,Tidak,Ya,1.2,1,7.0,2024-01-06,Indonesia,0
PLG-12860,24.0,Perempuan,Surabaya,Basic,10,Tahunan,28,221,5960.0,E-Wallet,Ya,Tidak,1.2,1,8.0,2024-02-07,Indonesia,0
PLG-12861,28.0,Perempuan,Surabaya,Standar,30,2 Tahun,70,415,27947.0,E-Wallet,Tidak,Ya,0.9,1,7.0,2020-08-05,Indonesia,0
PLG-12862,41.0,Laki-laki,Jakarta,Standar,30,Bulanan,26,321,8497.0,Kartu Kredit,Tidak,Tidak,3.6,2,5.0,2024-04-25,Indonesia,1
PLG-12863,41.0,Laki-laki,Medan,Standar,30,Bulanan,29,327,9778.0,E-Wallet,Tidak,Tidak,3.8,3,3.0,2024-01-08,Indonesia,1
PLG-12864,18.0,Laki-laki,Denpasar,Standar,30,2 Tahun,6,299,1812.0,E-Wallet,Tidak,Tidak,1.7,1,5.0,2025-12-20,Indonesia,0
PLG-12865,41.0,Perempuan,Semarang,Premium,100,Tahunan,25,627,15975.0,Minimarket,Tidak,Ya,1.6,1,5.0,2024-05-10,Indonesia,0
PLG-12866,18.0,Perempuan,Yogyakarta,Standar,30,2 Tahun,25,338,8225.0,,Tidak,Tidak,2.0,1,7.0,2024-05-14,Indonesia,0
PLG-12867,32.0,Perempuan,Jakarta,Basic,10,2 Tahun,9,212,1865.0,Transfer Bank,Tidak,Tidak,2.1,1,5.0,2025-09-09,Indonesia,0
PLG-12868,30.0,Laki-laki,Surabaya,Basic,10,Bulanan,20,288,5555.0,E-Wallet,Tidak,Ya,3.0,4,3.0,2024-10-02,Indonesia,1
PLG-12869,34.0,Perempuan,Semarang,Standar,30,Bulanan,11,330,,Transfer Bank,Ya,Tidak,1.8,2,9.0,2025-07-18,Indonesia,0
PLG-12870,35.0,Laki-laki,Makassar,Standar,30,Bulanan,10,329,3131.0,Transfer Bank,Ya,Tidak,1.2,1,6.0,2025-08-05,Indonesia,0
PLG-12871,34.0,Laki-laki,Jakarta,Premium,100,2 Tahun,72,544,40306.0,Minimarket,Tidak,Tidak,1.6,0,9.0,2020-06-12,Indonesia,0
PLG-12872,50.0,Perempuan,Bandung,Standar,30,Bulanan,4,400,1609.0,E-Wallet,Ya,Ya,1.8,5,5.0,2026-02-17,Indonesia,1
PLG-12873,53.0,Perempuan,Bandung,Standar,30,Bulanan,3,343,984.0,Kartu Kredit,Ya,Tidak,0.9,1,9.0,2026-03-12,Indonesia,0
PLG-12875,53.0,Perempuan,Surabaya,Standar,30,2 Tahun,36,331,11461.0,Minimarket,Tidak,Tidak,2.7,1,7.0,2023-06-22,Indonesia,0
PLG-12876,22.0,Laki-laki,Surabaya,Standar,30,Bulanan,8,338,2806.0,Transfer Bank,Tidak,Tidak,0.1,0,10.0,2025-10-17,Indonesia,0
PLG-12877,,Perempuan,Jakarta,Basic,10,Tahunan,12,210,2583.0,Minimarket,Tidak,Tidak,1.1,1,6.0,2025-06-28,Indonesia,0
PLG-12878,39.0,Perempuan,Jakarta,Basic,10,Bulanan,16,196,3268.0,Transfer Bank,Tidak,Tidak,1.5,1,9.0,2025-02-19,Indonesia,0
PLG-12880,23.0,Perempuan,Bandung,Standar,30,Tahunan,52,362,19152.0,Minimarket,Tidak,Tidak,0.0,0,7.0,2022-02-03,Indonesia,0
PLG-12885,27.0,Laki-laki,Bandung,Standar,30,Bulanan,5,317,1510.0,E-Wallet,Ya,Tidak,0.5,0,10.0,2026-01-11,Indonesia,0
PLG-12886,45.0,Perempuan,Bandung,Standar,30,Tahunan,16,325,5054.0,Minimarket,Tidak,Tidak,0.2,0,7.0,2025-02-07,Indonesia,0
PLG-12887,58.0,Perempuan,Semarang,Basic,10,2 Tahun,27,200,5358.0,E-Wallet,Ya,Tidak,1.7,0,6.0,2024-03-29,Indonesia,0
PLG-12888,39.0,Laki-laki,Jakarta,Standar,30,Bulanan,13,329,4169.0,Transfer Bank,Ya,Tidak,2.4,1,7.0,2025-05-10,Indonesia,1
PLG-12889,18.0,Laki-laki,Bandung,Basic,10,Tahunan,11,207,2244.0,Transfer Bank,Tidak,Tidak,0.4,2,7.0,2025-07-14,Indonesia,0
PLG-12892,52.0,Perempuan,Jakarta,Premium,100,Bulanan,15,545,8089.0,Transfer Bank,Tidak,Tidak,1.1,0,8.0,2025-03-26,Indonesia,0
PLG-12893,59.0,Perempuan,Semarang,Basic,10,Tahunan,8,191,1502.0,E-Wallet,Tidak,Tidak,4.6,1,8.0,2025-10-02,Indonesia,0
PLG-12894,35.0,Laki-laki,Yogyakarta,Basic,10,Bulanan,34,202,6749.0,E-Wallet,Tidak,Tidak,3.2,2,5.0,2023-08-09,Indonesia,0
PLG-12895,28.0,Perempuan,Medan,Standar,30,2 Tahun,72,327,23270.0,Minimarket,Tidak,Tidak,4.9,1,7.0,2020-06-19,Indonesia,0
PLG-12897,55.0,Laki-laki,Denpasar,Standar,30,Tahunan,33,336,10675.0,Minimarket,Tidak,Tidak,0.5,0,7.0,2023-09-05,Indonesia,0
PLG-12899,18.0,Perempuan,Denpasar,Standar,30,Bulanan,14,327,4620.0,Transfer Bank,Ya,Tidak,0.8,2,5.0,2025-04-03,Indonesia,1
PLG-12900,33.0,Laki-laki,Bandung,Standar,30,2 Tahun,65,329,20866.0,Transfer Bank,Ya,Tidak,0.4,0,9.0,2021-01-20,Indonesia,0
PLG-12901,27.0,Perempuan,Semarang,Basic,10,Bulanan,12,206,2367.0,E-Wallet,Ya,Tidak,1.5,1,8.0,2025-06-29,Indonesia,0
PLG-12902,36.0,Perempuan,Medan,Basic,10,Bulanan,5,275,1322.0,Transfer Bank,Tidak,Ya,2.2,1,7.0,2026-01-17,Indonesia,0
PLG-12903,40.0,Perempuan,Jakarta,Basic,10,Bulanan,5,182,906.0,E-Wallet,Tidak,Tidak,0.5,0,8.0,2026-01-23,Indonesia,0
PLG-12904,45.0,Perempuan,Semarang,Standar,30,Bulanan,35,332,12129.0,E-Wallet,Tidak,Tidak,1.4,2,6.0,2023-07-08,Indonesia,1
PLG-12905,47.0,Laki-laki,Makassar,Standar,30,Bulanan,6,398,2324.0,Transfer Bank,Ya,Ya,0.8,1,9.0,2025-12-09,Indonesia,0
PLG-12907,45.0,Laki-laki,Denpasar,Basic,10,Bulanan,7,207,1450.0,Transfer Bank,Ya,Tidak,0.6,1,10.0,2025-11-03,Indonesia,0
PLG-12908,37.0,Laki-laki,Surabaya,Standar,30,Tahunan,30,330,10150.0,Minimarket,Tidak,Tidak,0.7,1,6.0,2023-12-14,Indonesia,0
PLG-12910,42.0,Laki-laki,Makassar,Standar,30,Tahunan,26,314,7805.0,E-Wallet,Ya,Tidak,1.0,1,,2024-04-29,Indonesia,0
PLG-12912,36.0,Laki-laki,Bandung,Basic,10,Bulanan,10,202,2109.0,Transfer Bank,Tidak,Tidak,3.6,3,6.0,2025-08-16,Indonesia,1
PLG-12913,34.0,Perempuan,Jakarta,Standar,30,Bulanan,12,348,4370.0,E-Wallet,Ya,Tidak,1.2,0,4.0,2025-06-28,Indonesia,1
PLG-12914,37.0,Laki-laki,Jakarta,Standar,30,2 Tahun,7,347,2369.0,E-Wallet,Ya,Tidak,1.9,1,6.0,2025-11-29,Indonesia,0
PLG-12918,22.0,Perempuan,Jakarta,Premium,100,Bulanan,8,544,4323.0,Minimarket,Tidak,Tidak,2.7,2,7.0,2025-10-25,Indonesia,1
PLG-12920,18.0,Perempuan,Bandung,Basic,10,2 Tahun,46,182,8516.0,E-Wallet,Tidak,Tidak,2.8,1,5.0,2022-08-29,Indonesia,0
PLG-12921,35.0,Perempuan,Bandung,Basic,10,Bulanan,19,174,3398.0,E-Wallet,Tidak,Tidak,1.9,1,8.0,2024-11-14,Indonesia,0
PLG-12922,46.0,Laki-laki,Yogyakarta,Standar,30,Bulanan,23,426,10032.0,Minimarket,Tidak,Ya,1.7,2,8.0,2024-07-16,Indonesia,1
PLG-12925,25.0,Perempuan,Jakarta,Basic,10,Tahunan,27,186,5021.0,Transfer Bank,Tidak,Tidak,0.8,0,8.0,2024-03-24,Indonesia,0
PLG-12926,40.0,Perempuan,Jakarta,Premium,100,Bulanan,7,568,4132.0,Transfer Bank,Tidak,Tidak,0.2,0,10.0,2025-11-14,Indonesia,0
PLG-12927,34.0,Perempuan,Surabaya,Basic,10,Tahunan,4,191,768.0,E-Wallet,Tidak,Tidak,1.4,3,6.0,2026-02-27,Indonesia,0
PLG-12928,51.0,Laki-laki,Medan,Standar,30,2 Tahun,23,319,6997.0,E-Wallet,Ya,Tidak,1.2,0,8.0,2024-07-23,Indonesia,0
PLG-12930,24.0,Perempuan,Surabaya,Basic,10,Bulanan,9,274,2382.0,E-Wallet,Tidak,Ya,0.9,1,8.0,2025-09-09,Indonesia,1
PLG-12931,41.0,Laki-laki,Medan,Basic,10,Bulanan,38,193,7159.0,E-Wallet,Tidak,Tidak,1.6,1,8.0,2023-04-20,Indonesia,0
PLG-12932,21.0,Laki-laki,Denpasar,Basic,10,2 Tahun,60,219,12525.0,Kartu Kredit,Ya,Tidak,1.4,0,8.0,2021-06-29,Indonesia,0
PLG-12933,38.0,Perempuan,Jakarta,Basic,10,Bulanan,11,196,2249.0,Transfer Bank,Tidak,Tidak,1.2,0,7.0,2025-07-25,Indonesia,0
PLG-12934,23.0,Laki-laki,Jakarta,Standar,30,Bulanan,11,314,3624.0,Minimarket,Tidak,Tidak,3.2,4,4.0,2025-07-29,Indonesia,1
PLG-12935,39.0,Laki-laki,Jakarta,Standar,30,Bulanan,6,330,1943.0,Transfer Bank,Tidak,Tidak,1.7,2,7.0,2025-12-21,Indonesia,1
PLG-12937,49.0,Laki-laki,Jakarta,Basic,10,Tahunan,1,186,191.0,Transfer Bank,Tidak,Tidak,0.6,1,,2026-05-19,Indonesia,1
PLG-12938,44.0,Laki-laki,Denpasar,Basic,10,Tahunan,6,180,1094.0,E-Wallet,Ya,Tidak,2.8,2,,2025-12-18,Indonesia,0
PLG-12940,34.0,Perempuan,Surabaya,Standar,30,Tahunan,17,329,5513.0,Minimarket,Tidak,Tidak,0.6,0,10.0,2025-01-07,Indonesia,0
PLG-12941,50.0,Laki-laki,Semarang,Basic,10,Tahunan,23,291,6704.0,E-Wallet,Tidak,Ya,1.6,0,7.0,2024-07-04,Indonesia,0
PLG-12942,38.0,Laki-laki,Makassar,Standar,30,Bulanan,4,319,1244.0,Transfer Bank,Tidak,Tidak,2.5,2,6.0,2026-02-04,Indonesia,1
PLG-12944,39.0,Laki-laki,Semarang,Standar,30,2 Tahun,72,311,21744.0,Minimarket,Tidak,Tidak,2.3,5,4.0,2020-06-21,Indonesia,0
PLG-12945,33.0,Laki-laki,Surabaya,Premium,100,Bulanan,12,644,7751.0,Kartu Kredit,Ya,Ya,0.7,1,7.0,2025-06-12,Indonesia,1
PLG-12947,50.0,Perempuan,Medan,Standar,30,2 Tahun,72,413,30398.0,,Tidak,Ya,0.8,1,5.0,2020-06-17,Indonesia,0
PLG-12948,25.0,Laki-laki,Makassar,Basic,10,Bulanan,11,195,2214.0,Transfer Bank,Tidak,Tidak,2.6,2,5.0,2025-07-16,Indonesia,0
PLG-12951,36.0,Laki-laki,Medan,Basic,10,Bulanan,5,269,1313.0,Transfer Bank,Tidak,Ya,4.1,1,4.0,2026-01-24,Indonesia,1
PLG-12952,29.0,Perempuan,Jakarta,Premium,100,Bulanan,9,623,5638.0,Minimarket,Tidak,Ya,0.4,1,,2025-09-17,Indonesia,1
PLG-12953,47.0,Laki-laki,Bandung,Standar,30,2 Tahun,4,387,1563.0,Transfer Bank,Ya,Ya,1.1,0,8.0,2026-02-01,Indonesia,0
PLG-12954,29.0,Perempuan,Denpasar,Basic,10,Bulanan,4,220,879.0,E-Wallet,Ya,Tidak,1.5,0,7.0,2026-02-28,Indonesia,0
PLG-12955,38.0,Laki-laki,Jakarta,Basic,10,Bulanan,7,285,2038.0,Transfer Bank,Tidak,Ya,1.5,0,7.0,2025-11-21,Indonesia,0
PLG-12956,35.0,Perempuan,Semarang,Premium,100,Tahunan,24,542,12995.0,Minimarket,Tidak,Tidak,4.6,1,6.0,2024-06-08,Indonesia,1
PLG-12958,50.0,Laki-laki,Medan,Standar,30,Bulanan,16,322,4967.0,Kartu Kredit,Ya,Tidak,0.9,0,9.0,2025-02-17,Indonesia,0
PLG-12959,50.0,Laki-laki,Jakarta,Standar,30,2 Tahun,41,402,16112.0,Transfer Bank,Tidak,Ya,2.5,0,6.0,2023-01-20,Indonesia,0
PLG-12960,48.0,Perempuan,Jakarta,Premium,100,Bulanan,14,633,8659.0,,Tidak,Ya,0.7,1,8.0,2025-04-14,Indonesia,1
PLG-12961,22.0,Laki-laki,Yogyakarta,Standar,30,Bulanan,12,428,4987.0,Kartu Kredit,Ya,Ya,0.9,0,9.0,2025-06-13,Indonesia,0
PLG-12962,37.0,Perempuan,Semarang,Standar,30,Tahunan,38,341,12574.0,Minimarket,Tidak,Tidak,3.6,3,4.0,2023-04-20,Indonesia,1
PLG-12963,40.0,Laki-laki,Bandung,Premium,100,2 Tahun,44,567,24916.0,,Ya,Tidak,1.0,0,9.0,2022-10-13,Indonesia,0
PLG-12965,48.0,Perempuan,Jakarta,Premium,100,2 Tahun,26,557,14970.0,E-Wallet,Tidak,Tidak,1.8,4,3.0,2024-04-03,Indonesia,0
PLG-12966,34.0,Laki-laki,Medan,Standar,30,Bulanan,2,327,658.0,Kartu Kredit,Ya,Tidak,0.2,0,8.0,2026-04-16,Indonesia,0
PLG-12967,42.0,Laki-laki,Makassar,Basic,10,Tahunan,7,271,1910.0,E-Wallet,Tidak,Ya,2.4,0,8.0,2025-11-18,Indonesia,0
PLG-12968,51.0,Laki-laki,Bandung,Premium,100,Bulanan,13,643,8204.0,Transfer Bank,Ya,Ya,0.9,2,6.0,2025-05-22,Indonesia,1
PLG-12969,30.0,Laki-laki,Medan,Basic,10,Tahunan,25,220,5228.0,E-Wallet,Tidak,Tidak,1.5,3,,2024-05-09,Indonesia,1
PLG-12971,36.0,Perempuan,Denpasar,Standar,30,2 Tahun,63,319,20505.0,E-Wallet,Tidak,Tidak,1.1,1,4.0,2021-03-25,Indonesia,0
PLG-12973,49.0,Laki-laki,Bandung,Premium,100,Bulanan,14,550,7922.0,Minimarket,Tidak,Tidak,0.2,0,,2025-04-24,Indonesia,0
PLG-12974,22.0,Perempuan,Jakarta,Premium,100,Bulanan,7,566,3801.0,E-Wallet,Tidak,Tidak,2.5,3,1.0,2025-11-27,Indonesia,1
PLG-12976,39.0,Perempuan,Makassar,Basic,10,Tahunan,38,190,6877.0,Minimarket,Tidak,Tidak,1.3,0,8.0,2023-04-17,Indonesia,0
PLG-12977,50.0,Perempuan,Jakarta,Basic,10,2 Tahun,2,199,410.0,E-Wallet,Tidak,Tidak,1.5,0,7.0,2026-04-22,Indonesia,0
PLG-12979,22.0,Laki-laki,Jakarta,Basic,10,Bulanan,11,212,2228.0,Minimarket,Tidak,Tidak,1.2,0,10.0,2025-07-07,Indonesia,1
PLG-12981,46.0,Laki-laki,Medan,Basic,10,Tahunan,25,181,4705.0,E-Wallet,Tidak,Tidak,4.5,3,6.0,2024-05-10,Indonesia,1
PLG-12982,25.0,Perempuan,Makassar,Premium,100,2 Tahun,9,540,4708.0,E-Wallet,Tidak,Tidak,5.1,5,2.0,2025-09-05,Indonesia,1
PLG-12983,49.0,Laki-laki,Yogyakarta,Basic,10,Tahunan,29,304,8413.0,Transfer Bank,Ya,Ya,0.7,0,8.0,2024-01-25,Indonesia,0
PLG-12984,43.0,Perempuan,Makassar,Standar,30,2 Tahun,44,318,13373.0,Transfer Bank,Tidak,Tidak,0.7,0,,2022-10-03,Indonesia,0
PLG-12985,51.0,Perempuan,Semarang,Basic,10,Bulanan,9,283,2459.0,E-Wallet,Tidak,Ya,1.2,1,8.0,2025-09-25,Indonesia,1
PLG-12988,42.0,Perempuan,Surabaya,Premium,100,Bulanan,3,535,1669.0,E-Wallet,Tidak,Tidak,0.6,2,6.0,2026-03-11,Indonesia,1
PLG-12989,44.0,Perempuan,Bandung,Basic,10,Tahunan,12,272,3152.0,Minimarket,Tidak,Ya,1.5,1,6.0,2025-06-25,Indonesia,0
PLG-12992,29.0,Laki-laki,Medan,Standar,30,2 Tahun,8,328,2704.0,Transfer Bank,Ya,Tidak,6.6,2,3.0,2025-10-15,Indonesia,1
PLG-12993,39.0,Laki-laki,Jakarta,Basic,10,2 Tahun,11,300,3402.0,Minimarket,Tidak,Ya,1.2,1,7.0,2025-07-12,Indonesia,0
PLG-12994,24.0,Laki-laki,Denpasar,Standar,30,Tahunan,24,420,10377.0,Kartu Kredit,Tidak,Ya,0.7,0,7.0,2024-06-08,Indonesia,0
PLG-12995,,Perempuan,Medan,Basic,10,Bulanan,4,207,799.0,Minimarket,Tidak,Tidak,0.7,0,10.0,2026-02-07,Indonesia,0
PLG-12996,38.0,Laki-laki,Yogyakarta,Standar,30,2 Tahun,24,415,9471.0,Kartu Kredit,Tidak,Ya,0.9,0,8.0,2024-06-20,Indonesia,0
PLG-12998,18.0,Perempuan,Denpasar,Basic,10,Bulanan,2,195,406.0,Transfer Bank,Ya,Tidak,1.8,1,7.0,2026-04-21,Indonesia,1
PLG-12999,35.0,Perempuan,Makassar,Standar,30,Bulanan,19,409,7730.0,E-Wallet,Ya,Ya,7.2,6,2.0,2024-11-19,Indonesia,1
PLG-13000,42.0,Perempuan,Semarang,Premium,100,Bulanan,12,634,7403.0,Transfer Bank,Ya,Ya,1.2,1,7.0,2025-06-08,Indonesia,1
PLG-13002,35.0,Perempuan,Makassar,Premium,100,Bulanan,3,656,1907.0,Kartu Kredit,Tidak,Ya,0.5,1,7.0,2026-03-27,Indonesia,1
PLG-13003,43.0,Perempuan,Jakarta,Basic,10,Bulanan,8,211,1646.0,E-Wallet,Tidak,Tidak,1.7,0,8.0,2025-10-29,Indonesia,1
PLG-13004,46.0,Laki-laki,Medan,Basic,10,Bulanan,5,194,1009.0,E-Wallet,Ya,Tidak,5.3,3,,2026-01-27,Indonesia,1
PLG-13004,46.0,Laki-laki,Medan,Basic,10,Bulanan,5,194,1009.0,E-Wallet,Ya,Tidak,5.3,3,,2026-01-27,Indonesia,1
PLG-13005,20.0,Laki-laki,Semarang,Premium,100,2 Tahun,57,526,29687.0,E-Wallet,Tidak,Tidak,2.2,2,7.0,2021-09-12,Indonesia,0
PLG-13005,20.0,Laki-laki,Semarang,Premium,100,2 Tahun,57,526,29687.0,E-Wallet,Tidak,Tidak,2.2,2,7.0,2021-09-12,Indonesia,0
PLG-13007,23.0,Laki-laki,Jakarta,Standar,30,Tahunan,23,391,9402.0,Minimarket,Tidak,Ya,0.8,0,7.0,2024-07-18,Indonesia,0
PLG-13010,57.0,Laki-laki,Semarang,Standar,30,2 Tahun,14,326,4434.0,Transfer Bank,Ya,Tidak,1.0,0,8.0,2025-04-22,Indonesia,0
PLG-13011,18.0,Perempuan,Yogyakarta,Basic,10,Tahunan,37,309,11952.0,E-Wallet,Tidak,Ya,2.0,1,7.0,2023-05-08,Indonesia,0
PLG-13012,35.0,Perempuan,Surabaya,Standar,30,Bulanan,2,352,717.0,Transfer Bank,Ya,Tidak,1.5,1,8.0,2026-04-23,Indonesia,0
PLG-13013,51.0,Laki-laki,Surabaya,Standar,30,Bulanan,13,326,4306.0,E-Wallet,Tidak,Tidak,2.2,0,7.0,2025-05-11,Indonesia,1
PLG-13014,35.0,Perempuan,Medan,Premium,100,Tahunan,11,551,6023.0,Transfer Bank,Tidak,Tidak,0.5,1,8.0,2025-07-05,Indonesia,0
PLG-13016,49.0,Laki-laki,Yogyakarta,Standar,30,Bulanan,15,403,5947.0,E-Wallet,Ya,Ya,4.5,3,5.0,2025-03-19,Indonesia,1
PLG-13017,,Laki-laki,Yogyakarta,Standar,30,Bulanan,10,331,3355.0,Minimarket,Tidak,Tidak,2.1,2,,2025-08-10,Indonesia,1
PLG-13021,34.0,Perempuan,Yogyakarta,Basic,10,2 Tahun,22,273,5801.0,E-Wallet,Tidak,Ya,2.0,0,7.0,2024-08-14,Indonesia,0
PLG-13022,46.0,Perempuan,Surabaya,Standar,30,Tahunan,20,457,9138.0,Transfer Bank,Ya,Ya,1.5,2,7.0,2024-10-22,Indonesia,0
PLG-13023,34.0,Perempuan,Surabaya,Standar,30,Tahunan,33,335,11362.0,Transfer Bank,Tidak,Tidak,0.5,1,8.0,2023-09-22,Indonesia,0
PLG-13024,38.0,Perempuan,Surabaya,Basic,10,Tahunan,42,179,7189.0,Transfer Bank,Ya,Tidak,1.3,2,7.0,2022-12-29,Indonesia,0
PLG-13025,41.0,Perempuan,Yogyakarta,Standar,30,Bulanan,10,321,3364.0,Kartu Kredit,Ya,Tidak,1.0,3,8.0,2025-08-10,Indonesia,0
PLG-13027,40.0,Perempuan,Jakarta,Basic,10,2 Tahun,36,180,6480.0,E-Wallet,Tidak,Tidak,0.7,2,,2023-06-22,Indonesia,0
PLG-13028,39.0,Perempuan,Jakarta,Standar,30,Bulanan,5,435,2109.0,E-Wallet,Ya,Ya,2.2,1,9.0,2026-01-03,Indonesia,1
PLG-13029,41.0,Perempuan,Surabaya,Standar,30,2 Tahun,11,302,3157.0,Minimarket,Tidak,Tidak,0.6,1,8.0,2025-07-06,Indonesia,0
PLG-13030,22.0,Perempuan,Jakarta,Standar,30,Bulanan,13,314,4094.0,Transfer Bank,Ya,Tidak,2.4,0,9.0,2025-05-30,Indonesia,0
PLG-13031,33.0,Laki-laki,Bandung,Standar,30,Bulanan,10,414,3972.0,E-Wallet,Tidak,Ya,4.0,2,6.0,2025-08-29,Indonesia,1
PLG-13032,49.0,Laki-laki,Makassar,Basic,10,Tahunan,12,295,3554.0,E-Wallet,Tidak,Ya,2.4,0,7.0,2025-06-20,Indonesia,0
PLG-13034,24.0,Perempuan,Bandung,Basic,10,Bulanan,14,228,3219.0,E-Wallet,Tidak,Tidak,2.9,5,5.0,2025-04-27,Indonesia,1
PLG-13035,30.0,Perempuan,Semarang,Standar,30,Bulanan,10,396,4113.0,Transfer Bank,Tidak,Ya,0.1,0,8.0,2025-08-03,Indonesia,1
PLG-13037,40.0,Perempuan,Jakarta,Standar,30,Bulanan,10,400,3916.0,Minimarket,Tidak,Ya,0.7,2,6.0,2025-08-20,Indonesia,1
PLG-13038,37.0,Laki-laki,Jakarta,Basic,10,Bulanan,23,195,4395.0,E-Wallet,Ya,Tidak,5.0,3,6.0,2024-07-29,Indonesia,0
PLG-13040,20.0,Laki-laki,Semarang,Basic,10,2 Tahun,31,217,6468.0,Minimarket,Tidak,Tidak,0.1,0,7.0,2023-11-27,Indonesia,0
PLG-13041,19.0,Perempuan,Jakarta,Basic,10,Bulanan,18,199,3596.0,Transfer Bank,Ya,Tidak,2.2,0,6.0,2024-12-04,Indonesia,0
PLG-13042,37.0,Laki-laki,Surabaya,Basic,10,2 Tahun,9,194,1746.0,Kartu Kredit,Tidak,Tidak,1.7,2,6.0,2025-09-06,Indonesia,0
PLG-13043,46.0,Laki-laki,Surabaya,Premium,100,Bulanan,10,564,5807.0,Kartu Kredit,Ya,Tidak,0.1,0,8.0,2025-08-03,Indonesia,0
PLG-13044,50.0,Perempuan,Medan,Premium,100,Bulanan,7,556,3811.0,E-Wallet,Ya,Tidak,0.8,1,5.0,2025-11-21,Indonesia,1
PLG-13045,39.0,Perempuan,Bandung,Standar,30,Tahunan,22,344,7512.0,,Ya,Tidak,0.2,0,9.0,2024-08-04,Indonesia,0
PLG-13046,38.0,Perempuan,Yogyakarta,Standar,30,Bulanan,13,319,4162.0,Transfer Bank,Tidak,Tidak,0.5,0,9.0,2025-05-22,Indonesia,0
PLG-13048,32.0,Laki-laki,Jakarta,Basic,10,Tahunan,25,290,7409.0,Transfer Bank,Tidak,Ya,0.3,2,5.0,2024-05-09,Indonesia,1
PLG-13049,34.0,Laki-laki,Surabaya,Standar,30,Bulanan,12,412,4891.0,Transfer Bank,Tidak,Ya,0.7,0,6.0,2025-06-24,Indonesia,0
PLG-13050,29.0,Laki-laki,Medan,Standar,30,2 Tahun,23,349,7749.0,Kartu Kredit,Ya,Tidak,0.4,2,7.0,2024-07-03,Indonesia,0
PLG-13055,35.0,Laki-laki,Surabaya,Basic,10,Bulanan,16,205,3400.0,E-Wallet,Tidak,Tidak,2.7,2,6.0,2025-02-25,Indonesia,1
PLG-13056,53.0,Laki-laki,Makassar,Standar,30,Bulanan,5,413,2055.0,Minimarket,Tidak,Ya,2.4,2,3.0,2026-01-05,Indonesia,1
PLG-13057,51.0,Laki-laki,Semarang,Standar,30,Bulanan,6,402,2363.0,Transfer Bank,Ya,Ya,2.2,1,6.0,2025-12-29,Indonesia,0
PLG-13058,40.0,Perempuan,Bandung,Standar,30,Bulanan,17,317,5300.0,E-Wallet,Tidak,Tidak,1.8,0,8.0,2025-01-20,Indonesia,0
PLG-13059,32.0,Laki-laki,Semarang,Standar,30,Tahunan,40,437,18056.0,Kartu Kredit,Ya,Ya,4.1,0,7.0,2023-02-07,Indonesia,0
PLG-13060,20.0,Perempuan,medan,Standar,30,Bulanan,8,402,3347.0,Minimarket,Tidak,Ya,2.1,2,6.0,2025-10-11,Indonesia,1
PLG-13061,44.0,Perempuan,Yogyakarta,Basic,10,Tahunan,7,195,1351.0,E-Wallet,Tidak,Tidak,1.0,0,8.0,2025-11-04,Indonesia,0
PLG-13063,64.0,Perempuan,Denpasar,Basic,10,Bulanan,11,288,3121.0,Transfer Bank,Ya,Ya,0.1,0,,2025-07-19,Indonesia,0
PLG-13067,19.0,Perempuan,Semarang,Basic,10,Bulanan,7,190,1305.0,E-Wallet,Ya,Tidak,0.5,0,10.0,2025-11-11,Indonesia,0
PLG-13068,18.0,Laki-laki,Surabaya,Basic,10,2 Tahun,72,185,13981.0,Kartu Kredit,Ya,Tidak,1.3,1,8.0,2020-06-09,Indonesia,0
PLG-13069,28.0,Laki-laki,Surabaya,Standar,30,Tahunan,40,431,17817.0,Transfer Bank,Tidak,Ya,0.3,0,8.0,2023-02-05,Indonesia,0
PLG-13070,45.0,Laki-laki,Bandung,Basic,10,Tahunan,11,200,2208.0,Minimarket,Tidak,Tidak,0.3,1,5.0,2025-07-03,Indonesia,0
PLG-13071,25.0,Laki-laki,Bandung,Basic,10,Tahunan,10,165,1575.0,Transfer Bank,Tidak,Tidak,0.0,0,9.0,2025-08-08,Indonesia,0
PLG-13072,55.0,Laki-laki,Jakarta,Standar,30,Tahunan,13,405,5501.0,Transfer Bank,Tidak,Ya,0.5,0,9.0,2025-05-23,Indonesia,0
PLG-13073,47.0,Perempuan,Medan,Standar,30,Bulanan,10,326,,Transfer Bank,Tidak,Tidak,0.8,3,,2025-08-19,Indonesia,0
PLG-13074,20.0,Laki-laki,Semarang,Standar,30,Tahunan,26,348,9392.0,Transfer Bank,Tidak,Tidak,1.9,3,6.0,2024-04-08,Indonesia,0
PLG-13075,43.0,Perempuan,Makassar,Basic,10,Bulanan,11,202,2221.0,E-Wallet,Tidak,Tidak,0.4,1,8.0,2025-07-25,Indonesia,0
PLG-13076,48.0,Perempuan,Bandung,Standar,30,2 Tahun,9,321,,Minimarket,Tidak,Tidak,0.6,2,,2025-09-05,Indonesia,0
PLG-13078,38.0,Perempuan,yogyakarta,Standar,30,Tahunan,36,311,11296.0,Transfer Bank,Tidak,Tidak,3.1,2,2.0,2023-06-26,Indonesia,0
PLG-13079,59.0,Perempuan,Bandung,Standar,30,2 Tahun,24,406,9476.0,Minimarket,Tidak,Ya,1.3,1,,2024-06-11,Indonesia,0
PLG-13080,27.0,Perempuan,Bandung,Basic,10,Tahunan,8,197,1532.0,Kartu Kredit,Tidak,Tidak,0.7,0,5.0,2025-10-04,Indonesia,0
PLG-13082,49.0,Laki-laki,Jakarta,Premium,100,Bulanan,14,566,7561.0,Minimarket,Tidak,Tidak,1.2,0,7.0,2025-04-08,Indonesia,1
PLG-13083,31.0,Perempuan,Jakarta,Basic,10,Tahunan,48,201,9578.0,Minimarket,Tidak,Tidak,3.8,5,4.0,2022-06-18,Indonesia,0
PLG-13084,49.0,Laki-laki,Bandung,Standar,30,Bulanan,14,339,4547.0,E-Wallet,Ya,Tidak,1.1,0,6.0,2025-04-23,Indonesia,0
PLG-13085,53.0,Laki-laki,Surabaya,Basic,10,Tahunan,30,293,8931.0,Transfer Bank,Tidak,Ya,1.5,1,10.0,2023-12-25,Indonesia,0
PLG-13086,25.0,Laki-laki,Denpasar,Premium,100,Bulanan,13,647,8692.0,E-Wallet,Tidak,Ya,2.7,1,8.0,2025-05-12,Indonesia,1
PLG-13087,52.0,Perempuan,Makassar ,Basic,10,Bulanan,13,190,2576.0,Minimarket,Tidak,Tidak,3.5,3,4.0,2025-05-14,Indonesia,1
PLG-13088,50.0,Perempuan,Yogyakarta,Standar,30,2 Tahun,34,329,10989.0,Minimarket,Tidak,Tidak,2.6,1,9.0,2023-08-04,Indonesia,0
PLG-13089,19.0,Laki-laki,Surabaya,Premium,100,Tahunan,17,537,9271.0,E-Wallet,Tidak,Tidak,2.1,2,7.0,2025-01-29,Indonesia,1
PLG-13091,46.0,Perempuan,Medan,Basic,10,Bulanan,42,206,8328.0,Minimarket,Tidak,Tidak,5.1,2,5.0,2022-12-26,Indonesia,0
PLG-13094,18.0,Perempuan,Semarang,Premium,100,Bulanan,7,625,4577.0,E-Wallet,Tidak,Ya,4.7,0,6.0,2025-11-04,Indonesia,1
PLG-13095,47.0,Perempuan,Jakarta,Basic,10,Bulanan,13,219,2980.0,E-Wallet,Tidak,Tidak,0.6,0,10.0,2025-05-11,Indonesia,0
PLG-13096,46.0,Perempuan,Surabaya,Basic,10,2 Tahun,32,198,6346.0,E-Wallet,Tidak,Tidak,1.0,1,9.0,2023-10-18,Indonesia,0
PLG-13097,51.0,Perempuan,Medan,Standar,30,Tahunan,22,325,6894.0,Transfer Bank,Ya,Tidak,1.1,0,,2024-08-23,Indonesia,0
PLG-13100,20.0,Laki-laki,Denpasar,Basic,10,Bulanan,6,190,1164.0,Kartu Kredit,Ya,Tidak,2.2,2,6.0,2025-12-06,Indonesia,1
PLG-13101,,Perempuan,Surabaya,Standar,30,2 Tahun,34,389,13630.0,,Ya,Ya,2.1,0,7.0,2023-08-24,Indonesia,0
PLG-13103,28.0,Perempuan,Semarang,Standar,30,Tahunan,16,328,5079.0,Transfer Bank,Tidak,Tidak,0.8,1,,2025-02-07,Indonesia,0
PLG-13104,41.0,Perempuan,Makassar,Standar,30,2 Tahun,43,324,13536.0,Transfer Bank,Ya,Tidak,1.6,1,4.0,2022-11-14,Indonesia,0
PLG-13105,22.0,Laki-laki,Makassar,Basic,10,Bulanan,14,291,3997.0,Transfer Bank,Ya,Ya,1.1,1,8.0,2025-04-11,Indonesia,0
PLG-13106,31.0,Laki-laki,Denpasar,Basic,10,Bulanan,18,276,5088.0,Transfer Bank,Tidak,Ya,0.1,0,8.0,2024-12-04,Indonesia,0
PLG-13107,29.0,Perempuan,Jakarta,Basic,10,Bulanan,23,215,5021.0,Kartu Kredit,Ya,Tidak,0.5,0,7.0,2024-07-11,Indonesia,0
PLG-13109,42.0,Laki-laki,Denpasar,Standar,30,2 Tahun,38,329,12118.0,Transfer Bank,Tidak,Tidak,1.3,0,,2023-04-05,Indonesia,0
PLG-13110,18.0,Perempuan,Surabaya,Standar,30,2 Tahun,28,331,9636.0,Minimarket,Tidak,Tidak,1.0,0,8.0,2024-02-11,Indonesia,0
PLG-13111,37.0,Laki-laki,Medan,Premium,100,Bulanan,11,544,5859.0,Transfer Bank,Tidak,Tidak,0.7,0,8.0,2025-07-23,Indonesia,0
PLG-13112,23.0,Perempuan,Jakarta,Standar,30,2 Tahun,23,345,7861.0,E-Wallet,Tidak,Tidak,1.8,0,6.0,2024-07-25,Indonesia,0
PLG-13114,41.0,Laki-laki,Surabaya,Standar,30,Bulanan,12,346,4048.0,Minimarket,Tidak,Tidak,2.1,0,6.0,2025-06-14,Indonesia,1
PLG-13117,47.0,Laki-laki,Semarang,Standar,30,Bulanan,13,427,5652.0,Minimarket,Tidak,Ya,1.3,0,9.0,2025-05-12,Indonesia,1
PLG-13118,47.0,Perempuan,Medan,Standar,30,Bulanan,4,414,1662.0,E-Wallet,Ya,Ya,1.6,1,7.0,2026-02-16,Indonesia,0
PLG-13120,25.0,Laki-laki,Yogyakarta,Basic,10,2 Tahun,65,203,13429.0,E-Wallet,Tidak,Tidak,0.2,1,9.0,2021-01-06,Indonesia,0
PLG-13121,46.0,Laki-laki,Jakarta,Standar,30,2 Tahun,72,418,28758.0,E-Wallet,Ya,Ya,0.4,0,7.0,2020-06-23,Indonesia,0
PLG-13122,28.0,Perempuan,Denpasar,Premium,100,Bulanan,14,644,9048.0,Minimarket,Tidak,Ya,3.0,2,7.0,2025-04-30,Indonesia,1
PLG-13124,29.0,Perempuan,Denpasar,Basic,10,2 Tahun,48,180,8262.0,E-Wallet,Ya,Tidak,0.4,0,10.0,2022-06-22,Indonesia,0
PLG-13125,33.0,Laki-laki,Jakarta,Standar,30,2 Tahun,30,335,10538.0,Transfer Bank,Ya,Tidak,1.8,0,6.0,2023-12-20,Indonesia,0
PLG-13126,38.0,Laki-laki,Semarang,Basic,10,2 Tahun,13,199,2706.0,E-Wallet,Tidak,Tidak,7.2,9,1.0,2025-05-05,Indonesia,1
PLG-13127,38.0,Laki-laki,Bandung,Basic,10,Tahunan,13,288,3864.0,E-Wallet,Tidak,Ya,2.2,1,9.0,2025-05-25,Indonesia,1
PLG-13128,30.0,Perempuan,Makassar,Basic,10,Bulanan,16,227,3709.0,Minimarket,Tidak,Tidak,7.5,2,,2025-02-22,Indonesia,1
PLG-13129,34.0,Perempuan,Jakarta,Basic,10,Bulanan,5,189,939.0,Kartu Kredit,Ya,Tidak,1.0,0,9.0,2026-01-28,Indonesia,0
PLG-13130,35.0,Laki-laki,Bandung,Basic,10,Tahunan,8,187,1485.0,E-Wallet,Tidak,Tidak,1.4,1,7.0,2025-10-16,Indonesia,0
PLG-13131,34.0,Laki-laki,Semarang,Basic,10,2 Tahun,17,218,3771.0,E-Wallet,Tidak,Tidak,2.9,6,4.0,2025-01-07,Indonesia,0
PLG-13133,37.0,Laki-laki,Medan,Basic,10,Bulanan,1,190,198.0,Transfer Bank,Tidak,Tidak,2.0,1,,2026-05-31,Indonesia,1
PLG-13134,29.0,Perempuan,Semarang,Basic,10,Bulanan,22,185,3984.0,Minimarket,Tidak,Tidak,0.2,0,,2024-08-28,Indonesia,0
PLG-13137,52.0,Perempuan,yogyakarta,Standar,30,Bulanan,28,358,10398.0,E-Wallet,Tidak,Tidak,1.7,3,7.0,2024-02-07,Indonesia,1
PLG-13138,45.0,Laki-laki,Surabaya,Standar,30,Bulanan,26,330,8912.0,E-Wallet,Ya,Tidak,1.7,2,5.0,2024-04-15,Indonesia,1
PLG-13139,46.0,Perempuan,Medan,Premium,100,Tahunan,7,560,3802.0,Transfer Bank,Tidak,Tidak,2.6,2,5.0,2025-11-16,Indonesia,1
PLG-13141,49.0,Laki-laki,Jakarta,Standar,30,Bulanan,15,416,6297.0,E-Wallet,Tidak,Ya,1.8,1,,2025-03-10,Indonesia,1
PLG-13143,57.0,Perempuan,Bandung,Standar,30,Bulanan,3,325,981.0,,Ya,Tidak,1.7,1,7.0,2026-03-08,Indonesia,0
PLG-13146,31.0,Perempuan,Jakarta,Basic,10,Tahunan,31,195,5750.0,E-Wallet,Tidak,Tidak,2.8,0,5.0,2023-11-09,Indonesia,0
PLG-13147,40.0,Laki-laki,Bandung,Basic,10,Bulanan,14,172,2304.0,Transfer Bank,Tidak,Tidak,0.1,0,,2025-04-22,Indonesia,0
PLG-13148,53.0,Laki-laki,Jakarta,Standar,30,Bulanan,5,345,1725.0,E-Wallet,Tidak,Tidak,2.6,1,7.0,2026-01-25,Indonesia,1
PLG-13149,18.0,Laki-laki,medan,Standar,30,2 Tahun,34,330,10751.0,Minimarket,Tidak,Tidak,1.4,0,7.0,2023-08-07,Indonesia,0
PLG-13150,39.0,Laki-laki,Surabaya,Premium,100,Bulanan,1,530,546.0,Transfer Bank,Tidak,Tidak,0.9,0,7.0,2026-05-21,Indonesia,1
PLG-13152,36.0,Perempuan,Medan ,Standar,30,2 Tahun,13,336,4287.0,Kartu Kredit,Ya,Tidak,1.7,2,9.0,2025-05-29,Indonesia,0
PLG-13153,59.0,Perempuan,Surabaya,Standar,30,Bulanan,6,344,2148.0,Transfer Bank,Tidak,Tidak,1.1,1,8.0,2025-12-25,Indonesia,1
PLG-13155,40.0,Perempuan,Denpasar,Premium,100,Bulanan,7,637,4321.0,E-Wallet,Tidak,Ya,3.2,3,3.0,2025-11-13,Indonesia,1
PLG-13156,32.0,Laki-laki,Surabaya,Premium,100,Bulanan,4,567,2315.0,Transfer Bank,Tidak,Tidak,3.8,2,6.0,2026-02-20,Indonesia,1
PLG-13158,53.0,Perempuan,Surabaya,Standar,30,2 Tahun,8,406,3256.0,E-Wallet,Tidak,Ya,1.4,0,7.0,2025-10-10,Indonesia,0
PLG-13159,47.0,Perempuan,Surabaya,Standar,30,Bulanan,13,330,4333.0,Minimarket,Tidak,Tidak,0.4,1,7.0,2025-05-19,Indonesia,0
PLG-13160,38.0,Laki-laki,Denpasar,Basic,10,Bulanan,5,306,1531.0,E-Wallet,Ya,Ya,0.9,0,9.0,2026-01-10,Indonesia,1
PLG-13161,30.0,Laki-laki,Jakarta,Premium,100,2 Tahun,25,621,15433.0,Kartu Kredit,Ya,Ya,0.7,0,8.0,2024-05-22,Indonesia,0
PLG-13162,39.0,Laki-laki,Denpasar,Basic,10,Bulanan,15,272,4167.0,Transfer Bank,Tidak,Ya,2.3,3,6.0,2025-03-06,Indonesia,1
PLG-13163,25.0,Laki-laki,Makassar,Basic,10,Bulanan,5,213,1032.0,Minimarket,Tidak,Tidak,4.5,6,1.0,2026-01-27,Indonesia,1
PLG-13164,25.0,Laki-laki,Jakarta,Premium,100,Bulanan,22,540,11757.0,,Tidak,Tidak,1.0,1,,2024-08-12,Indonesia,1
PLG-13167,23.0,Laki-laki,Jakarta ,Basic,10,Tahunan,8,183,1460.0,Minimarket,Tidak,Tidak,3.6,3,5.0,2025-10-05,Indonesia,0
PLG-13168,42.0,Laki-laki,Bandung,Basic,10,2 Tahun,15,214,3132.0,E-Wallet,Tidak,Tidak,1.2,0,6.0,2025-03-19,Indonesia,0
PLG-13169,25.0,Laki-laki,Denpasar,Premium,100,Bulanan,7,548,3844.0,Transfer Bank,Ya,Tidak,2.4,5,4.0,2025-11-24,Indonesia,1
PLG-13170,34.0,Perempuan,Yogyakarta,Premium,100,Tahunan,5,545,2608.0,Transfer Bank,Tidak,Tidak,1.0,1,8.0,2026-01-15,Indonesia,1
PLG-13171,21.0,Laki-laki,Jakarta,Basic,10,Bulanan,14,190,2697.0,Minimarket,Tidak,Tidak,3.8,0,5.0,2025-04-21,Indonesia,1
PLG-13172,44.0,Laki-laki,Jakarta,Standar,30,Bulanan,10,395,3977.0,E-Wallet,Ya,Ya,2.6,3,6.0,2025-08-03,Indonesia,1
PLG-13173,29.0,Laki-laki,Semarang,Basic,10,Tahunan,18,208,3866.0,E-Wallet,Ya,Tidak,0.2,0,9.0,2024-12-07,Indonesia,0
PLG-13174,42.0,Perempuan,Medan ,Basic,10,Tahunan,47,207,9482.0,Minimarket,Tidak,Tidak,1.0,0,,2022-07-20,Indonesia,0
PLG-13175,42.0,Laki-laki,Bandung,Basic,10,2 Tahun,60,197,11898.0,E-Wallet,Ya,Tidak,0.8,1,,2021-06-11,Indonesia,0
PLG-13176,69.0,Perempuan,Yogyakarta,Basic,10,Tahunan,15,195,2918.0,,Tidak,Tidak,0.2,0,9.0,2025-03-10,Indonesia,0
PLG-13177,56.0,Laki-laki,Jakarta,Premium,100,2 Tahun,29,631,,E-Wallet,Tidak,Ya,1.3,0,7.0,2024-01-02,Indonesia,0
PLG-13179,54.0,Perempuan,Jakarta,Standar,30,2 Tahun,20,321,6385.0,Minimarket,Tidak,Tidak,0.4,1,6.0,2024-10-28,Indonesia,0
PLG-13180,23.0,Perempuan,Denpasar,Premium,100,Tahunan,34,555,19535.0,Transfer Bank,Tidak,Tidak,0.8,1,9.0,2023-08-17,Indonesia,0
PLG-13182,59.0,Perempuan,Makassar,Standar,30,Bulanan,18,349,6422.0,Kartu Kredit,Tidak,Tidak,1.5,0,6.0,2024-12-18,Indonesia,0
PLG-13183,35.0,Perempuan,Yogyakarta,Basic,10,Bulanan,4,206,835.0,Transfer Bank,Tidak,Tidak,0.5,0,,2026-02-14,Indonesia,0
PLG-13184,40.0,Perempuan,Yogyakarta,Basic,10,Bulanan,18,306,5450.0,Kartu Kredit,Ya,Ya,0.5,0,7.0,2024-12-28,Indonesia,0
PLG-13185,41.0,Laki-laki,Denpasar,Standar,30,Bulanan,10,396,4018.0,Kartu Kredit,Tidak,Ya,2.7,3,4.0,2025-08-12,Indonesia,1
PLG-13186,43.0,Perempuan,BANDUNG,Premium,100,Bulanan,4,549,2102.0,Transfer Bank,Tidak,Tidak,1.4,1,,2026-02-28,Indonesia,1
PLG-13187,34.0,Perempuan,Jakarta,Standar,30,2 Tahun,34,345,11803.0,Minimarket,Tidak,Tidak,1.1,0,7.0,2023-08-11,Indonesia,0
PLG-13188,26.0,Perempuan,Yogyakarta,Standar,30,2 Tahun,31,348,11148.0,Minimarket,Tidak,Tidak,0.3,0,7.0,2023-11-12,Indonesia,0
PLG-13190,38.0,Perempuan,Makassar,Basic,10,Bulanan,22,292,6269.0,Kartu Kredit,Tidak,Ya,1.4,0,7.0,2024-08-03,Indonesia,1
PLG-13191,31.0,Perempuan,Jakarta,Basic,10,Bulanan,26,267,6858.0,Kartu Kredit,Tidak,Ya,1.5,2,6.0,2024-04-27,Indonesia,0
PLG-13192,57.0,Perempuan,Yogyakarta,Premium,100,Tahunan,26,558,14591.0,E-Wallet,Ya,Tidak,0.2,0,,2024-04-16,Indonesia,0
PLG-13194,28.0,Perempuan,Surabaya,Premium,100,Bulanan,9,560,5169.0,Kartu Kredit,Ya,Tidak,2.2,1,5.0,2025-09-12,Indonesia,1
PLG-13195,18.0,Laki-laki,Jakarta,Standar,30,2 Tahun,24,323,7653.0,Transfer Bank,Ya,Tidak,1.6,0,7.0,2024-06-16,Indonesia,0
PLG-13197,45.0,Laki-laki,Surabaya,Standar,30,Bulanan,3,444,1316.0,Transfer Bank,Ya,Ya,1.4,0,7.0,2026-03-16,Indonesia,1
PLG-13199,48.0,Laki-laki,Makassar,Standar,30,2 Tahun,39,351,13033.0,Transfer Bank,Ya,Tidak,0.3,0,6.0,2023-03-07,Indonesia,0
PLG-13200,45.0,Laki-laki,Jakarta,Premium,100,Bulanan,15,549,8516.0,,Tidak,Tidak,0.7,0,7.0,2025-03-28,Indonesia,1
PLG-13202,63.0,Perempuan,Makassar,Basic,10,2 Tahun,6,203,1163.0,Transfer Bank,Tidak,Tidak,2.2,1,8.0,2025-12-20,Indonesia,0
PLG-13205,48.0,Laki-laki,Surabaya,Standar,30,Bulanan,19,352,6733.0,E-Wallet,Tidak,Tidak,1.1,1,7.0,2024-11-04,Indonesia,1
PLG-13206,26.0,Laki-laki,Jakarta,Standar,30,2 Tahun,20,331,6624.0,Transfer Bank,Tidak,Tidak,0.7,1,8.0,2024-10-06,Indonesia,0
PLG-13207,46.0,Laki-laki,Jakarta,Standar,30,Bulanan,7,340,2346.0,Transfer Bank,Tidak,Tidak,0.3,0,9.0,2025-11-22,Indonesia,0
PLG-13208,46.0,Laki-laki,Surabaya,Standar,30,Bulanan,11,437,4818.0,Transfer Bank,Ya,Ya,1.1,2,,2025-07-28,Indonesia,1
PLG-13209,28.0,Perempuan,Yogyakarta,Basic,10,Tahunan,5,278,1390.0,E-Wallet,Tidak,Ya,0.1,0,6.0,2026-01-10,Indonesia,0
PLG-13210,27.0,Perempuan,Medan,Standar,30,Tahunan,54,336,18287.0,Minimarket,Tidak,Tidak,1.7,0,,2021-12-13,Indonesia,0
PLG-13211,31.0,Laki-laki,Jakarta,Premium,100,Tahunan,14,559,7885.0,Transfer Bank,Tidak,Tidak,0.5,2,6.0,2025-04-20,Indonesia,1
PLG-13212,30.0,Perempuan,Jakarta,Standar,30,2 Tahun,42,341,14343.0,Transfer Bank,Tidak,Tidak,2.3,1,7.0,2022-12-10,Indonesia,0
PLG-13213,24.0,Perempuan,MAKASSAR,Premium,100,Bulanan,3,541,1603.0,Transfer Bank,Ya,Tidak,0.9,0,7.0,2026-03-30,Indonesia,1
PLG-13216,29.0,Perempuan,Jakarta,Premium,100,2 Tahun,9,633,5824.0,Transfer Bank,Ya,Ya,1.0,0,9.0,2025-09-17,Indonesia,0
PLG-13217,41.0,Laki-laki,Surabaya,Premium,100,2 Tahun,18,546,9949.0,Transfer Bank,Ya,Tidak,0.9,1,7.0,2024-12-11,Indonesia,0
PLG-13220,27.0,Perempuan,Semarang,Premium,100,Bulanan,6,548,3152.0,Kartu Kredit,Ya,Tidak,3.9,2,7.0,2025-12-09,Indonesia,1
PLG-13221,24.0,Laki-laki,Denpasar,Standar,30,Bulanan,9,416,3763.0,Minimarket,Tidak,Ya,0.6,2,7.0,2025-09-25,Indonesia,1
PLG-13222,35.0,Perempuan,Jakarta,Premium,100,Bulanan,11,638,6707.0,Kartu Kredit,Ya,Ya,3.1,1,6.0,2025-07-26,Indonesia,1
PLG-13223,39.0,Perempuan,Bandung,Basic,10,Tahunan,29,202,6059.0,Transfer Bank,Tidak,Tidak,3.6,2,3.0,2024-01-14,Indonesia,1
PLG-13224,53.0,Perempuan,Jakarta,Standar,30,2 Tahun,53,327,16786.0,Kartu Kredit,Tidak,Tidak,1.0,2,5.0,2022-01-02,Indonesia,0
PLG-13225,47.0,Laki-laki,Jakarta,Premium,100,Bulanan,10,548,5655.0,Minimarket,Tidak,Tidak,1.9,1,5.0,2025-08-29,Indonesia,1
PLG-13227,,Laki-laki,Surabaya,Basic,10,Tahunan,28,181,5092.0,Kartu Kredit,Ya,Tidak,1.6,3,5.0,2024-02-21,Indonesia,0
PLG-13229,35.0,Perempuan,Jakarta ,Standar,30,2 Tahun,72,416,30067.0,Transfer Bank,Tidak,Ya,0.3,0,9.0,2020-06-05,Indonesia,0
PLG-13230,35.0,Laki-laki,Surabaya,Premium,100,Tahunan,17,532,9281.0,E-Wallet,Ya,Tidak,0.2,0,,2025-01-29,Indonesia,0
PLG-13232,29.0,Laki-laki,Bandung,Standar,30,Tahunan,13,335,4505.0,Minimarket,Tidak,Tidak,1.5,2,8.0,2025-05-12,Indonesia,0
PLG-13233,37.0,Laki-laki,Surabaya,Premium,100,Bulanan,16,557,8581.0,,Ya,Tidak,0.9,0,8.0,2025-02-22,Indonesia,1
PLG-13234,46.0,Laki-laki,Yogyakarta,Standar,30,Bulanan,7,403,2857.0,E-Wallet,Tidak,Ya,0.3,1,8.0,2025-11-10,Indonesia,0
PLG-13235,37.0,Perempuan,Yogyakarta,Standar,30,Bulanan,16,313,5187.0,Kartu Kredit,Tidak,Tidak,1.3,1,5.0,2025-02-20,Indonesia,0
PLG-13236,37.0,Laki-laki,Medan,Standar,30,2 Tahun,72,426,30405.0,E-Wallet,Tidak,Ya,1.2,1,9.0,2020-06-14,Indonesia,0
PLG-13237,21.0,Laki-laki,Yogyakarta,Basic,10,Bulanan,6,194,1177.0,Transfer Bank,Ya,Tidak,2.2,0,6.0,2025-12-28,Indonesia,1
PLG-13238,45.0,Laki-laki,Surabaya,Basic,10,Tahunan,22,202,,Transfer Bank,Ya,Tidak,2.1,2,7.0,2024-08-05,Indonesia,0
PLG-13240,43.0,Laki-laki,Makassar,Standar,30,Bulanan,9,340,3186.0,Transfer Bank,Ya,Tidak,2.5,0,,2025-09-05,Indonesia,0
PLG-13241,31.0,Perempuan,Jakarta,Basic,10,Bulanan,6,272,1687.0,Transfer Bank,Ya,Ya,1.3,0,9.0,2025-12-12,Indonesia,0
PLG-13244,48.0,Laki-laki,Yogyakarta,Basic,10,Tahunan,12,289,3560.0,E-Wallet,Tidak,Ya,0.6,0,10.0,2025-06-19,Indonesia,0
PLG-13247,30.0,Laki-laki,Surabaya,Standar,30,Bulanan,24,414,10269.0,Transfer Bank,Tidak,Ya,0.7,0,8.0,2024-06-28,Indonesia,0
PLG-13248,40.0,Laki-laki,Surabaya,Basic,10,2 Tahun,30,203,5799.0,Minimarket,Tidak,Tidak,1.1,2,7.0,2023-12-17,Indonesia,0
PLG-13250,36.0,Laki-laki,Jakarta,Standar,30,Bulanan,10,327,3196.0,Transfer Bank,Ya,Tidak,0.2,0,7.0,2025-08-12,Indonesia,1
PLG-13252,50.0,Laki-laki,Denpasar,Standar,30,Bulanan,6,332,2067.0,Transfer Bank,Tidak,Tidak,0.7,1,8.0,2025-12-07,Indonesia,1
PLG-13253,18.0,Perempuan,Denpasar,Basic,10,Bulanan,24,295,7308.0,Transfer Bank,Tidak,Ya,6.7,4,3.0,2024-06-15,Indonesia,1
PLG-13254,24.0,Laki-laki,Surabaya,Basic,10,2 Tahun,38,204,7436.0,Transfer Bank,Ya,Tidak,1.0,0,7.0,2023-04-18,Indonesia,0
PLG-13255,41.0,Perempuan,Jakarta,Standar,30,Bulanan,4,337,1376.0,Kartu Kredit,Tidak,Tidak,0.6,0,8.0,2026-02-18,Indonesia,0
PLG-13256,55.0,Perempuan,Jakarta,Premium,100,2 Tahun,72,553,38280.0,E-Wallet,Tidak,Tidak,4.8,5,,2020-06-17,Indonesia,1
PLG-13259,24.0,Perempuan,Jakarta,Premium,100,2 Tahun,36,564,21164.0,Transfer Bank,Tidak,Tidak,2.5,1,5.0,2023-06-08,Indonesia,0
PLG-13261,26.0,Laki-laki,Makassar,Premium,100,Bulanan,11,550,5785.0,E-Wallet,Ya,Tidak,1.8,2,8.0,2025-07-05,Indonesia,1
PLG-13263,41.0,Perempuan,Surabaya,Standar,30,Bulanan,6,334,2026.0,Transfer Bank,Ya,Tidak,1.7,0,6.0,2025-12-21,Indonesia,0
PLG-13264,47.0,Perempuan,Jakarta,Standar,30,2 Tahun,29,315,8703.0,E-Wallet,Ya,Tidak,0.4,2,6.0,2024-01-06,Indonesia,0
PLG-13265,34.0,Laki-laki,Medan,Basic,10,Tahunan,23,188,4253.0,,Tidak,Tidak,0.7,0,10.0,2024-07-26,Indonesia,0
PLG-13268,46.0,Laki-laki,Makassar,Basic,10,Tahunan,33,194,6379.0,E-Wallet,Tidak,Tidak,1.6,0,7.0,2023-09-24,Indonesia,0
PLG-13269,41.0,Perempuan,Makassar,Premium,100,Bulanan,17,632,11116.0,,Ya,Ya,1.0,2,10.0,2025-01-26,Indonesia,1
PLG-13270,43.0,Laki-laki,Surabaya,Standar,30,Tahunan,14,336,4522.0,E-Wallet,Tidak,Tidak,2.3,1,3.0,2025-04-18,Indonesia,1
PLG-13271,28.0,Perempuan,Jakarta,Basic,10,Bulanan,24,205,4847.0,Kartu Kredit,Tidak,Tidak,2.7,3,,2024-06-12,Indonesia,1
PLG-13276,32.0,Perempuan,Medan,Standar,30,Bulanan,7,319,2300.0,Kartu Kredit,Ya,Tidak,0.6,1,9.0,2025-11-13,Indonesia,0
PLG-13277,26.0,Perempuan,Surabaya,Basic,10,Bulanan,11,201,2217.0,Minimarket,Tidak,Tidak,0.2,0,9.0,2025-07-14,Indonesia,0
PLG-13278,31.0,Perempuan,Surabaya,Basic,10,Bulanan,6,295,1854.0,Kartu Kredit,Tidak,Ya,1.3,0,7.0,2025-12-02,Indonesia,0
PLG-13279,,Perempuan,Denpasar,Standar,30,Bulanan,5,329,1687.0,Minimarket,Tidak,Tidak,0.6,1,8.0,2026-01-12,Indonesia,0
PLG-13280,33.0,Perempuan,Surabaya,Standar,30,2 Tahun,41,430,18318.0,E-Wallet,Ya,Ya,1.8,1,6.0,2023-01-27,Indonesia,0
PLG-13284,52.0,Laki-laki,Jakarta,Standar,30,Bulanan,6,330,1969.0,Minimarket,Tidak,Tidak,2.4,2,,2025-12-12,Indonesia,1
PLG-13285,40.0,Laki-laki,Jakarta ,Standar,30,Bulanan,1,411,414.0,E-Wallet,Ya,Ya,0.3,0,10.0,2026-05-15,Indonesia,1
PLG-13286,40.0,Perempuan,Bandung,Standar,30,2 Tahun,72,336,23302.0,Kartu Kredit,Tidak,Tidak,0.0,1,8.0,2020-06-28,Indonesia,0
PLG-13287,33.0,Laki-laki,Surabaya,Basic,10,2 Tahun,52,222,11520.0,Transfer Bank,Tidak,Tidak,1.5,2,7.0,2022-02-06,Indonesia,0
PLG-13290,,Perempuan,Medan,Premium,100,Tahunan,24,539,12837.0,Minimarket,Tidak,Tidak,1.1,1,8.0,2024-06-13,Indonesia,0
PLG-13291,18.0,Laki-laki,Semarang,Standar,30,Bulanan,13,307,4074.0,Kartu Kredit,Ya,Tidak,2.1,0,6.0,2025-05-09,Indonesia,0
PLG-13292,33.0,Perempuan,Jakarta,Basic,10,Tahunan,11,277,,Minimarket,Tidak,Ya,3.3,6,4.0,2025-07-12,Indonesia,1
PLG-13294,37.0,Perempuan,Jakarta,Standar,30,2 Tahun,36,407,14154.0,Transfer Bank,Tidak,Ya,1.7,1,7.0,2023-06-04,Indonesia,0
PLG-13296,19.0,Laki-laki,Denpasar,Standar,30,2 Tahun,72,349,24514.0,Transfer Bank,Tidak,Tidak,0.9,1,,2020-06-03,Indonesia,0
PLG-13298,36.0,Perempuan,Jakarta,Standar,30,Bulanan,12,322,3991.0,Transfer Bank,Ya,Tidak,0.9,0,7.0,2025-06-26,Indonesia,0
PLG-13299,22.0,Perempuan,Jakarta,Standar,30,Tahunan,33,423,13804.0,Kartu Kredit,Ya,Ya,0.1,0,5.0,2023-09-03,Indonesia,0
PLG-13300,37.0,Perempuan,Jakarta,Basic,10,Bulanan,3,269,847.0,E-Wallet,Tidak,Ya,1.2,0,7.0,2026-03-29,Indonesia,0
PLG-13300,37.0,Perempuan,Jakarta,Basic,10,Bulanan,3,269,847.0,E-Wallet,Tidak,Ya,1.2,0,7.0,2026-03-29,Indonesia,0
PLG-13302,48.0,Perempuan,Bandung,Basic,10,Bulanan,16,194,3005.0,Transfer Bank,Tidak,Tidak,3.6,1,7.0,2025-02-12,Indonesia,0
PLG-13303,33.0,Laki-laki,Semarang,Basic,10,Tahunan,72,295,21285.0,Transfer Bank,Ya,Ya,0.6,0,7.0,2020-06-15,Indonesia,0
PLG-13304,37.0,Perempuan,Denpasar,Premium,100,2 Tahun,10,538,5476.0,Minimarket,Tidak,Tidak,0.6,1,9.0,2025-08-09,Indonesia,0
PLG-13305,40.0,Perempuan,Medan,Premium,100,Bulanan,10,636,6470.0,Transfer Bank,Ya,Ya,2.4,1,8.0,2025-08-28,Indonesia,1
PLG-13306,40.0,Perempuan,Bandung,Basic,10,Bulanan,5,289,1386.0,Kartu Kredit,Tidak,Ya,0.7,1,9.0,2026-01-24,Indonesia,0
PLG-13307,55.0,Laki-laki,Jakarta,Basic,10,Tahunan,21,195,3963.0,Kartu Kredit,Ya,Tidak,1.6,1,6.0,2024-09-09,Indonesia,0
PLG-13308,39.0,Perempuan,Jakarta,Basic,10,Bulanan,8,257,2057.0,Minimarket,Tidak,Ya,3.1,3,6.0,2025-10-05,Indonesia,1
PLG-13309,29.0,Laki-laki,Surabaya ,Basic,10,Tahunan,22,265,5947.0,Transfer Bank,Tidak,Ya,1.4,2,5.0,2024-08-20,Indonesia,0
PLG-13310,32.0,Perempuan,Medan,Standar,30,2 Tahun,67,320,21373.0,Transfer Bank,Ya,Tidak,2.8,2,7.0,2020-11-13,Indonesia,0
PLG-13311,29.0,Laki-laki,Jakarta,Standar,30,2 Tahun,30,323,10080.0,E-Wallet,Tidak,Tidak,0.8,0,7.0,2023-12-04,Indonesia,0
PLG-13312,47.0,Perempuan,Yogyakarta,Basic,10,Tahunan,52,193,9937.0,E-Wallet,Tidak,Tidak,1.5,1,5.0,2022-02-13,Indonesia,0
PLG-13314,40.0,Perempuan,Jakarta,Standar,30,2 Tahun,3,321,940.0,Minimarket,Tidak,Tidak,0.2,0,8.0,2026-03-24,Indonesia,0
PLG-13315,38.0,Laki-laki,JAKARTA,Premium,100,2 Tahun,23,565,12654.0,Kartu Kredit,Tidak,Tidak,1.6,2,6.0,2024-07-04,Indonesia,0
PLG-13317,20.0,Laki-laki,Bandung,Basic,10,Bulanan,11,300,3414.0,Minimarket,Tidak,Ya,1.2,1,6.0,2025-07-07,Indonesia,1
PLG-13319,52.0,Perempuan,Jakarta,Premium,100,Tahunan,53,633,32779.0,Kartu Kredit,Ya,Ya,0.5,0,5.0,2022-01-06,Indonesia,0
PLG-13321,48.0,Perempuan,Bandung,Basic,10,Tahunan,6,213,1287.0,E-Wallet,Tidak,Tidak,0.9,1,7.0,2025-12-27,Indonesia,0
PLG-13322,18.0,Perempuan,Medan,Basic,10,2 Tahun,23,284,6802.0,E-Wallet,Tidak,Ya,0.9,2,,2024-07-03,Indonesia,0
PLG-13323,19.0,Laki-laki,Makassar,Basic,10,Bulanan,13,200,,Minimarket,Tidak,Tidak,2.0,2,7.0,2025-05-04,Indonesia,0
PLG-13324,18.0,Perempuan,Denpasar,Standar,30,Tahunan,20,431,8489.0,Minimarket,Tidak,Ya,1.6,1,9.0,2024-10-14,Indonesia,0
PLG-13325,38.0,Perempuan,Surabaya,Basic,10,2 Tahun,40,184,7500.0,Kartu Kredit,Ya,Tidak,2.2,2,,2023-02-05,Indonesia,0
PLG-13329,37.0,Laki-laki,Surabaya,Premium,100,Tahunan,23,559,12763.0,E-Wallet,Tidak,Tidak,2.9,0,7.0,2024-07-13,Indonesia,0
PLG-13330,37.0,Laki-laki,Jakarta,Basic,10,Bulanan,3,275,826.0,E-Wallet,Tidak,Ya,0.6,1,8.0,2026-03-31,Indonesia,0
PLG-13332,42.0,Perempuan,Bandung,Basic,10,Tahunan,16,188,2937.0,E-Wallet,Ya,Tidak,0.1,0,8.0,2025-02-03,Indonesia,0
PLG-13333,34.0,Laki-laki,Surabaya ,Standar,30,Tahunan,22,401,9203.0,E-Wallet,Ya,Ya,1.6,1,10.0,2024-08-26,Indonesia,0
PLG-13334,37.0,Laki-laki,Jakarta,Basic,10,Bulanan,3,190,554.0,E-Wallet,Tidak,Tidak,0.5,0,9.0,2026-03-13,Indonesia,0
PLG-13336,44.0,Laki-laki,Denpasar,Standar,30,Bulanan,23,324,7449.0,Minimarket,Tidak,Tidak,0.8,0,10.0,2024-07-30,Indonesia,0
PLG-13337,47.0,Laki-laki,Makassar,Standar,30,Bulanan,50,334,16218.0,Kartu Kredit,Ya,Tidak,3.0,0,7.0,2022-04-21,Indonesia,0
PLG-13338,45.0,Laki-laki,Yogyakarta,Standar,30,Tahunan,28,339,9517.0,E-Wallet,Tidak,Tidak,0.4,1,6.0,2024-02-27,Indonesia,0
PLG-13340,30.0,Perempuan,Jakarta,Premium,100,Tahunan,18,567,10273.0,Minimarket,Tidak,Tidak,1.8,2,6.0,2024-12-18,Indonesia,1
PLG-13341,43.0,Laki-laki,Jakarta,Premium,100,Tahunan,6,643,3997.0,Minimarket,Tidak,Ya,2.3,3,6.0,2025-12-20,Indonesia,1
PLG-13342,18.0,Perempuan,Makassar,Standar,30,Bulanan,9,329,2881.0,Minimarket,Tidak,Tidak,2.7,1,6.0,2025-09-13,Indonesia,1
PLG-13343,46.0,Perempuan,Yogyakarta,Standar,30,Tahunan,11,408,4560.0,Transfer Bank,Tidak,Ya,2.5,1,8.0,2025-07-22,Indonesia,0
PLG-13344,27.0,Perempuan,Jakarta,Premium,100,2 Tahun,17,548,9313.0,Transfer Bank,Tidak,Tidak,0.7,1,,2025-01-08,Indonesia,0
PLG-13345,28.0,Laki-laki,Yogyakarta,Basic,10,Bulanan,25,190,4580.0,Transfer Bank,Tidak,Tidak,0.7,0,10.0,2024-05-21,Indonesia,0
PLG-13347,39.0,Laki-laki,Surabaya,Standar,30,Bulanan,7,346,2362.0,Transfer Bank,Tidak,Tidak,1.7,0,8.0,2025-11-15,Indonesia,0
PLG-13349,36.0,Perempuan,Jakarta,Premium,100,Tahunan,48,546,24967.0,E-Wallet,Tidak,Tidak,1.0,0,7.0,2022-06-15,Indonesia,0
PLG-13350,48.0,Laki-laki,JAKARTA,Standar,30,Bulanan,26,313,7768.0,E-Wallet,Tidak,Tidak,3.8,1,9.0,2024-04-13,Indonesia,0
PLG-13352,,Perempuan,Makassar,Standar,30,Bulanan,5,337,1736.0,Minimarket,Tidak,Tidak,2.8,2,4.0,2026-01-03,Indonesia,1
PLG-13353,41.0,Laki-laki,Surabaya,Premium,100,Tahunan,10,544,5222.0,E-Wallet,Tidak,Tidak,0.3,1,5.0,2025-08-04,Indonesia,0
PLG-13354,25.0,Laki-laki,Surabaya,Premium,100,2 Tahun,72,663,48298.0,Transfer Bank,Tidak,Ya,0.2,1,10.0,2020-06-23,Indonesia,0
PLG-13356,40.0,Perempuan,Yogyakarta,Basic,10,Bulanan,3,179,543.0,Transfer Bank,Ya,Tidak,1.7,1,7.0,2026-03-17,Indonesia,0
PLG-13357,33.0,Perempuan,Surabaya,Basic,10,Bulanan,17,286,4902.0,Kartu Kredit,Ya,Ya,1.0,2,,2025-01-07,Indonesia,0
PLG-13358,38.0,Laki-laki,Jakarta,Basic,10,Tahunan,12,193,2243.0,E-Wallet,Tidak,Tidak,0.6,0,8.0,2025-06-06,Indonesia,0
PLG-13359,42.0,Perempuan,Jakarta,Standar,30,Tahunan,2,316,603.0,Transfer Bank,Ya,Tidak,0.3,0,8.0,2026-04-10,Indonesia,0
PLG-13362,35.0,Perempuan,Denpasar,Basic,10,Tahunan,26,184,4833.0,Minimarket,Tidak,Tidak,0.9,0,8.0,2024-04-21,Indonesia,0
PLG-13363,34.0,Perempuan,Denpasar,Basic,10,Tahunan,23,210,4990.0,E-Wallet,Ya,Tidak,3.0,2,6.0,2024-07-19,Indonesia,0
PLG-13365,29.0,Laki-laki,Surabaya,Basic,10,Bulanan,39,268,9988.0,Transfer Bank,Tidak,Ya,0.9,0,10.0,2023-03-09,Indonesia,0
PLG-13367,36.0,Laki-laki,Medan,Basic,10,Tahunan,52,274,14130.0,Kartu Kredit,Tidak,Ya,2.1,0,7.0,2022-02-22,Indonesia,0
PLG-13368,49.0,Laki-laki,Bandung,Basic,10,Tahunan,6,197,1208.0,Kartu Kredit,Ya,Tidak,1.5,1,8.0,2025-12-26,Indonesia,0
PLG-13369,67.0,Perempuan,Bandung,Standar,30,2 Tahun,69,350,24630.0,Transfer Bank,Tidak,Tidak,0.8,0,7.0,2020-09-29,Indonesia,0
PLG-13370,18.0,Perempuan,Jakarta,Standar,30,Bulanan,16,412,6423.0,Transfer Bank,Ya,Ya,2.4,2,6.0,2025-02-22,Indonesia,0
PLG-13373,37.0,Perempuan,Jakarta,Standar,30,2 Tahun,20,342,6928.0,Kartu Kredit,Tidak,Tidak,0.9,1,8.0,2024-10-13,Indonesia,0
PLG-13374,41.0,Laki-laki,Bandung,Premium,100,Tahunan,31,542,16250.0,Minimarket,Tidak,Tidak,0.5,0,,2023-11-19,Indonesia,0
PLG-13375,18.0,Laki-laki,Jakarta,Basic,10,Tahunan,64,284,17813.0,Minimarket,Tidak,Ya,0.6,0,9.0,2021-02-06,Indonesia,0
PLG-13376,20.0,Laki-laki,Denpasar,Standar,30,Tahunan,26,341,8557.0,Transfer Bank,Ya,Tidak,0.3,0,8.0,2024-04-12,Indonesia,0
PLG-13378,45.0,Perempuan,Jakarta,Standar,30,Tahunan,32,340,10778.0,Transfer Bank,Tidak,Tidak,1.0,0,5.0,2023-10-24,Indonesia,0
PLG-13379,42.0,Perempuan,medan,Standar,30,Bulanan,4,411,1588.0,E-Wallet,Tidak,Ya,1.5,0,,2026-02-22,Indonesia,1
PLG-13380,36.0,Perempuan,Jakarta,Standar,30,2 Tahun,35,357,12990.0,E-Wallet,Tidak,Tidak,1.9,4,4.0,2023-07-15,Indonesia,0
PLG-13382,40.0,Laki-laki,Makassar,Standar,30,Bulanan,6,427,2520.0,E-Wallet,Tidak,Ya,1.2,1,,2025-12-04,Indonesia,1
PLG-13383,40.0,Perempuan,Bandung,Standar,30,Bulanan,32,333,10514.0,Transfer Bank,Tidak,Tidak,0.9,0,9.0,2023-10-25,Indonesia,0
PLG-13385,33.0,Perempuan,Medan,Basic,10,2 Tahun,72,198,14264.0,Kartu Kredit,Tidak,Tidak,1.6,0,5.0,2020-06-07,Indonesia,0
PLG-13386,30.0,Perempuan,Jakarta,Standar,30,2 Tahun,8,334,2709.0,Transfer Bank,Ya,Tidak,0.2,0,8.0,2025-10-05,Indonesia,0
PLG-13387,52.0,Perempuan,Makassar,Premium,100,Bulanan,3,628,1908.0,E-Wallet,Tidak,Ya,3.1,1,8.0,2026-03-13,Indonesia,1
PLG-13388,48.0,Laki-laki,Bandung,Premium,100,Tahunan,30,538,16939.0,Minimarket,Tidak,Tidak,2.0,2,5.0,2023-12-16,Indonesia,0
PLG-13390,67.0,Laki-laki,Medan,Standar,30,Tahunan,24,443,10203.0,Transfer Bank,Tidak,Ya,3.0,1,7.0,2024-06-27,Indonesia,0
PLG-13392,63.0,Perempuan,Jakarta,Premium,100,Bulanan,8,565,4705.0,Minimarket,Tidak,Tidak,2.0,0,8.0,2025-10-19,Indonesia,1
PLG-13393,23.0,Laki-laki,Yogyakarta,Basic,10,Tahunan,26,190,4981.0,Kartu Kredit,Tidak,Tidak,1.8,4,7.0,2024-04-28,Indonesia,0
PLG-13394,32.0,Laki-laki,Makassar,Basic,10,Bulanan,5,205,982.0,Transfer Bank,Ya,Tidak,0.2,0,6.0,2026-01-13,Indonesia,0
PLG-13395,33.0,Laki-laki,Bandung,Standar,30,2 Tahun,15,353,5199.0,,Ya,Tidak,1.7,0,7.0,2025-03-15,Indonesia,0
PLG-13396,46.0,Perempuan,Makassar,Basic,10,2 Tahun,39,207,7852.0,E-Wallet,Ya,Tidak,4.8,2,7.0,2023-03-28,Indonesia,0
PLG-13399,43.0,Laki-laki,Surabaya,Standar,30,Bulanan,40,403,16042.0,E-Wallet,Tidak,Ya,1.0,0,8.0,2023-02-10,Indonesia,0
PLG-13400,29.0,Perempuan,Yogyakarta,Standar,30,Bulanan,6,305,1838.0,Transfer Bank,Ya,Tidak,3.1,1,,2025-12-15,Indonesia,0
